[     0.0s] legolaselpeloterov4 - THE CANNON. Gates, then the dual-path certification, then (4,13).
[     0.0s] building Gram (4,3): 405 planes (raw int8 0 MB)
[     0.0s] Gram (4,3) built
[     0.0s]   [g1] level 0 done: 19 divisors; residual 386x386 (in-place)
[     0.0s]   [g1] level 1 done: 1 divisors; residual 385x385 (in-place)
[     0.0s]   [g1] level 2 done: 1 divisors; residual 384x384 (in-place)
[     0.0s]   [g1] level 3 done: 0 divisors; residual 384x384 (in-place)
GATE (4,3) p=3 in-place: {0: 19, 1: 1, 2: 1, 3: 0}
[     0.0s] GATE (4,3) -> PASS
[     0.0s] building Gram (4,4): 960 planes (raw int8 1 MB)
[     0.0s] Gram (4,4) built
[     0.1s]   [g2] level 0 done: 100 divisors; residual 860x860 (in-place)
[     0.1s]   [g2] level 1 done: 2 divisors; residual 858x858 (in-place)
[     0.1s]   [g2] level 2 done: 4 divisors; residual 854x854 (in-place)
[     0.1s]   [g2] level 3 done: 30 divisors; residual 824x824 (in-place)
[     0.1s]   [g2] level 4 done: 4 divisors; residual 820x820 (in-place)
[     0.1s]   [g2] level 5 done: 2 divisors; residual 818x818 (in-place)
[     0.1s]   [g2] level 6 done: 0 divisors; residual 818x818 (in-place)
[     0.1s]   [g2] level 7 done: 0 divisors; residual 818x818 (in-place)
GATE (4,4) p=2 in-place: rank 142 heights {0: 100, 1: 2, 2: 4, 3: 30, 4: 4, 5: 2}
[     0.1s] GATE (4,4) vs AMV Table 1 -> PASS
[     0.1s] building Gram (4,5): 1875 planes (raw int8 3 MB)
[     0.2s] Gram (4,5) built
[     2.2s]   [dual-2buf] level 0 done: 166 divisors; residual 1709x1709
[     4.2s]   [dual-2buf] level 1 done: 174 divisors; residual 1535x1535
[     4.7s]   [dual-2buf] level 2 done: 54 divisors; residual 1481x1481
[     4.7s]   [dual-2buf] level 3 done: 7 divisors; residual 1474x1474
[     4.7s]   [dual-2buf] level 4 done: 0 divisors; residual 1474x1474
[     4.7s]   [dual-2buf] level 5 done: 0 divisors; residual 1474x1474
[     4.7s]   [dual-2buf] level 6 done: 0 divisors; residual 1474x1474
[     4.7s]   [dual-2buf] level 7 done: 0 divisors; residual 1474x1474
[     6.7s]   [dual-inpl] level 0 done: 166 divisors; residual 1709x1709 (in-place)
[     8.7s]   [dual-inpl] level 1: 168 pivots (col 1369/1709, rows 1709)
[     8.8s]   [dual-inpl] level 1 done: 174 divisors; residual 1535x1535 (in-place)
[     9.3s]   [dual-inpl] level 2 done: 54 divisors; residual 1481x1481 (in-place)
[     9.3s]   [dual-inpl] level 3 done: 7 divisors; residual 1474x1474 (in-place)
[     9.3s]   [dual-inpl] level 4 done: 0 divisors; residual 1474x1474 (in-place)
[     9.3s]   [dual-inpl] level 5 done: 0 divisors; residual 1474x1474 (in-place)
[     9.3s]   [dual-inpl] level 6 done: 0 divisors; residual 1474x1474 (in-place)
[     9.3s]   [dual-inpl] level 7 done: 0 divisors; residual 1474x1474 (in-place)
DUAL-PATH (4,5): two-buffer {166,174,54,7} | in-place {166,174,54,7}
[     9.3s] DUAL-PATH CERTIFICATION -> CERTIFIED (byte-identical, equals acta)
[     9.3s] building Gram fam d=13: 2197 planes (raw int8 5 MB)
[     9.4s] Gram fam d=13 built
[    10.4s]   [sf13] level 0 done: 35 divisors; residual 2162x2162 (in-place)
[    11.4s]   [sf13] level 1 done: 363 divisors; residual 1799x1799 (in-place)
[    13.2s]   [sf13] level 2 done: 1331 divisors; residual 468x468 (in-place)
[    13.2s]   [sf13] level 3 done: 0 divisors; residual 468x468 (in-place)
[    13.2s]   [sf13] level 4 done: 0 divisors; residual 468x468 (in-place)
SEAL TEST fam d=13: rank 1729 heights {0: 35, 1: 363, 2: 1331}
[    13.2s] SEAL TEST flat law 11th degree -> HIT, continuing
[    13.2s] THE SHOT: (4,13), 32955 planes. SEALED ON THE ACTA: rank 19921 | H: c0 1319, c2 7516, c4 50 | guess hmax 4.
[    13.2s] RAM ledger: raw int8 1.01 GiB; single u32 buffer 4.05 GiB; SUSTAINED PEAK 5.06 GiB (guard 5.4, margin 0.34)
[    13.2s] building Gram (4,13): 32955 planes (raw int8 1036 MB)
[    15.2s]   Gram (4,13) rows 2616/32955
[    17.2s]   Gram (4,13) rows 5678/32955
[    19.2s]   Gram (4,13) rows 9100/32955
[    21.2s]   Gram (4,13) rows 12882/32955
[    23.2s]   Gram (4,13) rows 17604/32955
[    25.2s]   Gram (4,13) rows 24835/32955
[    26.0s] Gram (4,13) built
[    29.9s]   [4,13] rank pass: 5 pivots (col 5/32955)
[    33.1s]   [4,13] rank pass: 7 pivots (col 7/32955)
[    36.8s]   [4,13] rank pass: 9 pivots (col 9/32955)
[    40.9s]   [4,13] rank pass: 11 pivots (col 11/32955)
[    43.4s]   [4,13] rank pass: 12 pivots (col 12/32955)
[    45.9s]   [4,13] rank pass: 13 pivots (col 13/32955)
[    48.4s]   [4,13] rank pass: 14 pivots (col 14/32955)
[    50.9s]   [4,13] rank pass: 15 pivots (col 15/32955)
[    53.3s]   [4,13] rank pass: 16 pivots (col 16/32955)
[    57.1s]   [4,13] rank pass: 18 pivots (col 18/32955)
[    60.3s]   [4,13] rank pass: 20 pivots (col 20/32955)
[    62.6s]   [4,13] rank pass: 22 pivots (col 22/32955)
[    66.5s]   [4,13] rank pass: 26 pivots (col 27/32955)
[    69.0s]   [4,13] rank pass: 27 pivots (col 28/32955)
[    71.6s]   [4,13] rank pass: 28 pivots (col 29/32955)
[    73.7s]   [4,13] rank pass: 29 pivots (col 30/32955)
[    77.4s]   [4,13] rank pass: 31 pivots (col 32/32955)
[    80.4s]   [4,13] rank pass: 33 pivots (col 34/32955)
[    82.5s]   [4,13] rank pass: 35 pivots (col 36/32955)
[    85.7s]   [4,13] rank pass: 38 pivots (col 40/32955)
[    87.8s]   [4,13] rank pass: 39 pivots (col 41/32955)
[    90.3s]   [4,13] rank pass: 40 pivots (col 42/32955)
[    92.9s]   [4,13] rank pass: 41 pivots (col 43/32955)
[    95.3s]   [4,13] rank pass: 42 pivots (col 44/32955)
[    98.9s]   [4,13] rank pass: 44 pivots (col 46/32955)
[   101.8s]   [4,13] rank pass: 46 pivots (col 48/32955)
[   105.7s]   [4,13] rank pass: 50 pivots (col 53/32955)
[   107.8s]   [4,13] rank pass: 51 pivots (col 54/32955)
[   110.0s]   [4,13] rank pass: 52 pivots (col 55/32955)
[   112.5s]   [4,13] rank pass: 53 pivots (col 56/32955)
[   115.0s]   [4,13] rank pass: 54 pivots (col 57/32955)
[   117.3s]   [4,13] rank pass: 55 pivots (col 58/32955)
[   120.7s]   [4,13] rank pass: 57 pivots (col 60/32955)
[   123.3s]   [4,13] rank pass: 59 pivots (col 62/32955)
[   125.9s]   [4,13] rank pass: 62 pivots (col 66/32955)
[   130.0s]   [4,13] rank pass: 64 pivots (col 68/32955)
[   132.3s]   [4,13] rank pass: 65 pivots (col 69/32955)
[   134.6s]   [4,13] rank pass: 66 pivots (col 70/32955)
[   136.9s]   [4,13] rank pass: 67 pivots (col 71/32955)
[   140.8s]   [4,13] rank pass: 69 pivots (col 73/32955)
[   143.6s]   [4,13] rank pass: 71 pivots (col 75/32955)
[   147.2s]   [4,13] rank pass: 75 pivots (col 80/32955)
[   150.8s]   [4,13] rank pass: 77 pivots (col 82/32955)
[   155.0s]   [4,13] rank pass: 79 pivots (col 84/32955)
[   157.4s]   [4,13] rank pass: 80 pivots (col 85/32955)
[   159.4s]   [4,13] rank pass: 81 pivots (col 86/32955)
[   162.0s]   [4,13] rank pass: 83 pivots (col 88/32955)
[   164.2s]   [4,13] rank pass: 86 pivots (col 92/32955)
[   167.0s]   [4,13] rank pass: 88 pivots (col 94/32955)
[   170.9s]   [4,13] rank pass: 90 pivots (col 96/32955)
[   174.7s]   [4,13] rank pass: 92 pivots (col 98/32955)
[   178.2s]   [4,13] rank pass: 94 pivots (col 100/32955)
[   180.6s]   [4,13] rank pass: 99 pivots (col 106/32955)
[   183.2s]   [4,13] rank pass: 102 pivots (col 109/32955)
[   186.0s]   [4,13] rank pass: 104 pivots (col 111/32955)
[   189.1s]   [4,13] rank pass: 106 pivots (col 113/32955)
[   191.4s]   [4,13] rank pass: 110 pivots (col 118/32955)
[   194.1s]   [4,13] rank pass: 114 pivots (col 122/32955)
[   196.7s]   [4,13] rank pass: 117 pivots (col 125/32955)
[   199.0s]   [4,13] rank pass: 122 pivots (col 131/32955)
[   201.3s]   [4,13] rank pass: 128 pivots (col 137/32955)
[   203.6s]   [4,13] rank pass: 135 pivots (col 145/32955)
[   205.7s]   [4,13] rank pass: 143 pivots (col 153/32955)
[   208.5s]   [4,13] rank pass: 146 pivots (col 170/32955)
[   211.1s]   [4,13] rank pass: 147 pivots (col 171/32955)
[   213.5s]   [4,13] rank pass: 148 pivots (col 172/32955)
[   217.7s]   [4,13] rank pass: 150 pivots (col 174/32955)
[   220.8s]   [4,13] rank pass: 152 pivots (col 176/32955)
[   222.9s]   [4,13] rank pass: 154 pivots (col 178/32955)
[   226.2s]   [4,13] rank pass: 158 pivots (col 183/32955)
[   228.9s]   [4,13] rank pass: 159 pivots (col 184/32955)
[   231.6s]   [4,13] rank pass: 160 pivots (col 185/32955)
[   234.0s]   [4,13] rank pass: 161 pivots (col 186/32955)
[   236.3s]   [4,13] rank pass: 162 pivots (col 187/32955)
[   239.7s]   [4,13] rank pass: 164 pivots (col 189/32955)
[   242.7s]   [4,13] rank pass: 166 pivots (col 191/32955)
[   246.6s]   [4,13] rank pass: 170 pivots (col 196/32955)
[   249.2s]   [4,13] rank pass: 171 pivots (col 197/32955)
[   251.9s]   [4,13] rank pass: 172 pivots (col 198/32955)
[   254.6s]   [4,13] rank pass: 173 pivots (col 199/32955)
[   257.2s]   [4,13] rank pass: 174 pivots (col 200/32955)
[   260.8s]   [4,13] rank pass: 176 pivots (col 202/32955)
[   263.7s]   [4,13] rank pass: 178 pivots (col 204/32955)
[   265.8s]   [4,13] rank pass: 180 pivots (col 206/32955)
[   268.6s]   [4,13] rank pass: 182 pivots (col 209/32955)
[   271.3s]   [4,13] rank pass: 183 pivots (col 210/32955)
[   273.9s]   [4,13] rank pass: 184 pivots (col 211/32955)
[   276.6s]   [4,13] rank pass: 185 pivots (col 212/32955)
[   279.2s]   [4,13] rank pass: 186 pivots (col 213/32955)
[   281.4s]   [4,13] rank pass: 187 pivots (col 214/32955)
[   285.0s]   [4,13] rank pass: 189 pivots (col 216/32955)
[   287.9s]   [4,13] rank pass: 191 pivots (col 218/32955)
[   291.8s]   [4,13] rank pass: 194 pivots (col 222/32955)
[   294.3s]   [4,13] rank pass: 195 pivots (col 223/32955)
[   296.8s]   [4,13] rank pass: 196 pivots (col 224/32955)
[   299.4s]   [4,13] rank pass: 197 pivots (col 225/32955)
[   302.0s]   [4,13] rank pass: 198 pivots (col 226/32955)
[   304.4s]   [4,13] rank pass: 199 pivots (col 227/32955)
[   306.5s]   [4,13] rank pass: 200 pivots (col 228/32955)
[   310.0s]   [4,13] rank pass: 202 pivots (col 230/32955)
[   312.4s]   [4,13] rank pass: 204 pivots (col 232/32955)
[   315.0s]   [4,13] rank pass: 206 pivots (col 235/32955)
[   317.2s]   [4,13] rank pass: 207 pivots (col 236/32955)
[   319.5s]   [4,13] rank pass: 208 pivots (col 237/32955)
[   321.9s]   [4,13] rank pass: 209 pivots (col 238/32955)
[   324.5s]   [4,13] rank pass: 210 pivots (col 239/32955)
[   327.0s]   [4,13] rank pass: 211 pivots (col 240/32955)
[   329.3s]   [4,13] rank pass: 212 pivots (col 241/32955)
[   333.0s]   [4,13] rank pass: 214 pivots (col 243/32955)
[   335.4s]   [4,13] rank pass: 216 pivots (col 245/32955)
[   339.0s]   [4,13] rank pass: 219 pivots (col 249/32955)
[   343.3s]   [4,13] rank pass: 221 pivots (col 251/32955)
[   345.6s]   [4,13] rank pass: 222 pivots (col 252/32955)
[   348.0s]   [4,13] rank pass: 223 pivots (col 253/32955)
[   350.5s]   [4,13] rank pass: 224 pivots (col 254/32955)
[   352.7s]   [4,13] rank pass: 225 pivots (col 255/32955)
[   355.8s]   [4,13] rank pass: 227 pivots (col 257/32955)
[   358.5s]   [4,13] rank pass: 230 pivots (col 261/32955)
[   361.9s]   [4,13] rank pass: 232 pivots (col 263/32955)
[   365.9s]   [4,13] rank pass: 234 pivots (col 265/32955)
[   368.1s]   [4,13] rank pass: 235 pivots (col 266/32955)
[   370.4s]   [4,13] rank pass: 236 pivots (col 267/32955)
[   374.0s]   [4,13] rank pass: 238 pivots (col 269/32955)
[   376.5s]   [4,13] rank pass: 240 pivots (col 271/32955)
[   379.8s]   [4,13] rank pass: 243 pivots (col 275/32955)
[   382.9s]   [4,13] rank pass: 245 pivots (col 277/32955)
[   386.7s]   [4,13] rank pass: 247 pivots (col 279/32955)
[   390.1s]   [4,13] rank pass: 249 pivots (col 281/32955)
[   393.0s]   [4,13] rank pass: 251 pivots (col 283/32955)
[   395.5s]   [4,13] rank pass: 255 pivots (col 288/32955)
[   398.1s]   [4,13] rank pass: 257 pivots (col 290/32955)
[   401.2s]   [4,13] rank pass: 259 pivots (col 292/32955)
[   404.0s]   [4,13] rank pass: 261 pivots (col 294/32955)
[   406.7s]   [4,13] rank pass: 263 pivots (col 296/32955)
[   408.9s]   [4,13] rank pass: 268 pivots (col 302/32955)
[   411.0s]   [4,13] rank pass: 271 pivots (col 305/32955)
[   413.2s]   [4,13] rank pass: 275 pivots (col 309/32955)
[   415.4s]   [4,13] rank pass: 282 pivots (col 317/32955)
[   417.5s]   [4,13] rank pass: 288 pivots (col 323/32955)
[   420.1s]   [4,13] rank pass: 290 pivots (col 339/32955)
[   422.5s]   [4,13] rank pass: 291 pivots (col 340/32955)
[   425.1s]   [4,13] rank pass: 292 pivots (col 341/32955)
[   427.4s]   [4,13] rank pass: 293 pivots (col 342/32955)
[   429.4s]   [4,13] rank pass: 294 pivots (col 343/32955)
[   431.4s]   [4,13] rank pass: 295 pivots (col 344/32955)
[   434.7s]   [4,13] rank pass: 297 pivots (col 346/32955)
[   437.0s]   [4,13] rank pass: 299 pivots (col 348/32955)
[   439.7s]   [4,13] rank pass: 302 pivots (col 352/32955)
[   442.4s]   [4,13] rank pass: 303 pivots (col 353/32955)
[   445.0s]   [4,13] rank pass: 304 pivots (col 354/32955)
[   447.5s]   [4,13] rank pass: 305 pivots (col 355/32955)
[   450.1s]   [4,13] rank pass: 306 pivots (col 356/32955)
[   453.8s]   [4,13] rank pass: 308 pivots (col 358/32955)
[   456.8s]   [4,13] rank pass: 310 pivots (col 360/32955)
[   458.9s]   [4,13] rank pass: 312 pivots (col 362/32955)
[   462.2s]   [4,13] rank pass: 314 pivots (col 365/32955)
[   464.9s]   [4,13] rank pass: 315 pivots (col 366/32955)
[   467.7s]   [4,13] rank pass: 316 pivots (col 367/32955)
[   470.4s]   [4,13] rank pass: 317 pivots (col 368/32955)
[   473.1s]   [4,13] rank pass: 318 pivots (col 369/32955)
[   475.3s]   [4,13] rank pass: 319 pivots (col 370/32955)
[   478.9s]   [4,13] rank pass: 321 pivots (col 372/32955)
[   481.8s]   [4,13] rank pass: 323 pivots (col 374/32955)
[   485.6s]   [4,13] rank pass: 326 pivots (col 378/32955)
[   488.3s]   [4,13] rank pass: 327 pivots (col 379/32955)
[   491.1s]   [4,13] rank pass: 328 pivots (col 380/32955)
[   493.8s]   [4,13] rank pass: 329 pivots (col 381/32955)
[   496.4s]   [4,13] rank pass: 330 pivots (col 382/32955)
[   499.0s]   [4,13] rank pass: 331 pivots (col 383/32955)
[   501.2s]   [4,13] rank pass: 332 pivots (col 384/32955)
[   504.7s]   [4,13] rank pass: 334 pivots (col 386/32955)
[   507.3s]   [4,13] rank pass: 336 pivots (col 388/32955)
[   510.5s]   [4,13] rank pass: 338 pivots (col 391/32955)
[   512.9s]   [4,13] rank pass: 339 pivots (col 392/32955)
[   515.6s]   [4,13] rank pass: 340 pivots (col 393/32955)
[   518.2s]   [4,13] rank pass: 341 pivots (col 394/32955)
[   520.8s]   [4,13] rank pass: 342 pivots (col 395/32955)
[   523.4s]   [4,13] rank pass: 343 pivots (col 396/32955)
[   525.8s]   [4,13] rank pass: 344 pivots (col 397/32955)
[   528.0s]   [4,13] rank pass: 345 pivots (col 398/32955)
[   531.3s]   [4,13] rank pass: 347 pivots (col 400/32955)
[   533.3s]   [4,13] rank pass: 349 pivots (col 402/32955)
[   537.5s]   [4,13] rank pass: 351 pivots (col 405/32955)
[   539.9s]   [4,13] rank pass: 352 pivots (col 406/32955)
[   542.4s]   [4,13] rank pass: 353 pivots (col 407/32955)
[   545.0s]   [4,13] rank pass: 354 pivots (col 408/32955)
[   547.5s]   [4,13] rank pass: 355 pivots (col 409/32955)
[   549.9s]   [4,13] rank pass: 356 pivots (col 410/32955)
[   552.2s]   [4,13] rank pass: 357 pivots (col 411/32955)
[   554.4s]   [4,13] rank pass: 358 pivots (col 412/32955)
[   557.5s]   [4,13] rank pass: 360 pivots (col 414/32955)
[   559.6s]   [4,13] rank pass: 362 pivots (col 417/32955)
[   561.6s]   [4,13] rank pass: 363 pivots (col 418/32955)
[   563.8s]   [4,13] rank pass: 364 pivots (col 419/32955)
[   566.2s]   [4,13] rank pass: 365 pivots (col 420/32955)
[   568.6s]   [4,13] rank pass: 366 pivots (col 421/32955)
[   571.0s]   [4,13] rank pass: 367 pivots (col 422/32955)
[   573.4s]   [4,13] rank pass: 368 pivots (col 423/32955)
[   575.6s]   [4,13] rank pass: 369 pivots (col 424/32955)
[   577.8s]   [4,13] rank pass: 370 pivots (col 425/32955)
[   580.6s]   [4,13] rank pass: 372 pivots (col 427/32955)
[   583.1s]   [4,13] rank pass: 374 pivots (col 430/32955)
[   586.8s]   [4,13] rank pass: 376 pivots (col 432/32955)
[   588.9s]   [4,13] rank pass: 377 pivots (col 433/32955)
[   591.2s]   [4,13] rank pass: 378 pivots (col 434/32955)
[   593.5s]   [4,13] rank pass: 379 pivots (col 435/32955)
[   595.8s]   [4,13] rank pass: 380 pivots (col 436/32955)
[   598.1s]   [4,13] rank pass: 381 pivots (col 437/32955)
[   601.7s]   [4,13] rank pass: 383 pivots (col 439/32955)
[   604.6s]   [4,13] rank pass: 386 pivots (col 443/32955)
[   607.8s]   [4,13] rank pass: 388 pivots (col 445/32955)
[   611.7s]   [4,13] rank pass: 390 pivots (col 447/32955)
[   613.8s]   [4,13] rank pass: 391 pivots (col 448/32955)
[   615.9s]   [4,13] rank pass: 392 pivots (col 449/32955)
[   617.9s]   [4,13] rank pass: 393 pivots (col 450/32955)
[   621.3s]   [4,13] rank pass: 395 pivots (col 452/32955)
[   623.8s]   [4,13] rank pass: 398 pivots (col 456/32955)
[   626.5s]   [4,13] rank pass: 401 pivots (col 459/32955)
[   629.3s]   [4,13] rank pass: 403 pivots (col 461/32955)
[   632.8s]   [4,13] rank pass: 405 pivots (col 463/32955)
[   635.1s]   [4,13] rank pass: 407 pivots (col 465/32955)
[   637.6s]   [4,13] rank pass: 412 pivots (col 471/32955)
[   639.8s]   [4,13] rank pass: 415 pivots (col 474/32955)
[   642.1s]   [4,13] rank pass: 418 pivots (col 477/32955)
[   644.3s]   [4,13] rank pass: 424 pivots (col 484/32955)
[   646.6s]   [4,13] rank pass: 429 pivots (col 489/32955)
[   649.5s]   [4,13] rank pass: 434 pivots (col 508/32955)
[   651.6s]   [4,13] rank pass: 435 pivots (col 509/32955)
[   653.8s]   [4,13] rank pass: 436 pivots (col 510/32955)
[   656.1s]   [4,13] rank pass: 437 pivots (col 511/32955)
[   658.4s]   [4,13] rank pass: 438 pivots (col 512/32955)
[   660.6s]   [4,13] rank pass: 439 pivots (col 513/32955)
[   664.0s]   [4,13] rank pass: 441 pivots (col 515/32955)
[   666.2s]   [4,13] rank pass: 444 pivots (col 518/32955)
[   670.7s]   [4,13] rank pass: 447 pivots (col 522/32955)
[   673.3s]   [4,13] rank pass: 448 pivots (col 523/32955)
[   675.9s]   [4,13] rank pass: 449 pivots (col 524/32955)
[   678.4s]   [4,13] rank pass: 450 pivots (col 525/32955)
[   680.7s]   [4,13] rank pass: 451 pivots (col 526/32955)
[   684.5s]   [4,13] rank pass: 453 pivots (col 528/32955)
[   687.4s]   [4,13] rank pass: 455 pivots (col 530/32955)
[   690.4s]   [4,13] rank pass: 458 pivots (col 534/32955)
[   693.2s]   [4,13] rank pass: 459 pivots (col 535/32955)
[   696.0s]   [4,13] rank pass: 460 pivots (col 536/32955)
[   698.8s]   [4,13] rank pass: 461 pivots (col 537/32955)
[   701.5s]   [4,13] rank pass: 462 pivots (col 538/32955)
[   703.9s]   [4,13] rank pass: 463 pivots (col 539/32955)
[   706.1s]   [4,13] rank pass: 464 pivots (col 540/32955)
[   708.2s]   [4,13] rank pass: 465 pivots (col 541/32955)
[   711.3s]   [4,13] rank pass: 467 pivots (col 543/32955)
[   713.5s]   [4,13] rank pass: 469 pivots (col 545/32955)
[   716.3s]   [4,13] rank pass: 470 pivots (col 547/32955)
[   719.1s]   [4,13] rank pass: 471 pivots (col 548/32955)
[   721.9s]   [4,13] rank pass: 472 pivots (col 549/32955)
[   724.5s]   [4,13] rank pass: 473 pivots (col 550/32955)
[   727.0s]   [4,13] rank pass: 474 pivots (col 551/32955)
[   729.5s]   [4,13] rank pass: 475 pivots (col 552/32955)
[   731.9s]   [4,13] rank pass: 476 pivots (col 553/32955)
[   733.9s]   [4,13] rank pass: 477 pivots (col 554/32955)
[   736.0s]   [4,13] rank pass: 478 pivots (col 555/32955)
[   738.9s]   [4,13] rank pass: 480 pivots (col 557/32955)
[   742.4s]   [4,13] rank pass: 482 pivots (col 560/32955)
[   744.9s]   [4,13] rank pass: 483 pivots (col 561/32955)
[   747.6s]   [4,13] rank pass: 484 pivots (col 562/32955)
[   750.2s]   [4,13] rank pass: 485 pivots (col 563/32955)
[   752.7s]   [4,13] rank pass: 486 pivots (col 564/32955)
[   755.1s]   [4,13] rank pass: 487 pivots (col 565/32955)
[   757.4s]   [4,13] rank pass: 488 pivots (col 566/32955)
[   759.7s]   [4,13] rank pass: 489 pivots (col 567/32955)
[   761.7s]   [4,13] rank pass: 490 pivots (col 568/32955)
[   764.8s]   [4,13] rank pass: 492 pivots (col 570/32955)
[   768.5s]   [4,13] rank pass: 494 pivots (col 573/32955)
[   770.9s]   [4,13] rank pass: 495 pivots (col 574/32955)
[   773.5s]   [4,13] rank pass: 496 pivots (col 575/32955)
[   776.0s]   [4,13] rank pass: 497 pivots (col 576/32955)
[   778.5s]   [4,13] rank pass: 498 pivots (col 577/32955)
[   780.9s]   [4,13] rank pass: 499 pivots (col 578/32955)
[   783.5s]   [4,13] rank pass: 500 pivots (col 579/32955)
[   785.7s]   [4,13] rank pass: 501 pivots (col 580/32955)
[   787.9s]   [4,13] rank pass: 502 pivots (col 581/32955)
[   791.2s]   [4,13] rank pass: 504 pivots (col 583/32955)
[   794.3s]   [4,13] rank pass: 506 pivots (col 586/32955)
[   796.5s]   [4,13] rank pass: 507 pivots (col 587/32955)
[   799.0s]   [4,13] rank pass: 508 pivots (col 588/32955)
[   801.5s]   [4,13] rank pass: 509 pivots (col 589/32955)
[   804.0s]   [4,13] rank pass: 510 pivots (col 590/32955)
[   806.4s]   [4,13] rank pass: 511 pivots (col 591/32955)
[   808.7s]   [4,13] rank pass: 512 pivots (col 592/32955)
[   810.9s]   [4,13] rank pass: 513 pivots (col 593/32955)
[   813.1s]   [4,13] rank pass: 514 pivots (col 594/32955)
[   815.2s]   [4,13] rank pass: 515 pivots (col 595/32955)
[   817.5s]   [4,13] rank pass: 517 pivots (col 597/32955)
[   821.0s]   [4,13] rank pass: 519 pivots (col 600/32955)
[   823.2s]   [4,13] rank pass: 520 pivots (col 601/32955)
[   825.4s]   [4,13] rank pass: 521 pivots (col 602/32955)
[   827.9s]   [4,13] rank pass: 522 pivots (col 603/32955)
[   830.4s]   [4,13] rank pass: 523 pivots (col 604/32955)
[   832.8s]   [4,13] rank pass: 524 pivots (col 605/32955)
[   835.1s]   [4,13] rank pass: 525 pivots (col 606/32955)
[   837.3s]   [4,13] rank pass: 526 pivots (col 607/32955)
[   839.5s]   [4,13] rank pass: 528 pivots (col 609/32955)
[   842.2s]   [4,13] rank pass: 531 pivots (col 613/32955)
[   845.2s]   [4,13] rank pass: 533 pivots (col 615/32955)
[   848.2s]   [4,13] rank pass: 535 pivots (col 617/32955)
[   851.9s]   [4,13] rank pass: 537 pivots (col 619/32955)
[   854.7s]   [4,13] rank pass: 539 pivots (col 621/32955)
[   857.2s]   [4,13] rank pass: 543 pivots (col 626/32955)
[   860.7s]   [4,13] rank pass: 546 pivots (col 629/32955)
[   863.3s]   [4,13] rank pass: 548 pivots (col 631/32955)
[   865.8s]   [4,13] rank pass: 550 pivots (col 633/32955)
[   868.0s]   [4,13] rank pass: 554 pivots (col 638/32955)
[   870.7s]   [4,13] rank pass: 558 pivots (col 642/32955)
[   874.0s]   [4,13] rank pass: 560 pivots (col 644/32955)
[   877.3s]   [4,13] rank pass: 562 pivots (col 646/32955)
[   879.7s]   [4,13] rank pass: 567 pivots (col 652/32955)
[   881.8s]   [4,13] rank pass: 571 pivots (col 656/32955)
[   884.0s]   [4,13] rank pass: 575 pivots (col 660/32955)
[   886.3s]   [4,13] rank pass: 578 pivots (col 677/32955)
[   888.4s]   [4,13] rank pass: 579 pivots (col 678/32955)
[   890.7s]   [4,13] rank pass: 580 pivots (col 679/32955)
[   893.1s]   [4,13] rank pass: 581 pivots (col 680/32955)
[   895.7s]   [4,13] rank pass: 582 pivots (col 681/32955)
[   898.0s]   [4,13] rank pass: 583 pivots (col 682/32955)
[   900.0s]   [4,13] rank pass: 584 pivots (col 683/32955)
[   903.4s]   [4,13] rank pass: 586 pivots (col 685/32955)
[   907.4s]   [4,13] rank pass: 590 pivots (col 690/32955)
[   909.9s]   [4,13] rank pass: 591 pivots (col 691/32955)
[   912.4s]   [4,13] rank pass: 592 pivots (col 692/32955)
[   915.3s]   [4,13] rank pass: 593 pivots (col 693/32955)
[   917.9s]   [4,13] rank pass: 594 pivots (col 694/32955)
[   920.3s]   [4,13] rank pass: 595 pivots (col 695/32955)
[   922.4s]   [4,13] rank pass: 596 pivots (col 696/32955)
[   926.0s]   [4,13] rank pass: 598 pivots (col 698/32955)
[   928.2s]   [4,13] rank pass: 600 pivots (col 700/32955)
[   930.8s]   [4,13] rank pass: 602 pivots (col 703/32955)
[   933.3s]   [4,13] rank pass: 603 pivots (col 704/32955)
[   936.3s]   [4,13] rank pass: 604 pivots (col 705/32955)
[   938.9s]   [4,13] rank pass: 605 pivots (col 706/32955)
[   941.5s]   [4,13] rank pass: 606 pivots (col 707/32955)
[   944.0s]   [4,13] rank pass: 607 pivots (col 708/32955)
[   946.3s]   [4,13] rank pass: 608 pivots (col 709/32955)
[   948.5s]   [4,13] rank pass: 609 pivots (col 710/32955)
[   952.1s]   [4,13] rank pass: 611 pivots (col 712/32955)
[   956.2s]   [4,13] rank pass: 614 pivots (col 716/32955)
[   958.9s]   [4,13] rank pass: 615 pivots (col 717/32955)
[   961.7s]   [4,13] rank pass: 616 pivots (col 718/32955)
[   964.5s]   [4,13] rank pass: 617 pivots (col 719/32955)
[   967.1s]   [4,13] rank pass: 618 pivots (col 720/32955)
[   969.6s]   [4,13] rank pass: 619 pivots (col 721/32955)
[   972.0s]   [4,13] rank pass: 620 pivots (col 722/32955)
[   974.3s]   [4,13] rank pass: 621 pivots (col 723/32955)
[   978.0s]   [4,13] rank pass: 623 pivots (col 725/32955)
[   980.6s]   [4,13] rank pass: 625 pivots (col 727/32955)
[   983.2s]   [4,13] rank pass: 626 pivots (col 729/32955)
[   985.9s]   [4,13] rank pass: 627 pivots (col 730/32955)
[   988.7s]   [4,13] rank pass: 628 pivots (col 731/32955)
[   991.4s]   [4,13] rank pass: 629 pivots (col 732/32955)
[   994.1s]   [4,13] rank pass: 630 pivots (col 733/32955)
[   996.7s]   [4,13] rank pass: 631 pivots (col 734/32955)
[   999.1s]   [4,13] rank pass: 632 pivots (col 735/32955)
[  1001.5s]   [4,13] rank pass: 633 pivots (col 736/32955)
[  1003.7s]   [4,13] rank pass: 634 pivots (col 737/32955)
[  1007.2s]   [4,13] rank pass: 636 pivots (col 739/32955)
[  1011.1s]   [4,13] rank pass: 638 pivots (col 742/32955)
[  1014.1s]   [4,13] rank pass: 639 pivots (col 743/32955)
[  1016.6s]   [4,13] rank pass: 640 pivots (col 744/32955)
[  1019.1s]   [4,13] rank pass: 641 pivots (col 745/32955)
[  1021.6s]   [4,13] rank pass: 642 pivots (col 746/32955)
[  1024.1s]   [4,13] rank pass: 643 pivots (col 747/32955)
[  1026.6s]   [4,13] rank pass: 644 pivots (col 748/32955)
[  1028.9s]   [4,13] rank pass: 645 pivots (col 749/32955)
[  1031.3s]   [4,13] rank pass: 646 pivots (col 750/32955)
[  1033.3s]   [4,13] rank pass: 647 pivots (col 751/32955)
[  1036.7s]   [4,13] rank pass: 649 pivots (col 753/32955)
[  1038.8s]   [4,13] rank pass: 650 pivots (col 755/32955)
[  1041.1s]   [4,13] rank pass: 651 pivots (col 756/32955)
[  1043.7s]   [4,13] rank pass: 652 pivots (col 757/32955)
[  1046.1s]   [4,13] rank pass: 653 pivots (col 758/32955)
[  1048.7s]   [4,13] rank pass: 654 pivots (col 759/32955)
[  1051.2s]   [4,13] rank pass: 655 pivots (col 760/32955)
[  1053.6s]   [4,13] rank pass: 656 pivots (col 761/32955)
[  1055.9s]   [4,13] rank pass: 657 pivots (col 762/32955)
[  1058.1s]   [4,13] rank pass: 658 pivots (col 763/32955)
[  1060.2s]   [4,13] rank pass: 659 pivots (col 764/32955)
[  1063.5s]   [4,13] rank pass: 661 pivots (col 766/32955)
[  1067.4s]   [4,13] rank pass: 663 pivots (col 769/32955)
[  1069.7s]   [4,13] rank pass: 664 pivots (col 770/32955)
[  1072.2s]   [4,13] rank pass: 665 pivots (col 771/32955)
[  1074.6s]   [4,13] rank pass: 666 pivots (col 772/32955)
[  1077.1s]   [4,13] rank pass: 667 pivots (col 773/32955)
[  1079.5s]   [4,13] rank pass: 668 pivots (col 774/32955)
[  1081.7s]   [4,13] rank pass: 669 pivots (col 775/32955)
[  1083.9s]   [4,13] rank pass: 670 pivots (col 776/32955)
[  1087.7s]   [4,13] rank pass: 672 pivots (col 778/32955)
[  1090.9s]   [4,13] rank pass: 674 pivots (col 781/32955)
[  1094.8s]   [4,13] rank pass: 676 pivots (col 783/32955)
[  1097.0s]   [4,13] rank pass: 677 pivots (col 784/32955)
[  1099.3s]   [4,13] rank pass: 678 pivots (col 785/32955)
[  1101.6s]   [4,13] rank pass: 679 pivots (col 786/32955)
[  1103.8s]   [4,13] rank pass: 680 pivots (col 787/32955)
[  1106.0s]   [4,13] rank pass: 681 pivots (col 788/32955)
[  1108.1s]   [4,13] rank pass: 682 pivots (col 789/32955)
[  1111.6s]   [4,13] rank pass: 684 pivots (col 791/32955)
[  1114.3s]   [4,13] rank pass: 687 pivots (col 795/32955)
[  1117.5s]   [4,13] rank pass: 689 pivots (col 797/32955)
[  1119.5s]   [4,13] rank pass: 690 pivots (col 798/32955)
[  1121.7s]   [4,13] rank pass: 691 pivots (col 799/32955)
[  1123.9s]   [4,13] rank pass: 692 pivots (col 800/32955)
[  1125.9s]   [4,13] rank pass: 693 pivots (col 801/32955)
[  1128.8s]   [4,13] rank pass: 695 pivots (col 803/32955)
[  1131.3s]   [4,13] rank pass: 699 pivots (col 808/32955)
[  1133.9s]   [4,13] rank pass: 702 pivots (col 811/32955)
[  1136.2s]   [4,13] rank pass: 704 pivots (col 813/32955)
[  1138.4s]   [4,13] rank pass: 706 pivots (col 815/32955)
[  1140.6s]   [4,13] rank pass: 710 pivots (col 820/32955)
[  1142.7s]   [4,13] rank pass: 714 pivots (col 824/32955)
[  1144.9s]   [4,13] rank pass: 717 pivots (col 827/32955)
[  1147.8s]   [4,13] rank pass: 722 pivots (col 846/32955)
[  1150.2s]   [4,13] rank pass: 724 pivots (col 848/32955)
[  1153.6s]   [4,13] rank pass: 726 pivots (col 850/32955)
[  1156.1s]   [4,13] rank pass: 727 pivots (col 851/32955)
[  1158.4s]   [4,13] rank pass: 728 pivots (col 852/32955)
[  1160.4s]   [4,13] rank pass: 729 pivots (col 853/32955)
[  1162.7s]   [4,13] rank pass: 731 pivots (col 855/32955)
[  1164.9s]   [4,13] rank pass: 734 pivots (col 859/32955)
[  1167.0s]   [4,13] rank pass: 735 pivots (col 860/32955)
[  1169.2s]   [4,13] rank pass: 736 pivots (col 861/32955)
[  1171.5s]   [4,13] rank pass: 737 pivots (col 862/32955)
[  1174.1s]   [4,13] rank pass: 738 pivots (col 863/32955)
[  1176.6s]   [4,13] rank pass: 739 pivots (col 864/32955)
[  1178.9s]   [4,13] rank pass: 740 pivots (col 865/32955)
[  1181.1s]   [4,13] rank pass: 741 pivots (col 866/32955)
[  1184.2s]   [4,13] rank pass: 743 pivots (col 868/32955)
[  1187.1s]   [4,13] rank pass: 746 pivots (col 872/32955)
[  1189.5s]   [4,13] rank pass: 747 pivots (col 873/32955)
[  1192.0s]   [4,13] rank pass: 748 pivots (col 874/32955)
[  1194.7s]   [4,13] rank pass: 749 pivots (col 875/32955)
[  1197.3s]   [4,13] rank pass: 750 pivots (col 876/32955)
[  1199.8s]   [4,13] rank pass: 751 pivots (col 877/32955)
[  1202.2s]   [4,13] rank pass: 752 pivots (col 878/32955)
[  1204.5s]   [4,13] rank pass: 753 pivots (col 879/32955)
[  1208.2s]   [4,13] rank pass: 755 pivots (col 881/32955)
[  1210.3s]   [4,13] rank pass: 757 pivots (col 883/32955)
[  1212.6s]   [4,13] rank pass: 758 pivots (col 885/32955)
[  1215.1s]   [4,13] rank pass: 759 pivots (col 886/32955)
[  1217.7s]   [4,13] rank pass: 760 pivots (col 887/32955)
[  1220.4s]   [4,13] rank pass: 761 pivots (col 888/32955)
[  1223.1s]   [4,13] rank pass: 762 pivots (col 889/32955)
[  1225.9s]   [4,13] rank pass: 763 pivots (col 890/32955)
[  1228.4s]   [4,13] rank pass: 764 pivots (col 891/32955)
[  1230.8s]   [4,13] rank pass: 765 pivots (col 892/32955)
[  1233.0s]   [4,13] rank pass: 766 pivots (col 893/32955)
[  1235.1s]   [4,13] rank pass: 767 pivots (col 894/32955)
[  1237.9s]   [4,13] rank pass: 769 pivots (col 896/32955)
[  1240.3s]   [4,13] rank pass: 770 pivots (col 898/32955)
[  1242.9s]   [4,13] rank pass: 771 pivots (col 899/32955)
[  1245.4s]   [4,13] rank pass: 772 pivots (col 900/32955)
[  1248.0s]   [4,13] rank pass: 773 pivots (col 901/32955)
[  1250.6s]   [4,13] rank pass: 774 pivots (col 902/32955)
[  1253.2s]   [4,13] rank pass: 775 pivots (col 903/32955)
[  1255.6s]   [4,13] rank pass: 776 pivots (col 904/32955)
[  1258.0s]   [4,13] rank pass: 777 pivots (col 905/32955)
[  1260.2s]   [4,13] rank pass: 778 pivots (col 906/32955)
[  1262.2s]   [4,13] rank pass: 779 pivots (col 907/32955)
[  1265.6s]   [4,13] rank pass: 781 pivots (col 909/32955)
[  1268.1s]   [4,13] rank pass: 782 pivots (col 911/32955)
[  1270.6s]   [4,13] rank pass: 783 pivots (col 912/32955)
[  1273.1s]   [4,13] rank pass: 784 pivots (col 913/32955)
[  1275.6s]   [4,13] rank pass: 785 pivots (col 914/32955)
[  1278.1s]   [4,13] rank pass: 786 pivots (col 915/32955)
[  1281.2s]   [4,13] rank pass: 787 pivots (col 916/32955)
[  1283.6s]   [4,13] rank pass: 788 pivots (col 917/32955)
[  1286.0s]   [4,13] rank pass: 789 pivots (col 918/32955)
[  1288.1s]   [4,13] rank pass: 790 pivots (col 919/32955)
[  1291.9s]   [4,13] rank pass: 792 pivots (col 921/32955)
[  1295.9s]   [4,13] rank pass: 794 pivots (col 924/32955)
[  1298.3s]   [4,13] rank pass: 795 pivots (col 925/32955)
[  1300.7s]   [4,13] rank pass: 796 pivots (col 926/32955)
[  1303.1s]   [4,13] rank pass: 797 pivots (col 927/32955)
[  1305.5s]   [4,13] rank pass: 798 pivots (col 928/32955)
[  1308.0s]   [4,13] rank pass: 799 pivots (col 929/32955)
[  1310.3s]   [4,13] rank pass: 800 pivots (col 930/32955)
[  1312.5s]   [4,13] rank pass: 801 pivots (col 931/32955)
[  1314.6s]   [4,13] rank pass: 802 pivots (col 932/32955)
[  1318.6s]   [4,13] rank pass: 804 pivots (col 934/32955)
[  1322.2s]   [4,13] rank pass: 806 pivots (col 937/32955)
[  1324.3s]   [4,13] rank pass: 807 pivots (col 938/32955)
[  1326.6s]   [4,13] rank pass: 808 pivots (col 939/32955)
[  1328.8s]   [4,13] rank pass: 809 pivots (col 940/32955)
[  1331.1s]   [4,13] rank pass: 810 pivots (col 941/32955)
[  1333.4s]   [4,13] rank pass: 811 pivots (col 942/32955)
[  1335.6s]   [4,13] rank pass: 812 pivots (col 943/32955)
[  1337.7s]   [4,13] rank pass: 813 pivots (col 944/32955)
[  1339.8s]   [4,13] rank pass: 814 pivots (col 945/32955)
[  1343.6s]   [4,13] rank pass: 816 pivots (col 947/32955)
[  1347.1s]   [4,13] rank pass: 818 pivots (col 950/32955)
[  1349.2s]   [4,13] rank pass: 819 pivots (col 951/32955)
[  1351.3s]   [4,13] rank pass: 820 pivots (col 952/32955)
[  1353.5s]   [4,13] rank pass: 821 pivots (col 953/32955)
[  1356.0s]   [4,13] rank pass: 822 pivots (col 954/32955)
[  1358.2s]   [4,13] rank pass: 823 pivots (col 955/32955)
[  1360.4s]   [4,13] rank pass: 824 pivots (col 956/32955)
[  1362.6s]   [4,13] rank pass: 825 pivots (col 957/32955)
[  1364.7s]   [4,13] rank pass: 826 pivots (col 958/32955)
[  1366.7s]   [4,13] rank pass: 827 pivots (col 959/32955)
[  1369.7s]   [4,13] rank pass: 829 pivots (col 961/32955)
[  1373.0s]   [4,13] rank pass: 832 pivots (col 965/32955)
[  1375.0s]   [4,13] rank pass: 833 pivots (col 966/32955)
[  1377.1s]   [4,13] rank pass: 834 pivots (col 967/32955)
[  1379.3s]   [4,13] rank pass: 835 pivots (col 968/32955)
[  1383.4s]   [4,13] rank pass: 837 pivots (col 970/32955)
[  1385.4s]   [4,13] rank pass: 838 pivots (col 971/32955)
[  1388.7s]   [4,13] rank pass: 840 pivots (col 973/32955)
[  1390.9s]   [4,13] rank pass: 844 pivots (col 978/32955)
[  1393.2s]   [4,13] rank pass: 846 pivots (col 980/32955)
[  1396.5s]   [4,13] rank pass: 848 pivots (col 982/32955)
[  1400.2s]   [4,13] rank pass: 850 pivots (col 984/32955)
[  1402.3s]   [4,13] rank pass: 852 pivots (col 986/32955)
[  1404.5s]   [4,13] rank pass: 857 pivots (col 992/32955)
[  1407.6s]   [4,13] rank pass: 860 pivots (col 995/32955)
[  1410.9s]   [4,13] rank pass: 862 pivots (col 997/32955)
[  1414.1s]   [4,13] rank pass: 866 pivots (col 1015/32955)
[  1417.4s]   [4,13] rank pass: 868 pivots (col 1017/32955)
[  1421.0s]   [4,13] rank pass: 870 pivots (col 1019/32955)
[  1423.1s]   [4,13] rank pass: 871 pivots (col 1020/32955)
[  1425.3s]   [4,13] rank pass: 872 pivots (col 1021/32955)
[  1428.7s]   [4,13] rank pass: 874 pivots (col 1023/32955)
[  1432.1s]   [4,13] rank pass: 878 pivots (col 1028/32955)
[  1435.9s]   [4,13] rank pass: 880 pivots (col 1030/32955)
[  1438.2s]   [4,13] rank pass: 881 pivots (col 1031/32955)
[  1440.5s]   [4,13] rank pass: 882 pivots (col 1032/32955)
[  1443.0s]   [4,13] rank pass: 883 pivots (col 1033/32955)
[  1445.3s]   [4,13] rank pass: 884 pivots (col 1034/32955)
[  1447.4s]   [4,13] rank pass: 885 pivots (col 1035/32955)
[  1450.7s]   [4,13] rank pass: 887 pivots (col 1037/32955)
[  1453.3s]   [4,13] rank pass: 890 pivots (col 1041/32955)
[  1457.5s]   [4,13] rank pass: 892 pivots (col 1043/32955)
[  1459.9s]   [4,13] rank pass: 893 pivots (col 1044/32955)
[  1462.3s]   [4,13] rank pass: 894 pivots (col 1045/32955)
[  1464.7s]   [4,13] rank pass: 895 pivots (col 1046/32955)
[  1467.1s]   [4,13] rank pass: 896 pivots (col 1047/32955)
[  1469.3s]   [4,13] rank pass: 897 pivots (col 1048/32955)
[  1471.4s]   [4,13] rank pass: 898 pivots (col 1049/32955)
[  1474.3s]   [4,13] rank pass: 900 pivots (col 1051/32955)
[  1476.5s]   [4,13] rank pass: 902 pivots (col 1054/32955)
[  1478.7s]   [4,13] rank pass: 903 pivots (col 1055/32955)
[  1481.1s]   [4,13] rank pass: 904 pivots (col 1056/32955)
[  1483.6s]   [4,13] rank pass: 905 pivots (col 1057/32955)
[  1486.0s]   [4,13] rank pass: 906 pivots (col 1058/32955)
[  1488.4s]   [4,13] rank pass: 907 pivots (col 1059/32955)
[  1490.8s]   [4,13] rank pass: 908 pivots (col 1060/32955)
[  1493.2s]   [4,13] rank pass: 909 pivots (col 1061/32955)
[  1495.3s]   [4,13] rank pass: 910 pivots (col 1062/32955)
[  1497.6s]   [4,13] rank pass: 911 pivots (col 1063/32955)
[  1500.5s]   [4,13] rank pass: 913 pivots (col 1065/32955)
[  1502.7s]   [4,13] rank pass: 914 pivots (col 1067/32955)
[  1504.9s]   [4,13] rank pass: 915 pivots (col 1068/32955)
[  1507.4s]   [4,13] rank pass: 916 pivots (col 1069/32955)
[  1510.0s]   [4,13] rank pass: 917 pivots (col 1070/32955)
[  1512.5s]   [4,13] rank pass: 918 pivots (col 1071/32955)
[  1515.1s]   [4,13] rank pass: 919 pivots (col 1072/32955)
[  1517.4s]   [4,13] rank pass: 920 pivots (col 1073/32955)
[  1519.6s]   [4,13] rank pass: 921 pivots (col 1074/32955)
[  1521.7s]   [4,13] rank pass: 922 pivots (col 1075/32955)
[  1523.8s]   [4,13] rank pass: 923 pivots (col 1076/32955)
[  1527.0s]   [4,13] rank pass: 925 pivots (col 1078/32955)
[  1529.5s]   [4,13] rank pass: 926 pivots (col 1080/32955)
[  1532.2s]   [4,13] rank pass: 927 pivots (col 1081/32955)
[  1534.9s]   [4,13] rank pass: 928 pivots (col 1082/32955)
[  1537.6s]   [4,13] rank pass: 929 pivots (col 1083/32955)
[  1539.9s]   [4,13] rank pass: 930 pivots (col 1084/32955)
[  1542.3s]   [4,13] rank pass: 931 pivots (col 1085/32955)
[  1544.6s]   [4,13] rank pass: 932 pivots (col 1086/32955)
[  1546.9s]   [4,13] rank pass: 933 pivots (col 1087/32955)
[  1549.0s]   [4,13] rank pass: 934 pivots (col 1088/32955)
[  1552.8s]   [4,13] rank pass: 936 pivots (col 1090/32955)
[  1556.7s]   [4,13] rank pass: 938 pivots (col 1093/32955)
[  1559.1s]   [4,13] rank pass: 939 pivots (col 1094/32955)
[  1561.4s]   [4,13] rank pass: 940 pivots (col 1095/32955)
[  1563.7s]   [4,13] rank pass: 941 pivots (col 1096/32955)
[  1566.0s]   [4,13] rank pass: 942 pivots (col 1097/32955)
[  1568.4s]   [4,13] rank pass: 943 pivots (col 1098/32955)
[  1570.8s]   [4,13] rank pass: 944 pivots (col 1099/32955)
[  1573.1s]   [4,13] rank pass: 945 pivots (col 1100/32955)
[  1575.3s]   [4,13] rank pass: 946 pivots (col 1101/32955)
[  1577.4s]   [4,13] rank pass: 947 pivots (col 1102/32955)
[  1580.2s]   [4,13] rank pass: 949 pivots (col 1104/32955)
[  1583.4s]   [4,13] rank pass: 951 pivots (col 1107/32955)
[  1585.5s]   [4,13] rank pass: 952 pivots (col 1108/32955)
[  1587.9s]   [4,13] rank pass: 953 pivots (col 1109/32955)
[  1590.2s]   [4,13] rank pass: 954 pivots (col 1110/32955)
[  1592.6s]   [4,13] rank pass: 955 pivots (col 1111/32955)
[  1594.9s]   [4,13] rank pass: 956 pivots (col 1112/32955)
[  1597.2s]   [4,13] rank pass: 957 pivots (col 1113/32955)
[  1599.3s]   [4,13] rank pass: 958 pivots (col 1114/32955)
[  1603.1s]   [4,13] rank pass: 960 pivots (col 1116/32955)
[  1605.3s]   [4,13] rank pass: 962 pivots (col 1119/32955)
[  1608.4s]   [4,13] rank pass: 964 pivots (col 1121/32955)
[  1610.6s]   [4,13] rank pass: 965 pivots (col 1122/32955)
[  1612.8s]   [4,13] rank pass: 966 pivots (col 1123/32955)
[  1614.9s]   [4,13] rank pass: 967 pivots (col 1124/32955)
[  1617.1s]   [4,13] rank pass: 968 pivots (col 1125/32955)
[  1619.1s]   [4,13] rank pass: 969 pivots (col 1126/32955)
[  1621.2s]   [4,13] rank pass: 970 pivots (col 1127/32955)
[  1625.0s]   [4,13] rank pass: 972 pivots (col 1129/32955)
[  1627.6s]   [4,13] rank pass: 975 pivots (col 1133/32955)
[  1630.5s]   [4,13] rank pass: 977 pivots (col 1135/32955)
[  1633.3s]   [4,13] rank pass: 979 pivots (col 1137/32955)
[  1636.1s]   [4,13] rank pass: 981 pivots (col 1139/32955)
[  1638.8s]   [4,13] rank pass: 983 pivots (col 1141/32955)
[  1641.1s]   [4,13] rank pass: 987 pivots (col 1146/32955)
[  1643.6s]   [4,13] rank pass: 990 pivots (col 1149/32955)
[  1645.6s]   [4,13] rank pass: 992 pivots (col 1151/32955)
[  1647.7s]   [4,13] rank pass: 994 pivots (col 1153/32955)
[  1649.8s]   [4,13] rank pass: 998 pivots (col 1158/32955)
[  1652.6s]   [4,13] rank pass: 1003 pivots (col 1163/32955)
[  1654.6s]   [4,13] rank pass: 1006 pivots (col 1166/32955)
[  1657.1s]   [4,13] rank pass: 1011 pivots (col 1185/32955)
[  1659.4s]   [4,13] rank pass: 1014 pivots (col 1188/32955)
[  1662.2s]   [4,13] rank pass: 1016 pivots (col 1190/32955)
[  1664.4s]   [4,13] rank pass: 1018 pivots (col 1192/32955)
[  1667.2s]   [4,13] rank pass: 1023 pivots (col 1198/32955)
[  1669.7s]   [4,13] rank pass: 1025 pivots (col 1200/32955)
[  1673.0s]   [4,13] rank pass: 1027 pivots (col 1202/32955)
[  1675.1s]   [4,13] rank pass: 1028 pivots (col 1203/32955)
[  1677.2s]   [4,13] rank pass: 1029 pivots (col 1204/32955)
[  1679.8s]   [4,13] rank pass: 1031 pivots (col 1206/32955)
[  1682.6s]   [4,13] rank pass: 1035 pivots (col 1211/32955)
[  1686.3s]   [4,13] rank pass: 1037 pivots (col 1213/32955)
[  1688.5s]   [4,13] rank pass: 1038 pivots (col 1214/32955)
[  1690.8s]   [4,13] rank pass: 1039 pivots (col 1215/32955)
[  1693.0s]   [4,13] rank pass: 1040 pivots (col 1216/32955)
[  1695.2s]   [4,13] rank pass: 1041 pivots (col 1217/32955)
[  1698.9s]   [4,13] rank pass: 1043 pivots (col 1219/32955)
[  1702.4s]   [4,13] rank pass: 1046 pivots (col 1223/32955)
[  1706.5s]   [4,13] rank pass: 1048 pivots (col 1225/32955)
[  1708.7s]   [4,13] rank pass: 1049 pivots (col 1226/32955)
[  1711.2s]   [4,13] rank pass: 1050 pivots (col 1227/32955)
[  1713.7s]   [4,13] rank pass: 1051 pivots (col 1228/32955)
[  1716.0s]   [4,13] rank pass: 1052 pivots (col 1229/32955)
[  1718.3s]   [4,13] rank pass: 1053 pivots (col 1230/32955)
[  1720.5s]   [4,13] rank pass: 1054 pivots (col 1231/32955)
[  1724.2s]   [4,13] rank pass: 1056 pivots (col 1233/32955)
[  1726.4s]   [4,13] rank pass: 1058 pivots (col 1236/32955)
[  1728.4s]   [4,13] rank pass: 1059 pivots (col 1237/32955)
[  1730.7s]   [4,13] rank pass: 1060 pivots (col 1238/32955)
[  1733.2s]   [4,13] rank pass: 1061 pivots (col 1239/32955)
[  1735.6s]   [4,13] rank pass: 1062 pivots (col 1240/32955)
[  1738.1s]   [4,13] rank pass: 1063 pivots (col 1241/32955)
[  1740.5s]   [4,13] rank pass: 1064 pivots (col 1242/32955)
[  1742.8s]   [4,13] rank pass: 1065 pivots (col 1243/32955)
[  1745.0s]   [4,13] rank pass: 1066 pivots (col 1244/32955)
[  1747.1s]   [4,13] rank pass: 1067 pivots (col 1245/32955)
[  1749.6s]   [4,13] rank pass: 1069 pivots (col 1247/32955)
[  1753.6s]   [4,13] rank pass: 1071 pivots (col 1250/32955)
[  1756.3s]   [4,13] rank pass: 1072 pivots (col 1251/32955)
[  1758.9s]   [4,13] rank pass: 1073 pivots (col 1252/32955)
[  1761.7s]   [4,13] rank pass: 1074 pivots (col 1253/32955)
[  1764.1s]   [4,13] rank pass: 1075 pivots (col 1254/32955)
[  1766.5s]   [4,13] rank pass: 1076 pivots (col 1255/32955)
[  1768.6s]   [4,13] rank pass: 1077 pivots (col 1256/32955)
[  1770.8s]   [4,13] rank pass: 1078 pivots (col 1257/32955)
[  1774.7s]   [4,13] rank pass: 1080 pivots (col 1259/32955)
[  1778.2s]   [4,13] rank pass: 1082 pivots (col 1262/32955)
[  1780.6s]   [4,13] rank pass: 1083 pivots (col 1263/32955)
[  1782.9s]   [4,13] rank pass: 1084 pivots (col 1264/32955)
[  1785.3s]   [4,13] rank pass: 1085 pivots (col 1265/32955)
[  1787.8s]   [4,13] rank pass: 1086 pivots (col 1266/32955)
[  1790.3s]   [4,13] rank pass: 1087 pivots (col 1267/32955)
[  1792.6s]   [4,13] rank pass: 1088 pivots (col 1268/32955)
[  1794.7s]   [4,13] rank pass: 1089 pivots (col 1269/32955)
[  1796.8s]   [4,13] rank pass: 1090 pivots (col 1270/32955)
[  1798.9s]   [4,13] rank pass: 1091 pivots (col 1271/32955)
[  1802.3s]   [4,13] rank pass: 1093 pivots (col 1273/32955)
[  1804.5s]   [4,13] rank pass: 1094 pivots (col 1275/32955)
[  1806.6s]   [4,13] rank pass: 1095 pivots (col 1276/32955)
[  1809.2s]   [4,13] rank pass: 1096 pivots (col 1277/32955)
[  1811.3s]   [4,13] rank pass: 1097 pivots (col 1278/32955)
[  1813.6s]   [4,13] rank pass: 1098 pivots (col 1279/32955)
[  1815.8s]   [4,13] rank pass: 1099 pivots (col 1280/32955)
[  1818.0s]   [4,13] rank pass: 1100 pivots (col 1281/32955)
[  1820.2s]   [4,13] rank pass: 1101 pivots (col 1282/32955)
[  1822.3s]   [4,13] rank pass: 1102 pivots (col 1283/32955)
[  1824.3s]   [4,13] rank pass: 1103 pivots (col 1284/32955)
[  1827.0s]   [4,13] rank pass: 1105 pivots (col 1286/32955)
[  1829.3s]   [4,13] rank pass: 1107 pivots (col 1289/32955)
[  1832.5s]   [4,13] rank pass: 1109 pivots (col 1291/32955)
[  1834.6s]   [4,13] rank pass: 1110 pivots (col 1292/32955)
[  1836.8s]   [4,13] rank pass: 1111 pivots (col 1293/32955)
[  1838.9s]   [4,13] rank pass: 1112 pivots (col 1294/32955)
[  1841.0s]   [4,13] rank pass: 1113 pivots (col 1295/32955)
[  1843.7s]   [4,13] rank pass: 1115 pivots (col 1297/32955)
[  1845.9s]   [4,13] rank pass: 1117 pivots (col 1299/32955)
[  1848.4s]   [4,13] rank pass: 1120 pivots (col 1303/32955)
[  1851.0s]   [4,13] rank pass: 1122 pivots (col 1305/32955)
[  1853.0s]   [4,13] rank pass: 1123 pivots (col 1306/32955)
[  1855.0s]   [4,13] rank pass: 1124 pivots (col 1307/32955)
[  1857.1s]   [4,13] rank pass: 1125 pivots (col 1308/32955)
[  1860.7s]   [4,13] rank pass: 1127 pivots (col 1310/32955)
[  1862.9s]   [4,13] rank pass: 1130 pivots (col 1314/32955)
[  1864.9s]   [4,13] rank pass: 1133 pivots (col 1317/32955)
[  1867.3s]   [4,13] rank pass: 1135 pivots (col 1319/32955)
[  1869.7s]   [4,13] rank pass: 1137 pivots (col 1321/32955)
[  1871.9s]   [4,13] rank pass: 1139 pivots (col 1323/32955)
[  1874.0s]   [4,13] rank pass: 1144 pivots (col 1329/32955)
[  1876.6s]   [4,13] rank pass: 1147 pivots (col 1332/32955)
[  1879.1s]   [4,13] rank pass: 1149 pivots (col 1334/32955)
[  1881.8s]   [4,13] rank pass: 1154 pivots (col 1353/32955)
[  1884.3s]   [4,13] rank pass: 1158 pivots (col 1357/32955)
[  1886.9s]   [4,13] rank pass: 1161 pivots (col 1360/32955)
[  1889.0s]   [4,13] rank pass: 1164 pivots (col 1363/32955)
[  1892.2s]   [4,13] rank pass: 1168 pivots (col 1368/32955)
[  1895.8s]   [4,13] rank pass: 1170 pivots (col 1370/32955)
[  1899.8s]   [4,13] rank pass: 1172 pivots (col 1372/32955)
[  1902.8s]   [4,13] rank pass: 1174 pivots (col 1374/32955)
[  1905.2s]   [4,13] rank pass: 1178 pivots (col 1379/32955)
[  1907.2s]   [4,13] rank pass: 1180 pivots (col 1381/32955)
[  1911.0s]   [4,13] rank pass: 1182 pivots (col 1383/32955)
[  1913.1s]   [4,13] rank pass: 1183 pivots (col 1384/32955)
[  1915.4s]   [4,13] rank pass: 1184 pivots (col 1385/32955)
[  1917.4s]   [4,13] rank pass: 1185 pivots (col 1386/32955)
[  1920.3s]   [4,13] rank pass: 1187 pivots (col 1388/32955)
[  1922.5s]   [4,13] rank pass: 1190 pivots (col 1392/32955)
[  1925.1s]   [4,13] rank pass: 1192 pivots (col 1394/32955)
[  1927.1s]   [4,13] rank pass: 1193 pivots (col 1395/32955)
[  1929.2s]   [4,13] rank pass: 1194 pivots (col 1396/32955)
[  1931.5s]   [4,13] rank pass: 1195 pivots (col 1397/32955)
[  1934.0s]   [4,13] rank pass: 1196 pivots (col 1398/32955)
[  1936.0s]   [4,13] rank pass: 1197 pivots (col 1399/32955)
[  1939.5s]   [4,13] rank pass: 1199 pivots (col 1401/32955)
[  1941.8s]   [4,13] rank pass: 1201 pivots (col 1403/32955)
[  1944.5s]   [4,13] rank pass: 1203 pivots (col 1406/32955)
[  1948.7s]   [4,13] rank pass: 1205 pivots (col 1408/32955)
[  1951.0s]   [4,13] rank pass: 1206 pivots (col 1409/32955)
[  1953.6s]   [4,13] rank pass: 1207 pivots (col 1410/32955)
[  1956.1s]   [4,13] rank pass: 1208 pivots (col 1411/32955)
[  1958.4s]   [4,13] rank pass: 1209 pivots (col 1412/32955)
[  1960.6s]   [4,13] rank pass: 1210 pivots (col 1413/32955)
[  1964.2s]   [4,13] rank pass: 1212 pivots (col 1415/32955)
[  1967.3s]   [4,13] rank pass: 1214 pivots (col 1418/32955)
[  1971.4s]   [4,13] rank pass: 1216 pivots (col 1420/32955)
[  1973.7s]   [4,13] rank pass: 1217 pivots (col 1421/32955)
[  1975.9s]   [4,13] rank pass: 1218 pivots (col 1422/32955)
[  1978.1s]   [4,13] rank pass: 1219 pivots (col 1423/32955)
[  1980.2s]   [4,13] rank pass: 1220 pivots (col 1424/32955)
[  1982.3s]   [4,13] rank pass: 1221 pivots (col 1425/32955)
[  1986.1s]   [4,13] rank pass: 1223 pivots (col 1427/32955)
[  1988.8s]   [4,13] rank pass: 1225 pivots (col 1429/32955)
[  1992.3s]   [4,13] rank pass: 1227 pivots (col 1432/32955)
[  1994.5s]   [4,13] rank pass: 1228 pivots (col 1433/32955)
[  1996.8s]   [4,13] rank pass: 1229 pivots (col 1434/32955)
[  1999.1s]   [4,13] rank pass: 1230 pivots (col 1435/32955)
[  2001.2s]   [4,13] rank pass: 1231 pivots (col 1436/32955)
[  2003.3s]   [4,13] rank pass: 1232 pivots (col 1437/32955)
[  2007.3s]   [4,13] rank pass: 1234 pivots (col 1439/32955)
[  2011.1s]   [4,13] rank pass: 1236 pivots (col 1441/32955)
[  2013.2s]   [4,13] rank pass: 1238 pivots (col 1444/32955)
[  2016.5s]   [4,13] rank pass: 1240 pivots (col 1446/32955)
[  2018.7s]   [4,13] rank pass: 1241 pivots (col 1447/32955)
[  2020.8s]   [4,13] rank pass: 1242 pivots (col 1448/32955)
[  2022.9s]   [4,13] rank pass: 1243 pivots (col 1449/32955)
[  2024.9s]   [4,13] rank pass: 1244 pivots (col 1450/32955)
[  2026.9s]   [4,13] rank pass: 1245 pivots (col 1451/32955)
[  2030.9s]   [4,13] rank pass: 1247 pivots (col 1453/32955)
[  2033.4s]   [4,13] rank pass: 1249 pivots (col 1455/32955)
[  2035.8s]   [4,13] rank pass: 1251 pivots (col 1458/32955)
[  2038.5s]   [4,13] rank pass: 1253 pivots (col 1460/32955)
[  2040.6s]   [4,13] rank pass: 1254 pivots (col 1461/32955)
[  2042.8s]   [4,13] rank pass: 1255 pivots (col 1462/32955)
[  2044.8s]   [4,13] rank pass: 1256 pivots (col 1463/32955)
[  2047.0s]   [4,13] rank pass: 1257 pivots (col 1464/32955)
[  2049.9s]   [4,13] rank pass: 1259 pivots (col 1466/32955)
[  2052.1s]   [4,13] rank pass: 1262 pivots (col 1470/32955)
[  2054.4s]   [4,13] rank pass: 1265 pivots (col 1473/32955)
[  2057.0s]   [4,13] rank pass: 1267 pivots (col 1475/32955)
[  2059.9s]   [4,13] rank pass: 1269 pivots (col 1477/32955)
[  2063.0s]   [4,13] rank pass: 1271 pivots (col 1479/32955)
[  2065.1s]   [4,13] rank pass: 1275 pivots (col 1484/32955)
[  2067.3s]   [4,13] rank pass: 1278 pivots (col 1487/32955)
[  2069.4s]   [4,13] rank pass: 1280 pivots (col 1489/32955)
[  2072.0s]   [4,13] rank pass: 1283 pivots (col 1492/32955)
[  2074.3s]   [4,13] rank pass: 1289 pivots (col 1499/32955)
[  2076.9s]   [4,13] rank pass: 1293 pivots (col 1503/32955)
[  2079.2s]   [4,13] rank pass: 1299 pivots (col 1523/32955)
[  2081.3s]   [4,13] rank pass: 1303 pivots (col 1527/32955)
[  2083.3s]   [4,13] rank pass: 1307 pivots (col 1531/32955)
[  2085.4s]   [4,13] rank pass: 1312 pivots (col 1537/32955)
[  2087.6s]   [4,13] rank pass: 1315 pivots (col 1540/32955)
[  2090.0s]   [4,13] rank pass: 1318 pivots (col 1543/32955)
[  2092.4s]   [4,13] rank pass: 1323 pivots (col 1549/32955)
[  2096.3s]   [4,13] rank pass: 1326 pivots (col 1552/32955)
[  2098.3s]   [4,13] rank pass: 1327 pivots (col 1553/32955)
[  2101.8s]   [4,13] rank pass: 1329 pivots (col 1555/32955)
[  2104.7s]   [4,13] rank pass: 1331 pivots (col 1557/32955)
[  2107.3s]   [4,13] rank pass: 1334 pivots (col 1561/32955)
[  2110.3s]   [4,13] rank pass: 1336 pivots (col 1563/32955)
[  2114.1s]   [4,13] rank pass: 1338 pivots (col 1565/32955)
[  2118.2s]   [4,13] rank pass: 1340 pivots (col 1567/32955)
[  2121.6s]   [4,13] rank pass: 1342 pivots (col 1569/32955)
[  2124.0s]   [4,13] rank pass: 1344 pivots (col 1571/32955)
[  2127.1s]   [4,13] rank pass: 1347 pivots (col 1575/32955)
[  2130.9s]   [4,13] rank pass: 1349 pivots (col 1577/32955)
[  2132.9s]   [4,13] rank pass: 1350 pivots (col 1578/32955)
[  2135.2s]   [4,13] rank pass: 1351 pivots (col 1579/32955)
[  2137.3s]   [4,13] rank pass: 1352 pivots (col 1580/32955)
[  2141.1s]   [4,13] rank pass: 1354 pivots (col 1582/32955)
[  2144.0s]   [4,13] rank pass: 1356 pivots (col 1584/32955)
[  2146.2s]   [4,13] rank pass: 1358 pivots (col 1587/32955)
[  2149.8s]   [4,13] rank pass: 1360 pivots (col 1589/32955)
[  2152.1s]   [4,13] rank pass: 1361 pivots (col 1590/32955)
[  2154.2s]   [4,13] rank pass: 1362 pivots (col 1591/32955)
[  2156.3s]   [4,13] rank pass: 1363 pivots (col 1592/32955)
[  2158.4s]   [4,13] rank pass: 1364 pivots (col 1593/32955)
[  2162.6s]   [4,13] rank pass: 1366 pivots (col 1595/32955)
[  2166.0s]   [4,13] rank pass: 1368 pivots (col 1597/32955)
[  2168.3s]   [4,13] rank pass: 1370 pivots (col 1600/32955)
[  2171.6s]   [4,13] rank pass: 1372 pivots (col 1602/32955)
[  2173.8s]   [4,13] rank pass: 1373 pivots (col 1603/32955)
[  2175.9s]   [4,13] rank pass: 1374 pivots (col 1604/32955)
[  2178.0s]   [4,13] rank pass: 1375 pivots (col 1605/32955)
[  2180.0s]   [4,13] rank pass: 1376 pivots (col 1606/32955)
[  2183.9s]   [4,13] rank pass: 1378 pivots (col 1608/32955)
[  2187.2s]   [4,13] rank pass: 1380 pivots (col 1610/32955)
[  2189.4s]   [4,13] rank pass: 1382 pivots (col 1613/32955)
[  2192.9s]   [4,13] rank pass: 1384 pivots (col 1615/32955)
[  2196.9s]   [4,13] rank pass: 1386 pivots (col 1617/32955)
[  2199.2s]   [4,13] rank pass: 1387 pivots (col 1618/32955)
[  2201.2s]   [4,13] rank pass: 1388 pivots (col 1619/32955)
[  2205.1s]   [4,13] rank pass: 1390 pivots (col 1621/32955)
[  2208.3s]   [4,13] rank pass: 1392 pivots (col 1623/32955)
[  2210.7s]   [4,13] rank pass: 1395 pivots (col 1627/32955)
[  2213.6s]   [4,13] rank pass: 1397 pivots (col 1629/32955)
[  2217.7s]   [4,13] rank pass: 1399 pivots (col 1631/32955)
[  2219.8s]   [4,13] rank pass: 1400 pivots (col 1632/32955)
[  2223.7s]   [4,13] rank pass: 1402 pivots (col 1634/32955)
[  2226.8s]   [4,13] rank pass: 1404 pivots (col 1636/32955)
[  2229.3s]   [4,13] rank pass: 1407 pivots (col 1640/32955)
[  2232.5s]   [4,13] rank pass: 1410 pivots (col 1643/32955)
[  2236.5s]   [4,13] rank pass: 1412 pivots (col 1645/32955)
[  2240.0s]   [4,13] rank pass: 1414 pivots (col 1647/32955)
[  2242.4s]   [4,13] rank pass: 1418 pivots (col 1652/32955)
[  2244.8s]   [4,13] rank pass: 1422 pivots (col 1656/32955)
[  2246.8s]   [4,13] rank pass: 1424 pivots (col 1658/32955)
[  2249.0s]   [4,13] rank pass: 1427 pivots (col 1661/32955)
[  2251.3s]   [4,13] rank pass: 1433 pivots (col 1668/32955)
[  2253.4s]   [4,13] rank pass: 1437 pivots (col 1672/32955)
[  2255.7s]   [4,13] rank pass: 1443 pivots (col 1692/32955)
[  2257.9s]   [4,13] rank pass: 1449 pivots (col 1698/32955)
[  2260.0s]   [4,13] rank pass: 1455 pivots (col 1705/32955)
[  2262.0s]   [4,13] rank pass: 1459 pivots (col 1709/32955)
[  2264.3s]   [4,13] rank pass: 1464 pivots (col 1714/32955)
[  2266.6s]   [4,13] rank pass: 1469 pivots (col 1720/32955)
[  2268.8s]   [4,13] rank pass: 1471 pivots (col 1722/32955)
[  2272.1s]   [4,13] rank pass: 1474 pivots (col 1725/32955)
[  2274.1s]   [4,13] rank pass: 1476 pivots (col 1727/32955)
[  2276.7s]   [4,13] rank pass: 1480 pivots (col 1732/32955)
[  2278.9s]   [4,13] rank pass: 1482 pivots (col 1734/32955)
[  2282.4s]   [4,13] rank pass: 1484 pivots (col 1736/32955)
[  2285.5s]   [4,13] rank pass: 1486 pivots (col 1738/32955)
[  2287.7s]   [4,13] rank pass: 1490 pivots (col 1743/32955)
[  2290.4s]   [4,13] rank pass: 1493 pivots (col 1746/32955)
[  2294.0s]   [4,13] rank pass: 1495 pivots (col 1748/32955)
[  2296.1s]   [4,13] rank pass: 1496 pivots (col 1749/32955)
[  2299.6s]   [4,13] rank pass: 1498 pivots (col 1751/32955)
[  2301.8s]   [4,13] rank pass: 1500 pivots (col 1753/32955)
[  2304.1s]   [4,13] rank pass: 1504 pivots (col 1758/32955)
[  2307.0s]   [4,13] rank pass: 1506 pivots (col 1760/32955)
[  2310.9s]   [4,13] rank pass: 1508 pivots (col 1762/32955)
[  2314.8s]   [4,13] rank pass: 1510 pivots (col 1764/32955)
[  2317.2s]   [4,13] rank pass: 1512 pivots (col 1766/32955)
[  2319.6s]   [4,13] rank pass: 1516 pivots (col 1771/32955)
[  2323.3s]   [4,13] rank pass: 1518 pivots (col 1773/32955)
[  2325.3s]   [4,13] rank pass: 1519 pivots (col 1774/32955)
[  2329.2s]   [4,13] rank pass: 1521 pivots (col 1776/32955)
[  2332.6s]   [4,13] rank pass: 1523 pivots (col 1778/32955)
[  2335.0s]   [4,13] rank pass: 1527 pivots (col 1783/32955)
[  2337.3s]   [4,13] rank pass: 1529 pivots (col 1785/32955)
[  2341.0s]   [4,13] rank pass: 1531 pivots (col 1787/32955)
[  2345.0s]   [4,13] rank pass: 1533 pivots (col 1789/32955)
[  2348.3s]   [4,13] rank pass: 1535 pivots (col 1791/32955)
[  2350.6s]   [4,13] rank pass: 1539 pivots (col 1796/32955)
[  2353.6s]   [4,13] rank pass: 1542 pivots (col 1799/32955)
[  2357.3s]   [4,13] rank pass: 1544 pivots (col 1801/32955)
[  2360.7s]   [4,13] rank pass: 1546 pivots (col 1803/32955)
[  2362.9s]   [4,13] rank pass: 1549 pivots (col 1806/32955)
[  2365.0s]   [4,13] rank pass: 1553 pivots (col 1811/32955)
[  2367.3s]   [4,13] rank pass: 1555 pivots (col 1813/32955)
[  2370.5s]   [4,13] rank pass: 1557 pivots (col 1815/32955)
[  2372.7s]   [4,13] rank pass: 1559 pivots (col 1817/32955)
[  2375.1s]   [4,13] rank pass: 1565 pivots (col 1824/32955)
[  2377.6s]   [4,13] rank pass: 1569 pivots (col 1828/32955)
[  2379.6s]   [4,13] rank pass: 1574 pivots (col 1834/32955)
[  2382.0s]   [4,13] rank pass: 1580 pivots (col 1840/32955)
[  2384.1s]   [4,13] rank pass: 1587 pivots (col 1861/32955)
[  2386.3s]   [4,13] rank pass: 1596 pivots (col 1870/32955)
[  2388.6s]   [4,13] rank pass: 1603 pivots (col 1878/32955)
[  2390.8s]   [4,13] rank pass: 1610 pivots (col 1886/32955)
[  2393.0s]   [4,13] rank pass: 1615 pivots (col 1891/32955)
[  2395.1s]   [4,13] rank pass: 1620 pivots (col 1896/32955)
[  2397.6s]   [4,13] rank pass: 1626 pivots (col 1903/32955)
[  2400.0s]   [4,13] rank pass: 1629 pivots (col 1906/32955)
[  2402.0s]   [4,13] rank pass: 1634 pivots (col 1912/32955)
[  2404.4s]   [4,13] rank pass: 1638 pivots (col 1916/32955)
[  2407.0s]   [4,13] rank pass: 1640 pivots (col 1918/32955)
[  2409.3s]   [4,13] rank pass: 1642 pivots (col 1920/32955)
[  2411.8s]   [4,13] rank pass: 1648 pivots (col 1927/32955)
[  2415.2s]   [4,13] rank pass: 1651 pivots (col 1930/32955)
[  2418.8s]   [4,13] rank pass: 1653 pivots (col 1932/32955)
[  2420.9s]   [4,13] rank pass: 1655 pivots (col 1934/32955)
[  2423.4s]   [4,13] rank pass: 1661 pivots (col 1941/32955)
[  2425.6s]   [4,13] rank pass: 1663 pivots (col 1943/32955)
[  2428.4s]   [4,13] rank pass: 1665 pivots (col 1945/32955)
[  2431.1s]   [4,13] rank pass: 1667 pivots (col 1947/32955)
[  2433.8s]   [4,13] rank pass: 1673 pivots (col 1954/32955)
[  2436.2s]   [4,13] rank pass: 1675 pivots (col 1956/32955)
[  2439.6s]   [4,13] rank pass: 1677 pivots (col 1958/32955)
[  2441.8s]   [4,13] rank pass: 1679 pivots (col 1960/32955)
[  2444.2s]   [4,13] rank pass: 1685 pivots (col 1967/32955)
[  2446.7s]   [4,13] rank pass: 1688 pivots (col 1970/32955)
[  2448.8s]   [4,13] rank pass: 1690 pivots (col 1972/32955)
[  2450.8s]   [4,13] rank pass: 1696 pivots (col 1979/32955)
[  2453.0s]   [4,13] rank pass: 1700 pivots (col 1983/32955)
[  2455.2s]   [4,13] rank pass: 1705 pivots (col 1988/32955)
[  2457.3s]   [4,13] rank pass: 1711 pivots (col 1995/32955)
[  2459.4s]   [4,13] rank pass: 1717 pivots (col 2001/32955)
[  2461.6s]   [4,13] rank pass: 1725 pivots (col 2010/32955)
[  2464.2s]   [4,13] rank pass: 1730 pivots (col 2198/32955)
[  2467.3s]   [4,13] rank pass: 1732 pivots (col 2200/32955)
[  2469.8s]   [4,13] rank pass: 1734 pivots (col 2202/32955)
[  2471.9s]   [4,13] rank pass: 1738 pivots (col 2206/32955)
[  2475.2s]   [4,13] rank pass: 1743 pivots (col 2212/32955)
[  2478.8s]   [4,13] rank pass: 1745 pivots (col 2214/32955)
[  2482.6s]   [4,13] rank pass: 1747 pivots (col 2216/32955)
[  2486.5s]   [4,13] rank pass: 1749 pivots (col 2218/32955)
[  2490.3s]   [4,13] rank pass: 1751 pivots (col 2220/32955)
[  2494.1s]   [4,13] rank pass: 1753 pivots (col 2222/32955)
[  2497.9s]   [4,13] rank pass: 1755 pivots (col 2225/32955)
[  2501.8s]   [4,13] rank pass: 1757 pivots (col 2227/32955)
[  2505.3s]   [4,13] rank pass: 1759 pivots (col 2229/32955)
[  2509.0s]   [4,13] rank pass: 1761 pivots (col 2231/32955)
[  2512.7s]   [4,13] rank pass: 1763 pivots (col 2233/32955)
[  2516.1s]   [4,13] rank pass: 1765 pivots (col 2235/32955)
[  2519.6s]   [4,13] rank pass: 1767 pivots (col 2238/32955)
[  2523.1s]   [4,13] rank pass: 1769 pivots (col 2240/32955)
[  2526.5s]   [4,13] rank pass: 1771 pivots (col 2242/32955)
[  2530.0s]   [4,13] rank pass: 1773 pivots (col 2244/32955)
[  2533.5s]   [4,13] rank pass: 1775 pivots (col 2246/32955)
[  2536.9s]   [4,13] rank pass: 1777 pivots (col 2248/32955)
[  2540.3s]   [4,13] rank pass: 1779 pivots (col 2251/32955)
[  2543.7s]   [4,13] rank pass: 1781 pivots (col 2253/32955)
[  2547.0s]   [4,13] rank pass: 1783 pivots (col 2255/32955)
[  2550.3s]   [4,13] rank pass: 1785 pivots (col 2257/32955)
[  2553.6s]   [4,13] rank pass: 1787 pivots (col 2259/32955)
[  2556.9s]   [4,13] rank pass: 1789 pivots (col 2261/32955)
[  2560.0s]   [4,13] rank pass: 1791 pivots (col 2264/32955)
[  2563.1s]   [4,13] rank pass: 1793 pivots (col 2266/32955)
[  2566.2s]   [4,13] rank pass: 1795 pivots (col 2268/32955)
[  2569.3s]   [4,13] rank pass: 1797 pivots (col 2270/32955)
[  2572.4s]   [4,13] rank pass: 1799 pivots (col 2272/32955)
[  2575.5s]   [4,13] rank pass: 1801 pivots (col 2274/32955)
[  2578.8s]   [4,13] rank pass: 1803 pivots (col 2277/32955)
[  2581.8s]   [4,13] rank pass: 1805 pivots (col 2279/32955)
[  2584.7s]   [4,13] rank pass: 1807 pivots (col 2281/32955)
[  2587.9s]   [4,13] rank pass: 1809 pivots (col 2283/32955)
[  2591.1s]   [4,13] rank pass: 1811 pivots (col 2285/32955)
[  2594.2s]   [4,13] rank pass: 1813 pivots (col 2287/32955)
[  2596.9s]   [4,13] rank pass: 1815 pivots (col 2290/32955)
[  2599.8s]   [4,13] rank pass: 1817 pivots (col 2292/32955)
[  2602.6s]   [4,13] rank pass: 1819 pivots (col 2294/32955)
[  2605.5s]   [4,13] rank pass: 1821 pivots (col 2296/32955)
[  2608.2s]   [4,13] rank pass: 1823 pivots (col 2298/32955)
[  2610.8s]   [4,13] rank pass: 1825 pivots (col 2300/32955)
[  2613.5s]   [4,13] rank pass: 1827 pivots (col 2303/32955)
[  2616.1s]   [4,13] rank pass: 1829 pivots (col 2305/32955)
[  2618.7s]   [4,13] rank pass: 1831 pivots (col 2307/32955)
[  2621.3s]   [4,13] rank pass: 1833 pivots (col 2309/32955)
[  2623.7s]   [4,13] rank pass: 1835 pivots (col 2311/32955)
[  2626.2s]   [4,13] rank pass: 1838 pivots (col 2315/32955)
[  2628.6s]   [4,13] rank pass: 1841 pivots (col 2318/32955)
[  2631.1s]   [4,13] rank pass: 1845 pivots (col 2322/32955)
[  2633.2s]   [4,13] rank pass: 1848 pivots (col 2325/32955)
[  2635.3s]   [4,13] rank pass: 1852 pivots (col 2330/32955)
[  2637.4s]   [4,13] rank pass: 1859 pivots (col 2337/32955)
[  2640.8s]   [4,13] rank pass: 1863 pivots (col 2368/32955)
[  2643.9s]   [4,13] rank pass: 1865 pivots (col 2370/32955)
[  2646.6s]   [4,13] rank pass: 1867 pivots (col 2372/32955)
[  2648.8s]   [4,13] rank pass: 1869 pivots (col 2374/32955)
[  2651.9s]   [4,13] rank pass: 1874 pivots (col 2380/32955)
[  2655.7s]   [4,13] rank pass: 1876 pivots (col 2382/32955)
[  2659.5s]   [4,13] rank pass: 1878 pivots (col 2384/32955)
[  2663.4s]   [4,13] rank pass: 1880 pivots (col 2386/32955)
[  2667.1s]   [4,13] rank pass: 1882 pivots (col 2388/32955)
[  2670.7s]   [4,13] rank pass: 1884 pivots (col 2390/32955)
[  2674.2s]   [4,13] rank pass: 1886 pivots (col 2393/32955)
[  2677.8s]   [4,13] rank pass: 1888 pivots (col 2395/32955)
[  2681.4s]   [4,13] rank pass: 1890 pivots (col 2397/32955)
[  2685.0s]   [4,13] rank pass: 1892 pivots (col 2399/32955)
[  2688.5s]   [4,13] rank pass: 1894 pivots (col 2401/32955)
[  2692.1s]   [4,13] rank pass: 1896 pivots (col 2403/32955)
[  2696.1s]   [4,13] rank pass: 1898 pivots (col 2406/32955)
[  2699.8s]   [4,13] rank pass: 1900 pivots (col 2408/32955)
[  2703.5s]   [4,13] rank pass: 1902 pivots (col 2410/32955)
[  2707.1s]   [4,13] rank pass: 1904 pivots (col 2412/32955)
[  2710.7s]   [4,13] rank pass: 1906 pivots (col 2414/32955)
[  2714.3s]   [4,13] rank pass: 1908 pivots (col 2416/32955)
[  2717.7s]   [4,13] rank pass: 1910 pivots (col 2419/32955)
[  2721.5s]   [4,13] rank pass: 1912 pivots (col 2421/32955)
[  2725.0s]   [4,13] rank pass: 1914 pivots (col 2423/32955)
[  2727.6s]   [4,13] rank pass: 1916 pivots (col 2425/32955)
[  2730.1s]   [4,13] rank pass: 1919 pivots (col 2428/32955)
[  2732.5s]   [4,13] rank pass: 1922 pivots (col 2432/32955)
[  2734.9s]   [4,13] rank pass: 1925 pivots (col 2435/32955)
[  2737.0s]   [4,13] rank pass: 1928 pivots (col 2438/32955)
[  2739.2s]   [4,13] rank pass: 1931 pivots (col 2441/32955)
[  2741.8s]   [4,13] rank pass: 1935 pivots (col 2446/32955)
[  2744.3s]   [4,13] rank pass: 1939 pivots (col 2450/32955)
[  2746.7s]   [4,13] rank pass: 1943 pivots (col 2454/32955)
[  2749.1s]   [4,13] rank pass: 1947 pivots (col 2459/32955)
[  2751.3s]   [4,13] rank pass: 1951 pivots (col 2463/32955)
[  2753.5s]   [4,13] rank pass: 1955 pivots (col 2467/32955)
[  2755.6s]   [4,13] rank pass: 1959 pivots (col 2472/32955)
[  2757.6s]   [4,13] rank pass: 1963 pivots (col 2476/32955)
[  2760.1s]   [4,13] rank pass: 1968 pivots (col 2481/32955)
[  2762.5s]   [4,13] rank pass: 1973 pivots (col 2487/32955)
[  2764.9s]   [4,13] rank pass: 1978 pivots (col 2492/32955)
[  2767.1s]   [4,13] rank pass: 1983 pivots (col 2498/32955)
[  2769.2s]   [4,13] rank pass: 1989 pivots (col 2504/32955)
[  2772.8s]   [4,13] rank pass: 1995 pivots (col 2537/32955)
[  2776.4s]   [4,13] rank pass: 1997 pivots (col 2539/32955)
[  2778.9s]   [4,13] rank pass: 1999 pivots (col 2541/32955)
[  2781.1s]   [4,13] rank pass: 2003 pivots (col 2545/32955)
[  2783.2s]   [4,13] rank pass: 2006 pivots (col 2549/32955)
[  2785.2s]   [4,13] rank pass: 2007 pivots (col 2550/32955)
[  2787.2s]   [4,13] rank pass: 2008 pivots (col 2551/32955)
[  2789.2s]   [4,13] rank pass: 2009 pivots (col 2552/32955)
[  2793.1s]   [4,13] rank pass: 2011 pivots (col 2554/32955)
[  2795.2s]   [4,13] rank pass: 2012 pivots (col 2555/32955)
[  2797.2s]   [4,13] rank pass: 2013 pivots (col 2556/32955)
[  2799.2s]   [4,13] rank pass: 2014 pivots (col 2557/32955)
[  2803.1s]   [4,13] rank pass: 2016 pivots (col 2559/32955)
[  2806.9s]   [4,13] rank pass: 2018 pivots (col 2562/32955)
[  2810.8s]   [4,13] rank pass: 2020 pivots (col 2564/32955)
[  2814.7s]   [4,13] rank pass: 2022 pivots (col 2566/32955)
[  2818.6s]   [4,13] rank pass: 2024 pivots (col 2568/32955)
[  2822.5s]   [4,13] rank pass: 2026 pivots (col 2570/32955)
[  2826.3s]   [4,13] rank pass: 2028 pivots (col 2572/32955)
[  2830.0s]   [4,13] rank pass: 2030 pivots (col 2575/32955)
[  2833.7s]   [4,13] rank pass: 2032 pivots (col 2577/32955)
[  2837.5s]   [4,13] rank pass: 2034 pivots (col 2579/32955)
[  2840.9s]   [4,13] rank pass: 2036 pivots (col 2581/32955)
[  2844.5s]   [4,13] rank pass: 2038 pivots (col 2583/32955)
[  2848.3s]   [4,13] rank pass: 2040 pivots (col 2585/32955)
[  2851.9s]   [4,13] rank pass: 2042 pivots (col 2588/32955)
[  2855.5s]   [4,13] rank pass: 2044 pivots (col 2590/32955)
[  2859.1s]   [4,13] rank pass: 2046 pivots (col 2592/32955)
[  2862.5s]   [4,13] rank pass: 2048 pivots (col 2594/32955)
[  2866.0s]   [4,13] rank pass: 2050 pivots (col 2596/32955)
[  2869.4s]   [4,13] rank pass: 2052 pivots (col 2598/32955)
[  2872.7s]   [4,13] rank pass: 2054 pivots (col 2601/32955)
[  2876.1s]   [4,13] rank pass: 2056 pivots (col 2603/32955)
[  2879.5s]   [4,13] rank pass: 2058 pivots (col 2605/32955)
[  2882.9s]   [4,13] rank pass: 2060 pivots (col 2607/32955)
[  2886.2s]   [4,13] rank pass: 2062 pivots (col 2609/32955)
[  2889.4s]   [4,13] rank pass: 2064 pivots (col 2611/32955)
[  2892.6s]   [4,13] rank pass: 2066 pivots (col 2614/32955)
[  2895.7s]   [4,13] rank pass: 2068 pivots (col 2616/32955)
[  2898.9s]   [4,13] rank pass: 2070 pivots (col 2618/32955)
[  2902.0s]   [4,13] rank pass: 2072 pivots (col 2620/32955)
[  2905.1s]   [4,13] rank pass: 2074 pivots (col 2622/32955)
[  2908.2s]   [4,13] rank pass: 2076 pivots (col 2624/32955)
[  2911.2s]   [4,13] rank pass: 2078 pivots (col 2627/32955)
[  2914.4s]   [4,13] rank pass: 2080 pivots (col 2629/32955)
[  2917.7s]   [4,13] rank pass: 2082 pivots (col 2631/32955)
[  2920.7s]   [4,13] rank pass: 2084 pivots (col 2633/32955)
[  2923.0s]   [4,13] rank pass: 2086 pivots (col 2635/32955)
[  2925.3s]   [4,13] rank pass: 2090 pivots (col 2640/32955)
[  2927.7s]   [4,13] rank pass: 2094 pivots (col 2644/32955)
[  2930.1s]   [4,13] rank pass: 2098 pivots (col 2648/32955)
[  2932.2s]   [4,13] rank pass: 2102 pivots (col 2653/32955)
[  2934.2s]   [4,13] rank pass: 2106 pivots (col 2657/32955)
[  2936.4s]   [4,13] rank pass: 2110 pivots (col 2661/32955)
[  2939.5s]   [4,13] rank pass: 2114 pivots (col 2666/32955)
[  2941.7s]   [4,13] rank pass: 2117 pivots (col 2669/32955)
[  2943.7s]   [4,13] rank pass: 2123 pivots (col 2675/32955)
[  2947.0s]   [4,13] rank pass: 2127 pivots (col 2706/32955)
[  2950.6s]   [4,13] rank pass: 2129 pivots (col 2708/32955)
[  2953.9s]   [4,13] rank pass: 2131 pivots (col 2710/32955)
[  2956.8s]   [4,13] rank pass: 2133 pivots (col 2712/32955)
[  2958.9s]   [4,13] rank pass: 2136 pivots (col 2715/32955)
[  2962.1s]   [4,13] rank pass: 2139 pivots (col 2719/32955)
[  2965.9s]   [4,13] rank pass: 2141 pivots (col 2721/32955)
[  2969.7s]   [4,13] rank pass: 2143 pivots (col 2723/32955)
[  2973.5s]   [4,13] rank pass: 2145 pivots (col 2725/32955)
[  2977.3s]   [4,13] rank pass: 2147 pivots (col 2727/32955)
[  2981.0s]   [4,13] rank pass: 2149 pivots (col 2729/32955)
[  2984.9s]   [4,13] rank pass: 2151 pivots (col 2732/32955)
[  2988.7s]   [4,13] rank pass: 2153 pivots (col 2734/32955)
[  2992.4s]   [4,13] rank pass: 2155 pivots (col 2736/32955)
[  2996.2s]   [4,13] rank pass: 2157 pivots (col 2738/32955)
[  2999.9s]   [4,13] rank pass: 2159 pivots (col 2740/32955)
[  3003.6s]   [4,13] rank pass: 2161 pivots (col 2742/32955)
[  3007.4s]   [4,13] rank pass: 2163 pivots (col 2745/32955)
[  3011.3s]   [4,13] rank pass: 2165 pivots (col 2747/32955)
[  3014.9s]   [4,13] rank pass: 2167 pivots (col 2749/32955)
[  3018.4s]   [4,13] rank pass: 2169 pivots (col 2751/32955)
[  3021.8s]   [4,13] rank pass: 2171 pivots (col 2753/32955)
[  3025.1s]   [4,13] rank pass: 2173 pivots (col 2755/32955)
[  3028.4s]   [4,13] rank pass: 2175 pivots (col 2758/32955)
[  3031.9s]   [4,13] rank pass: 2177 pivots (col 2760/32955)
[  3035.4s]   [4,13] rank pass: 2179 pivots (col 2762/32955)
[  3038.7s]   [4,13] rank pass: 2181 pivots (col 2764/32955)
[  3042.2s]   [4,13] rank pass: 2183 pivots (col 2766/32955)
[  3045.6s]   [4,13] rank pass: 2185 pivots (col 2768/32955)
[  3048.7s]   [4,13] rank pass: 2187 pivots (col 2771/32955)
[  3052.0s]   [4,13] rank pass: 2189 pivots (col 2773/32955)
[  3055.3s]   [4,13] rank pass: 2191 pivots (col 2775/32955)
[  3058.6s]   [4,13] rank pass: 2193 pivots (col 2777/32955)
[  3061.7s]   [4,13] rank pass: 2195 pivots (col 2779/32955)
[  3064.6s]   [4,13] rank pass: 2197 pivots (col 2781/32955)
[  3067.2s]   [4,13] rank pass: 2200 pivots (col 2785/32955)
[  3069.5s]   [4,13] rank pass: 2203 pivots (col 2788/32955)
[  3072.6s]   [4,13] rank pass: 2205 pivots (col 2790/32955)
[  3075.7s]   [4,13] rank pass: 2207 pivots (col 2792/32955)
[  3078.8s]   [4,13] rank pass: 2209 pivots (col 2794/32955)
[  3081.8s]   [4,13] rank pass: 2211 pivots (col 2797/32955)
[  3084.8s]   [4,13] rank pass: 2213 pivots (col 2799/32955)
[  3087.8s]   [4,13] rank pass: 2215 pivots (col 2801/32955)
[  3090.2s]   [4,13] rank pass: 2217 pivots (col 2803/32955)
[  3092.2s]   [4,13] rank pass: 2219 pivots (col 2805/32955)
[  3094.7s]   [4,13] rank pass: 2222 pivots (col 2809/32955)
[  3097.0s]   [4,13] rank pass: 2225 pivots (col 2812/32955)
[  3099.0s]   [4,13] rank pass: 2227 pivots (col 2814/32955)
[  3101.4s]   [4,13] rank pass: 2230 pivots (col 2817/32955)
[  3103.4s]   [4,13] rank pass: 2233 pivots (col 2820/32955)
[  3105.6s]   [4,13] rank pass: 2237 pivots (col 2825/32955)
[  3107.8s]   [4,13] rank pass: 2241 pivots (col 2829/32955)
[  3110.1s]   [4,13] rank pass: 2246 pivots (col 2835/32955)
[  3112.3s]   [4,13] rank pass: 2251 pivots (col 2840/32955)
[  3115.2s]   [4,13] rank pass: 2258 pivots (col 2874/32955)
[  3118.5s]   [4,13] rank pass: 2260 pivots (col 2876/32955)
[  3122.0s]   [4,13] rank pass: 2262 pivots (col 2878/32955)
[  3125.4s]   [4,13] rank pass: 2264 pivots (col 2880/32955)
[  3127.9s]   [4,13] rank pass: 2266 pivots (col 2882/32955)
[  3130.3s]   [4,13] rank pass: 2270 pivots (col 2887/32955)
[  3134.1s]   [4,13] rank pass: 2272 pivots (col 2889/32955)
[  3136.2s]   [4,13] rank pass: 2273 pivots (col 2890/32955)
[  3140.0s]   [4,13] rank pass: 2275 pivots (col 2892/32955)
[  3143.6s]   [4,13] rank pass: 2277 pivots (col 2894/32955)
[  3147.5s]   [4,13] rank pass: 2279 pivots (col 2896/32955)
[  3151.2s]   [4,13] rank pass: 2281 pivots (col 2898/32955)
[  3155.0s]   [4,13] rank pass: 2283 pivots (col 2901/32955)
[  3158.7s]   [4,13] rank pass: 2285 pivots (col 2903/32955)
[  3162.5s]   [4,13] rank pass: 2287 pivots (col 2905/32955)
[  3166.2s]   [4,13] rank pass: 2289 pivots (col 2907/32955)
[  3169.9s]   [4,13] rank pass: 2291 pivots (col 2909/32955)
[  3173.8s]   [4,13] rank pass: 2293 pivots (col 2911/32955)
[  3177.4s]   [4,13] rank pass: 2295 pivots (col 2914/32955)
[  3181.1s]   [4,13] rank pass: 2297 pivots (col 2916/32955)
[  3184.8s]   [4,13] rank pass: 2299 pivots (col 2918/32955)
[  3188.5s]   [4,13] rank pass: 2301 pivots (col 2920/32955)
[  3192.2s]   [4,13] rank pass: 2303 pivots (col 2922/32955)
[  3195.7s]   [4,13] rank pass: 2305 pivots (col 2924/32955)
[  3199.3s]   [4,13] rank pass: 2307 pivots (col 2927/32955)
[  3202.8s]   [4,13] rank pass: 2309 pivots (col 2929/32955)
[  3206.4s]   [4,13] rank pass: 2311 pivots (col 2931/32955)
[  3210.0s]   [4,13] rank pass: 2313 pivots (col 2933/32955)
[  3213.4s]   [4,13] rank pass: 2315 pivots (col 2935/32955)
[  3216.8s]   [4,13] rank pass: 2317 pivots (col 2937/32955)
[  3220.2s]   [4,13] rank pass: 2319 pivots (col 2940/32955)
[  3223.5s]   [4,13] rank pass: 2321 pivots (col 2942/32955)
[  3226.9s]   [4,13] rank pass: 2323 pivots (col 2944/32955)
[  3230.2s]   [4,13] rank pass: 2325 pivots (col 2946/32955)
[  3233.5s]   [4,13] rank pass: 2327 pivots (col 2948/32955)
[  3236.7s]   [4,13] rank pass: 2329 pivots (col 2950/32955)
[  3239.8s]   [4,13] rank pass: 2331 pivots (col 2953/32955)
[  3242.9s]   [4,13] rank pass: 2333 pivots (col 2955/32955)
[  3246.1s]   [4,13] rank pass: 2335 pivots (col 2957/32955)
[  3249.2s]   [4,13] rank pass: 2337 pivots (col 2959/32955)
[  3252.3s]   [4,13] rank pass: 2339 pivots (col 2961/32955)
[  3255.4s]   [4,13] rank pass: 2341 pivots (col 2963/32955)
[  3258.4s]   [4,13] rank pass: 2343 pivots (col 2966/32955)
[  3260.9s]   [4,13] rank pass: 2345 pivots (col 2968/32955)
[  3263.0s]   [4,13] rank pass: 2347 pivots (col 2970/32955)
[  3265.9s]   [4,13] rank pass: 2349 pivots (col 2972/32955)
[  3268.4s]   [4,13] rank pass: 2351 pivots (col 2974/32955)
[  3271.0s]   [4,13] rank pass: 2354 pivots (col 2978/32955)
[  3273.0s]   [4,13] rank pass: 2356 pivots (col 2980/32955)
[  3275.4s]   [4,13] rank pass: 2358 pivots (col 2982/32955)
[  3277.7s]   [4,13] rank pass: 2362 pivots (col 2986/32955)
[  3279.8s]   [4,13] rank pass: 2366 pivots (col 2991/32955)
[  3281.8s]   [4,13] rank pass: 2370 pivots (col 2995/32955)
[  3284.4s]   [4,13] rank pass: 2374 pivots (col 2999/32955)
[  3286.8s]   [4,13] rank pass: 2379 pivots (col 3005/32955)
[  3288.8s]   [4,13] rank pass: 2384 pivots (col 3010/32955)
[  3291.6s]   [4,13] rank pass: 2390 pivots (col 3043/32955)
[  3294.6s]   [4,13] rank pass: 2392 pivots (col 3045/32955)
[  3298.0s]   [4,13] rank pass: 2394 pivots (col 3047/32955)
[  3301.6s]   [4,13] rank pass: 2396 pivots (col 3049/32955)
[  3304.5s]   [4,13] rank pass: 2398 pivots (col 3051/32955)
[  3306.7s]   [4,13] rank pass: 2402 pivots (col 3056/32955)
[  3309.2s]   [4,13] rank pass: 2404 pivots (col 3058/32955)
[  3312.6s]   [4,13] rank pass: 2406 pivots (col 3060/32955)
[  3316.3s]   [4,13] rank pass: 2408 pivots (col 3062/32955)
[  3320.0s]   [4,13] rank pass: 2410 pivots (col 3064/32955)
[  3323.8s]   [4,13] rank pass: 2412 pivots (col 3066/32955)
[  3327.4s]   [4,13] rank pass: 2414 pivots (col 3069/32955)
[  3331.0s]   [4,13] rank pass: 2416 pivots (col 3071/32955)
[  3334.6s]   [4,13] rank pass: 2418 pivots (col 3073/32955)
[  3338.2s]   [4,13] rank pass: 2420 pivots (col 3075/32955)
[  3341.9s]   [4,13] rank pass: 2422 pivots (col 3077/32955)
[  3345.6s]   [4,13] rank pass: 2424 pivots (col 3079/32955)
[  3349.2s]   [4,13] rank pass: 2426 pivots (col 3082/32955)
[  3352.8s]   [4,13] rank pass: 2428 pivots (col 3084/32955)
[  3356.5s]   [4,13] rank pass: 2430 pivots (col 3086/32955)
[  3360.2s]   [4,13] rank pass: 2432 pivots (col 3088/32955)
[  3363.8s]   [4,13] rank pass: 2434 pivots (col 3090/32955)
[  3367.4s]   [4,13] rank pass: 2436 pivots (col 3092/32955)
[  3370.9s]   [4,13] rank pass: 2438 pivots (col 3095/32955)
[  3374.3s]   [4,13] rank pass: 2440 pivots (col 3097/32955)
[  3377.9s]   [4,13] rank pass: 2442 pivots (col 3099/32955)
[  3381.4s]   [4,13] rank pass: 2444 pivots (col 3101/32955)
[  3384.9s]   [4,13] rank pass: 2446 pivots (col 3103/32955)
[  3388.3s]   [4,13] rank pass: 2448 pivots (col 3105/32955)
[  3391.7s]   [4,13] rank pass: 2450 pivots (col 3108/32955)
[  3395.1s]   [4,13] rank pass: 2452 pivots (col 3110/32955)
[  3398.5s]   [4,13] rank pass: 2454 pivots (col 3112/32955)
[  3401.9s]   [4,13] rank pass: 2456 pivots (col 3114/32955)
[  3405.2s]   [4,13] rank pass: 2458 pivots (col 3116/32955)
[  3408.4s]   [4,13] rank pass: 2460 pivots (col 3118/32955)
[  3411.5s]   [4,13] rank pass: 2462 pivots (col 3121/32955)
[  3414.8s]   [4,13] rank pass: 2464 pivots (col 3123/32955)
[  3418.0s]   [4,13] rank pass: 2466 pivots (col 3125/32955)
[  3421.2s]   [4,13] rank pass: 2468 pivots (col 3127/32955)
[  3424.4s]   [4,13] rank pass: 2470 pivots (col 3129/32955)
[  3427.4s]   [4,13] rank pass: 2472 pivots (col 3131/32955)
[  3430.5s]   [4,13] rank pass: 2474 pivots (col 3134/32955)
[  3433.2s]   [4,13] rank pass: 2476 pivots (col 3136/32955)
[  3435.7s]   [4,13] rank pass: 2479 pivots (col 3139/32955)
[  3438.2s]   [4,13] rank pass: 2482 pivots (col 3142/32955)
[  3440.7s]   [4,13] rank pass: 2485 pivots (col 3145/32955)
[  3442.9s]   [4,13] rank pass: 2488 pivots (col 3149/32955)
[  3445.5s]   [4,13] rank pass: 2491 pivots (col 3152/32955)
[  3448.2s]   [4,13] rank pass: 2494 pivots (col 3155/32955)
[  3450.3s]   [4,13] rank pass: 2497 pivots (col 3158/32955)
[  3452.4s]   [4,13] rank pass: 2501 pivots (col 3163/32955)
[  3454.7s]   [4,13] rank pass: 2504 pivots (col 3166/32955)
[  3457.1s]   [4,13] rank pass: 2508 pivots (col 3170/32955)
[  3459.4s]   [4,13] rank pass: 2512 pivots (col 3175/32955)
[  3461.5s]   [4,13] rank pass: 2517 pivots (col 3180/32955)
[  3463.9s]   [4,13] rank pass: 2523 pivots (col 3213/32955)
[  3465.9s]   [4,13] rank pass: 2525 pivots (col 3215/32955)
[  3468.7s]   [4,13] rank pass: 2527 pivots (col 3217/32955)
[  3472.0s]   [4,13] rank pass: 2529 pivots (col 3219/32955)
[  3474.0s]   [4,13] rank pass: 2531 pivots (col 3221/32955)
[  3476.5s]   [4,13] rank pass: 2535 pivots (col 3226/32955)
[  3479.0s]   [4,13] rank pass: 2537 pivots (col 3228/32955)
[  3482.7s]   [4,13] rank pass: 2539 pivots (col 3230/32955)
[  3486.5s]   [4,13] rank pass: 2541 pivots (col 3232/32955)
[  3490.3s]   [4,13] rank pass: 2543 pivots (col 3234/32955)
[  3493.9s]   [4,13] rank pass: 2545 pivots (col 3236/32955)
[  3497.6s]   [4,13] rank pass: 2547 pivots (col 3239/32955)
[  3501.3s]   [4,13] rank pass: 2549 pivots (col 3241/32955)
[  3505.0s]   [4,13] rank pass: 2551 pivots (col 3243/32955)
[  3508.6s]   [4,13] rank pass: 2553 pivots (col 3245/32955)
[  3512.3s]   [4,13] rank pass: 2555 pivots (col 3247/32955)
[  3515.9s]   [4,13] rank pass: 2557 pivots (col 3249/32955)
[  3519.5s]   [4,13] rank pass: 2559 pivots (col 3252/32955)
[  3523.0s]   [4,13] rank pass: 2561 pivots (col 3254/32955)
[  3526.4s]   [4,13] rank pass: 2563 pivots (col 3256/32955)
[  3530.0s]   [4,13] rank pass: 2565 pivots (col 3258/32955)
[  3533.4s]   [4,13] rank pass: 2567 pivots (col 3260/32955)
[  3536.9s]   [4,13] rank pass: 2569 pivots (col 3262/32955)
[  3540.3s]   [4,13] rank pass: 2571 pivots (col 3265/32955)
[  3543.8s]   [4,13] rank pass: 2573 pivots (col 3267/32955)
[  3547.3s]   [4,13] rank pass: 2575 pivots (col 3269/32955)
[  3550.7s]   [4,13] rank pass: 2577 pivots (col 3271/32955)
[  3554.1s]   [4,13] rank pass: 2579 pivots (col 3273/32955)
[  3557.4s]   [4,13] rank pass: 2581 pivots (col 3275/32955)
[  3560.8s]   [4,13] rank pass: 2583 pivots (col 3278/32955)
[  3564.1s]   [4,13] rank pass: 2585 pivots (col 3280/32955)
[  3567.6s]   [4,13] rank pass: 2587 pivots (col 3282/32955)
[  3570.9s]   [4,13] rank pass: 2589 pivots (col 3284/32955)
[  3574.2s]   [4,13] rank pass: 2591 pivots (col 3286/32955)
[  3577.5s]   [4,13] rank pass: 2593 pivots (col 3288/32955)
[  3580.8s]   [4,13] rank pass: 2595 pivots (col 3291/32955)
[  3583.9s]   [4,13] rank pass: 2597 pivots (col 3293/32955)
[  3587.0s]   [4,13] rank pass: 2599 pivots (col 3295/32955)
[  3590.1s]   [4,13] rank pass: 2601 pivots (col 3297/32955)
[  3593.3s]   [4,13] rank pass: 2603 pivots (col 3299/32955)
[  3596.4s]   [4,13] rank pass: 2605 pivots (col 3301/32955)
[  3599.3s]   [4,13] rank pass: 2607 pivots (col 3304/32955)
[  3602.2s]   [4,13] rank pass: 2609 pivots (col 3306/32955)
[  3605.1s]   [4,13] rank pass: 2611 pivots (col 3308/32955)
[  3607.9s]   [4,13] rank pass: 2613 pivots (col 3310/32955)
[  3610.7s]   [4,13] rank pass: 2615 pivots (col 3312/32955)
[  3613.5s]   [4,13] rank pass: 2617 pivots (col 3314/32955)
[  3616.2s]   [4,13] rank pass: 2619 pivots (col 3317/32955)
[  3618.9s]   [4,13] rank pass: 2621 pivots (col 3319/32955)
[  3621.6s]   [4,13] rank pass: 2623 pivots (col 3321/32955)
[  3624.3s]   [4,13] rank pass: 2625 pivots (col 3323/32955)
[  3626.8s]   [4,13] rank pass: 2627 pivots (col 3325/32955)
[  3629.0s]   [4,13] rank pass: 2629 pivots (col 3327/32955)
[  3631.6s]   [4,13] rank pass: 2632 pivots (col 3331/32955)
[  3634.0s]   [4,13] rank pass: 2635 pivots (col 3334/32955)
[  3636.3s]   [4,13] rank pass: 2638 pivots (col 3337/32955)
[  3638.5s]   [4,13] rank pass: 2642 pivots (col 3342/32955)
[  3640.9s]   [4,13] rank pass: 2647 pivots (col 3347/32955)
[  3643.7s]   [4,13] rank pass: 2654 pivots (col 3381/32955)
[  3646.2s]   [4,13] rank pass: 2657 pivots (col 3384/32955)
[  3648.7s]   [4,13] rank pass: 2659 pivots (col 3386/32955)
[  3651.7s]   [4,13] rank pass: 2661 pivots (col 3388/32955)
[  3653.9s]   [4,13] rank pass: 2664 pivots (col 3391/32955)
[  3656.7s]   [4,13] rank pass: 2667 pivots (col 3395/32955)
[  3659.7s]   [4,13] rank pass: 2669 pivots (col 3397/32955)
[  3663.2s]   [4,13] rank pass: 2671 pivots (col 3399/32955)
[  3666.8s]   [4,13] rank pass: 2673 pivots (col 3401/32955)
[  3670.3s]   [4,13] rank pass: 2675 pivots (col 3403/32955)
[  3673.7s]   [4,13] rank pass: 2677 pivots (col 3405/32955)
[  3677.2s]   [4,13] rank pass: 2679 pivots (col 3408/32955)
[  3680.6s]   [4,13] rank pass: 2681 pivots (col 3410/32955)
[  3684.2s]   [4,13] rank pass: 2683 pivots (col 3412/32955)
[  3687.7s]   [4,13] rank pass: 2685 pivots (col 3414/32955)
[  3691.1s]   [4,13] rank pass: 2687 pivots (col 3416/32955)
[  3694.5s]   [4,13] rank pass: 2689 pivots (col 3418/32955)
[  3697.9s]   [4,13] rank pass: 2691 pivots (col 3421/32955)
[  3701.3s]   [4,13] rank pass: 2693 pivots (col 3423/32955)
[  3704.7s]   [4,13] rank pass: 2695 pivots (col 3425/32955)
[  3708.2s]   [4,13] rank pass: 2697 pivots (col 3427/32955)
[  3711.7s]   [4,13] rank pass: 2699 pivots (col 3429/32955)
[  3715.1s]   [4,13] rank pass: 2701 pivots (col 3431/32955)
[  3718.5s]   [4,13] rank pass: 2703 pivots (col 3434/32955)
[  3722.0s]   [4,13] rank pass: 2705 pivots (col 3436/32955)
[  3725.4s]   [4,13] rank pass: 2707 pivots (col 3438/32955)
[  3728.8s]   [4,13] rank pass: 2709 pivots (col 3440/32955)
[  3732.1s]   [4,13] rank pass: 2711 pivots (col 3442/32955)
[  3735.6s]   [4,13] rank pass: 2713 pivots (col 3444/32955)
[  3738.9s]   [4,13] rank pass: 2715 pivots (col 3447/32955)
[  3742.2s]   [4,13] rank pass: 2717 pivots (col 3449/32955)
[  3745.5s]   [4,13] rank pass: 2719 pivots (col 3451/32955)
[  3748.7s]   [4,13] rank pass: 2721 pivots (col 3453/32955)
[  3752.0s]   [4,13] rank pass: 2723 pivots (col 3455/32955)
[  3755.1s]   [4,13] rank pass: 2725 pivots (col 3457/32955)
[  3758.3s]   [4,13] rank pass: 2727 pivots (col 3460/32955)
[  3761.5s]   [4,13] rank pass: 2729 pivots (col 3462/32955)
[  3764.6s]   [4,13] rank pass: 2731 pivots (col 3464/32955)
[  3767.8s]   [4,13] rank pass: 2733 pivots (col 3466/32955)
[  3770.8s]   [4,13] rank pass: 2735 pivots (col 3468/32955)
[  3773.8s]   [4,13] rank pass: 2737 pivots (col 3470/32955)
[  3776.8s]   [4,13] rank pass: 2739 pivots (col 3473/32955)
[  3779.7s]   [4,13] rank pass: 2741 pivots (col 3475/32955)
[  3782.7s]   [4,13] rank pass: 2743 pivots (col 3477/32955)
[  3785.5s]   [4,13] rank pass: 2745 pivots (col 3479/32955)
[  3788.4s]   [4,13] rank pass: 2747 pivots (col 3481/32955)
[  3791.1s]   [4,13] rank pass: 2749 pivots (col 3483/32955)
[  3793.8s]   [4,13] rank pass: 2751 pivots (col 3486/32955)
[  3796.5s]   [4,13] rank pass: 2753 pivots (col 3488/32955)
[  3799.0s]   [4,13] rank pass: 2755 pivots (col 3490/32955)
[  3801.2s]   [4,13] rank pass: 2758 pivots (col 3493/32955)
[  3803.2s]   [4,13] rank pass: 2761 pivots (col 3496/32955)
[  3805.5s]   [4,13] rank pass: 2765 pivots (col 3501/32955)
[  3807.8s]   [4,13] rank pass: 2768 pivots (col 3504/32955)
[  3810.0s]   [4,13] rank pass: 2773 pivots (col 3509/32955)
[  3812.0s]   [4,13] rank pass: 2778 pivots (col 3515/32955)
[  3814.3s]   [4,13] rank pass: 2784 pivots (col 3521/32955)
[  3816.5s]   [4,13] rank pass: 2789 pivots (col 3553/32955)
[  3818.6s]   [4,13] rank pass: 2791 pivots (col 3555/32955)
[  3821.2s]   [4,13] rank pass: 2793 pivots (col 3557/32955)
[  3823.4s]   [4,13] rank pass: 2796 pivots (col 3560/32955)
[  3826.3s]   [4,13] rank pass: 2800 pivots (col 3565/32955)
[  3829.3s]   [4,13] rank pass: 2802 pivots (col 3567/32955)
[  3832.8s]   [4,13] rank pass: 2804 pivots (col 3569/32955)
[  3836.3s]   [4,13] rank pass: 2806 pivots (col 3571/32955)
[  3840.0s]   [4,13] rank pass: 2808 pivots (col 3573/32955)
[  3843.4s]   [4,13] rank pass: 2810 pivots (col 3576/32955)
[  3847.0s]   [4,13] rank pass: 2812 pivots (col 3578/32955)
[  3850.6s]   [4,13] rank pass: 2814 pivots (col 3580/32955)
[  3854.1s]   [4,13] rank pass: 2816 pivots (col 3582/32955)
[  3857.7s]   [4,13] rank pass: 2818 pivots (col 3584/32955)
[  3861.2s]   [4,13] rank pass: 2820 pivots (col 3586/32955)
[  3864.5s]   [4,13] rank pass: 2822 pivots (col 3589/32955)
[  3868.0s]   [4,13] rank pass: 2824 pivots (col 3591/32955)
[  3871.5s]   [4,13] rank pass: 2826 pivots (col 3593/32955)
[  3874.9s]   [4,13] rank pass: 2828 pivots (col 3595/32955)
[  3878.4s]   [4,13] rank pass: 2830 pivots (col 3597/32955)
[  3881.8s]   [4,13] rank pass: 2832 pivots (col 3599/32955)
[  3885.2s]   [4,13] rank pass: 2834 pivots (col 3602/32955)
[  3888.5s]   [4,13] rank pass: 2836 pivots (col 3604/32955)
[  3891.9s]   [4,13] rank pass: 2838 pivots (col 3606/32955)
[  3895.2s]   [4,13] rank pass: 2840 pivots (col 3608/32955)
[  3898.5s]   [4,13] rank pass: 2842 pivots (col 3610/32955)
[  3901.7s]   [4,13] rank pass: 2844 pivots (col 3612/32955)
[  3904.9s]   [4,13] rank pass: 2846 pivots (col 3615/32955)
[  3908.0s]   [4,13] rank pass: 2848 pivots (col 3617/32955)
[  3911.2s]   [4,13] rank pass: 2850 pivots (col 3619/32955)
[  3914.4s]   [4,13] rank pass: 2852 pivots (col 3621/32955)
[  3917.5s]   [4,13] rank pass: 2854 pivots (col 3623/32955)
[  3920.5s]   [4,13] rank pass: 2856 pivots (col 3625/32955)
[  3923.5s]   [4,13] rank pass: 2858 pivots (col 3628/32955)
[  3926.5s]   [4,13] rank pass: 2860 pivots (col 3630/32955)
[  3929.5s]   [4,13] rank pass: 2862 pivots (col 3632/32955)
[  3932.4s]   [4,13] rank pass: 2864 pivots (col 3634/32955)
[  3935.2s]   [4,13] rank pass: 2866 pivots (col 3636/32955)
[  3938.4s]   [4,13] rank pass: 2868 pivots (col 3638/32955)
[  3941.3s]   [4,13] rank pass: 2870 pivots (col 3641/32955)
[  3944.1s]   [4,13] rank pass: 2872 pivots (col 3643/32955)
[  3946.9s]   [4,13] rank pass: 2874 pivots (col 3645/32955)
[  3949.8s]   [4,13] rank pass: 2876 pivots (col 3647/32955)
[  3952.6s]   [4,13] rank pass: 2878 pivots (col 3649/32955)
[  3955.4s]   [4,13] rank pass: 2880 pivots (col 3651/32955)
[  3957.8s]   [4,13] rank pass: 2882 pivots (col 3654/32955)
[  3960.3s]   [4,13] rank pass: 2885 pivots (col 3657/32955)
[  3962.7s]   [4,13] rank pass: 2888 pivots (col 3660/32955)
[  3964.9s]   [4,13] rank pass: 2891 pivots (col 3663/32955)
[  3967.2s]   [4,13] rank pass: 2895 pivots (col 3668/32955)
[  3969.3s]   [4,13] rank pass: 2899 pivots (col 3672/32955)
[  3971.5s]   [4,13] rank pass: 2904 pivots (col 3677/32955)
[  3973.8s]   [4,13] rank pass: 2910 pivots (col 3684/32955)
[  3975.8s]   [4,13] rank pass: 2917 pivots (col 3691/32955)
[  3977.9s]   [4,13] rank pass: 2922 pivots (col 3723/32955)
[  3980.2s]   [4,13] rank pass: 2927 pivots (col 3728/32955)
[  3983.0s]   [4,13] rank pass: 2933 pivots (col 3735/32955)
[  3986.1s]   [4,13] rank pass: 2936 pivots (col 3738/32955)
[  3989.6s]   [4,13] rank pass: 2938 pivots (col 3740/32955)
[  3993.1s]   [4,13] rank pass: 2940 pivots (col 3742/32955)
[  3996.5s]   [4,13] rank pass: 2942 pivots (col 3745/32955)
[  3999.9s]   [4,13] rank pass: 2944 pivots (col 3747/32955)
[  4002.0s]   [4,13] rank pass: 2945 pivots (col 3748/32955)
[  4005.5s]   [4,13] rank pass: 2947 pivots (col 3750/32955)
[  4008.9s]   [4,13] rank pass: 2949 pivots (col 3752/32955)
[  4012.3s]   [4,13] rank pass: 2951 pivots (col 3754/32955)
[  4015.7s]   [4,13] rank pass: 2953 pivots (col 3756/32955)
[  4019.0s]   [4,13] rank pass: 2955 pivots (col 3759/32955)
[  4022.4s]   [4,13] rank pass: 2957 pivots (col 3761/32955)
[  4025.7s]   [4,13] rank pass: 2959 pivots (col 3763/32955)
[  4029.1s]   [4,13] rank pass: 2961 pivots (col 3765/32955)
[  4032.5s]   [4,13] rank pass: 2963 pivots (col 3767/32955)
[  4035.8s]   [4,13] rank pass: 2965 pivots (col 3769/32955)
[  4038.9s]   [4,13] rank pass: 2967 pivots (col 3772/32955)
[  4042.1s]   [4,13] rank pass: 2969 pivots (col 3774/32955)
[  4045.3s]   [4,13] rank pass: 2971 pivots (col 3776/32955)
[  4048.5s]   [4,13] rank pass: 2973 pivots (col 3778/32955)
[  4051.7s]   [4,13] rank pass: 2975 pivots (col 3780/32955)
[  4054.8s]   [4,13] rank pass: 2977 pivots (col 3782/32955)
[  4057.8s]   [4,13] rank pass: 2979 pivots (col 3785/32955)
[  4060.7s]   [4,13] rank pass: 2981 pivots (col 3787/32955)
[  4063.7s]   [4,13] rank pass: 2983 pivots (col 3789/32955)
[  4066.8s]   [4,13] rank pass: 2985 pivots (col 3791/32955)
[  4069.7s]   [4,13] rank pass: 2987 pivots (col 3793/32955)
[  4072.7s]   [4,13] rank pass: 2989 pivots (col 3795/32955)
[  4075.4s]   [4,13] rank pass: 2991 pivots (col 3798/32955)
[  4078.1s]   [4,13] rank pass: 2993 pivots (col 3800/32955)
[  4081.3s]   [4,13] rank pass: 2996 pivots (col 3803/32955)
[  4083.5s]   [4,13] rank pass: 2999 pivots (col 3806/32955)
[  4085.6s]   [4,13] rank pass: 3002 pivots (col 3810/32955)
[  4087.8s]   [4,13] rank pass: 3006 pivots (col 3814/32955)
[  4089.9s]   [4,13] rank pass: 3010 pivots (col 3818/32955)
[  4092.2s]   [4,13] rank pass: 3014 pivots (col 3823/32955)
[  4094.3s]   [4,13] rank pass: 3018 pivots (col 3827/32955)
[  4096.6s]   [4,13] rank pass: 3023 pivots (col 3832/32955)
[  4098.9s]   [4,13] rank pass: 3028 pivots (col 3838/32955)
[  4101.1s]   [4,13] rank pass: 3033 pivots (col 3843/32955)
[  4103.4s]   [4,13] rank pass: 3039 pivots (col 3850/32955)
[  4105.6s]   [4,13] rank pass: 3045 pivots (col 3856/32955)
[  4107.8s]   [4,13] rank pass: 3054 pivots (col 3892/32955)
[  4109.8s]   [4,13] rank pass: 3061 pivots (col 3899/32955)
[  4112.3s]   [4,13] rank pass: 3066 pivots (col 3905/32955)
[  4115.0s]   [4,13] rank pass: 3069 pivots (col 3908/32955)
[  4118.1s]   [4,13] rank pass: 3071 pivots (col 3910/32955)
[  4121.5s]   [4,13] rank pass: 3073 pivots (col 3912/32955)
[  4124.7s]   [4,13] rank pass: 3075 pivots (col 3915/32955)
[  4128.1s]   [4,13] rank pass: 3077 pivots (col 3917/32955)
[  4131.2s]   [4,13] rank pass: 3079 pivots (col 3919/32955)
[  4134.4s]   [4,13] rank pass: 3081 pivots (col 3921/32955)
[  4137.6s]   [4,13] rank pass: 3083 pivots (col 3923/32955)
[  4140.9s]   [4,13] rank pass: 3085 pivots (col 3925/32955)
[  4144.0s]   [4,13] rank pass: 3087 pivots (col 3928/32955)
[  4147.1s]   [4,13] rank pass: 3089 pivots (col 3930/32955)
[  4150.3s]   [4,13] rank pass: 3091 pivots (col 3932/32955)
[  4153.4s]   [4,13] rank pass: 3093 pivots (col 3934/32955)
[  4156.6s]   [4,13] rank pass: 3095 pivots (col 3936/32955)
[  4159.6s]   [4,13] rank pass: 3097 pivots (col 3938/32955)
[  4163.0s]   [4,13] rank pass: 3099 pivots (col 3941/32955)
[  4166.3s]   [4,13] rank pass: 3101 pivots (col 3943/32955)
[  4169.4s]   [4,13] rank pass: 3103 pivots (col 3945/32955)
[  4172.4s]   [4,13] rank pass: 3105 pivots (col 3947/32955)
[  4174.5s]   [4,13] rank pass: 3107 pivots (col 3949/32955)
[  4177.0s]   [4,13] rank pass: 3111 pivots (col 3954/32955)
[  4180.0s]   [4,13] rank pass: 3113 pivots (col 3956/32955)
[  4183.0s]   [4,13] rank pass: 3115 pivots (col 3958/32955)
[  4186.0s]   [4,13] rank pass: 3117 pivots (col 3960/32955)
[  4188.8s]   [4,13] rank pass: 3119 pivots (col 3962/32955)
[  4191.7s]   [4,13] rank pass: 3121 pivots (col 3964/32955)
[  4194.6s]   [4,13] rank pass: 3123 pivots (col 3967/32955)
[  4197.4s]   [4,13] rank pass: 3125 pivots (col 3969/32955)
[  4199.7s]   [4,13] rank pass: 3127 pivots (col 3971/32955)
[  4202.1s]   [4,13] rank pass: 3131 pivots (col 3975/32955)
[  4204.4s]   [4,13] rank pass: 3135 pivots (col 3980/32955)
[  4206.7s]   [4,13] rank pass: 3139 pivots (col 3984/32955)
[  4209.0s]   [4,13] rank pass: 3144 pivots (col 3989/32955)
[  4211.4s]   [4,13] rank pass: 3149 pivots (col 3995/32955)
[  4213.4s]   [4,13] rank pass: 3152 pivots (col 3998/32955)
[  4215.7s]   [4,13] rank pass: 3157 pivots (col 4003/32955)
[  4217.9s]   [4,13] rank pass: 3162 pivots (col 4009/32955)
[  4220.2s]   [4,13] rank pass: 3167 pivots (col 4014/32955)
[  4222.3s]   [4,13] rank pass: 3172 pivots (col 4020/32955)
[  4224.3s]   [4,13] rank pass: 3179 pivots (col 4027/32955)
[  4226.4s]   [4,13] rank pass: 3190 pivots (col 4065/32955)
[  4228.7s]   [4,13] rank pass: 3198 pivots (col 4074/32955)
[  4231.5s]   [4,13] rank pass: 3202 pivots (col 4078/32955)
[  4234.1s]   [4,13] rank pass: 3204 pivots (col 4080/32955)
[  4237.2s]   [4,13] rank pass: 3206 pivots (col 4083/32955)
[  4240.5s]   [4,13] rank pass: 3208 pivots (col 4085/32955)
[  4243.9s]   [4,13] rank pass: 3210 pivots (col 4087/32955)
[  4247.1s]   [4,13] rank pass: 3212 pivots (col 4089/32955)
[  4250.2s]   [4,13] rank pass: 3214 pivots (col 4091/32955)
[  4253.3s]   [4,13] rank pass: 3216 pivots (col 4093/32955)
[  4256.4s]   [4,13] rank pass: 3218 pivots (col 4096/32955)
[  4258.7s]   [4,13] rank pass: 3220 pivots (col 4098/32955)
[  4261.0s]   [4,13] rank pass: 3222 pivots (col 4100/32955)
[  4264.4s]   [4,13] rank pass: 3225 pivots (col 4103/32955)
[  4267.4s]   [4,13] rank pass: 3227 pivots (col 4105/32955)
[  4270.4s]   [4,13] rank pass: 3229 pivots (col 4107/32955)
[  4273.2s]   [4,13] rank pass: 3231 pivots (col 4110/32955)
[  4276.2s]   [4,13] rank pass: 3233 pivots (col 4112/32955)
[  4279.1s]   [4,13] rank pass: 3235 pivots (col 4114/32955)
[  4282.0s]   [4,13] rank pass: 3237 pivots (col 4116/32955)
[  4284.2s]   [4,13] rank pass: 3239 pivots (col 4118/32955)
[  4286.2s]   [4,13] rank pass: 3241 pivots (col 4120/32955)
[  4288.7s]   [4,13] rank pass: 3244 pivots (col 4124/32955)
[  4290.9s]   [4,13] rank pass: 3247 pivots (col 4127/32955)
[  4293.5s]   [4,13] rank pass: 3251 pivots (col 4131/32955)
[  4295.7s]   [4,13] rank pass: 3255 pivots (col 4136/32955)
[  4297.9s]   [4,13] rank pass: 3259 pivots (col 4140/32955)
[  4300.1s]   [4,13] rank pass: 3263 pivots (col 4144/32955)
[  4302.1s]   [4,13] rank pass: 3267 pivots (col 4149/32955)
[  4304.3s]   [4,13] rank pass: 3272 pivots (col 4154/32955)
[  4306.6s]   [4,13] rank pass: 3277 pivots (col 4159/32955)
[  4308.7s]   [4,13] rank pass: 3282 pivots (col 4165/32955)
[  4310.7s]   [4,13] rank pass: 3287 pivots (col 4170/32955)
[  4313.1s]   [4,13] rank pass: 3293 pivots (col 4177/32955)
[  4315.3s]   [4,13] rank pass: 3299 pivots (col 4183/32955)
[  4317.4s]   [4,13] rank pass: 3305 pivots (col 4190/32955)
[  4319.4s]   [4,13] rank pass: 3314 pivots (col 4395/32955)
[  4321.5s]   [4,13] rank pass: 3324 pivots (col 4405/32955)
[  4323.6s]   [4,13] rank pass: 3332 pivots (col 4414/32955)
[  4325.9s]   [4,13] rank pass: 3340 pivots (col 4423/32955)
[  4327.9s]   [4,13] rank pass: 3348 pivots (col 4431/32955)
[  4330.0s]   [4,13] rank pass: 3357 pivots (col 4441/32955)
[  4332.1s]   [4,13] rank pass: 3367 pivots (col 4452/32955)
[  4334.2s]   [4,13] rank pass: 3378 pivots (col 4464/32955)
[  4336.2s]   [4,13] rank pass: 3391 pivots (col 4478/32955)
[  4338.3s]   [4,13] rank pass: 3408 pivots (col 4496/32955)
[  4340.8s]   [4,13] rank pass: 3434 pivots (col 4564/32955)
[  4343.0s]   [4,13] rank pass: 3441 pivots (col 4571/32955)
[  4345.6s]   [4,13] rank pass: 3449 pivots (col 4580/32955)
[  4347.7s]   [4,13] rank pass: 3453 pivots (col 4584/32955)
[  4349.8s]   [4,13] rank pass: 3459 pivots (col 4591/32955)
[  4352.1s]   [4,13] rank pass: 3467 pivots (col 4599/32955)
[  4354.1s]   [4,13] rank pass: 3475 pivots (col 4608/32955)
[  4356.2s]   [4,13] rank pass: 3484 pivots (col 4618/32955)
[  4358.3s]   [4,13] rank pass: 3494 pivots (col 4629/32955)
[  4360.4s]   [4,13] rank pass: 3506 pivots (col 4642/32955)
[  4362.5s]   [4,13] rank pass: 3520 pivots (col 4657/32955)
[  4364.6s]   [4,13] rank pass: 3538 pivots (col 4676/32955)
[  4366.7s]   [4,13] rank pass: 3556 pivots (col 4735/32955)
[  4368.8s]   [4,13] rank pass: 3563 pivots (col 4742/32955)
[  4371.0s]   [4,13] rank pass: 3571 pivots (col 4751/32955)
[  4373.2s]   [4,13] rank pass: 3578 pivots (col 4759/32955)
[  4375.2s]   [4,13] rank pass: 3585 pivots (col 4766/32955)
[  4377.4s]   [4,13] rank pass: 3593 pivots (col 4775/32955)
[  4379.4s]   [4,13] rank pass: 3601 pivots (col 4783/32955)
[  4381.5s]   [4,13] rank pass: 3610 pivots (col 4793/32955)
[  4383.5s]   [4,13] rank pass: 3620 pivots (col 4804/32955)
[  4385.6s]   [4,13] rank pass: 3632 pivots (col 4817/32955)
[  4387.6s]   [4,13] rank pass: 3646 pivots (col 4832/32955)
[  4389.6s]   [4,13] rank pass: 3665 pivots (col 4853/32955)
[  4391.8s]   [4,13] rank pass: 3677 pivots (col 4905/32955)
[  4393.8s]   [4,13] rank pass: 3684 pivots (col 4912/32955)
[  4396.1s]   [4,13] rank pass: 3692 pivots (col 4921/32955)
[  4398.4s]   [4,13] rank pass: 3699 pivots (col 4929/32955)
[  4400.5s]   [4,13] rank pass: 3706 pivots (col 4936/32955)
[  4402.7s]   [4,13] rank pass: 3714 pivots (col 4945/32955)
[  4404.7s]   [4,13] rank pass: 3722 pivots (col 4954/32955)
[  4406.8s]   [4,13] rank pass: 3731 pivots (col 4963/32955)
[  4408.9s]   [4,13] rank pass: 3741 pivots (col 4974/32955)
[  4411.1s]   [4,13] rank pass: 3753 pivots (col 4987/32955)
[  4413.2s]   [4,13] rank pass: 3767 pivots (col 5002/32955)
[  4415.3s]   [4,13] rank pass: 3785 pivots (col 5022/32955)
[  4417.3s]   [4,13] rank pass: 3798 pivots (col 5075/32955)
[  4419.4s]   [4,13] rank pass: 3806 pivots (col 5084/32955)
[  4421.5s]   [4,13] rank pass: 3813 pivots (col 5091/32955)
[  4423.5s]   [4,13] rank pass: 3820 pivots (col 5099/32955)
[  4425.8s]   [4,13] rank pass: 3828 pivots (col 5107/32955)
[  4427.8s]   [4,13] rank pass: 3834 pivots (col 5114/32955)
[  4429.9s]   [4,13] rank pass: 3842 pivots (col 5123/32955)
[  4432.1s]   [4,13] rank pass: 3851 pivots (col 5132/32955)
[  4434.3s]   [4,13] rank pass: 3861 pivots (col 5143/32955)
[  4436.4s]   [4,13] rank pass: 3872 pivots (col 5155/32955)
[  4438.4s]   [4,13] rank pass: 3884 pivots (col 5168/32955)
[  4440.4s]   [4,13] rank pass: 3899 pivots (col 5184/32955)
[  4442.5s]   [4,13] rank pass: 3916 pivots (col 5242/32955)
[  4444.7s]   [4,13] rank pass: 3924 pivots (col 5250/32955)
[  4446.9s]   [4,13] rank pass: 3932 pivots (col 5259/32955)
[  4449.2s]   [4,13] rank pass: 3940 pivots (col 5268/32955)
[  4451.4s]   [4,13] rank pass: 3948 pivots (col 5276/32955)
[  4453.5s]   [4,13] rank pass: 3955 pivots (col 5284/32955)
[  4455.6s]   [4,13] rank pass: 3963 pivots (col 5293/32955)
[  4457.8s]   [4,13] rank pass: 3971 pivots (col 5301/32955)
[  4459.9s]   [4,13] rank pass: 3980 pivots (col 5311/32955)
[  4461.9s]   [4,13] rank pass: 3989 pivots (col 5321/32955)
[  4464.0s]   [4,13] rank pass: 4000 pivots (col 5333/32955)
[  4466.1s]   [4,13] rank pass: 4014 pivots (col 5348/32955)
[  4468.2s]   [4,13] rank pass: 4034 pivots (col 5409/32955)
[  4470.2s]   [4,13] rank pass: 4041 pivots (col 5416/32955)
[  4472.5s]   [4,13] rank pass: 4050 pivots (col 5426/32955)
[  4474.9s]   [4,13] rank pass: 4058 pivots (col 5435/32955)
[  4477.1s]   [4,13] rank pass: 4065 pivots (col 5442/32955)
[  4479.1s]   [4,13] rank pass: 4073 pivots (col 5451/32955)
[  4481.2s]   [4,13] rank pass: 4081 pivots (col 5459/32955)
[  4483.3s]   [4,13] rank pass: 4090 pivots (col 5469/32955)
[  4485.4s]   [4,13] rank pass: 4099 pivots (col 5479/32955)
[  4487.5s]   [4,13] rank pass: 4109 pivots (col 5490/32955)
[  4489.5s]   [4,13] rank pass: 4120 pivots (col 5502/32955)
[  4491.6s]   [4,13] rank pass: 4134 pivots (col 5517/32955)
[  4493.6s]   [4,13] rank pass: 4154 pivots (col 5578/32955)
[  4495.7s]   [4,13] rank pass: 4161 pivots (col 5585/32955)
[  4497.9s]   [4,13] rank pass: 4169 pivots (col 5594/32955)
[  4499.9s]   [4,13] rank pass: 4176 pivots (col 5601/32955)
[  4502.1s]   [4,13] rank pass: 4184 pivots (col 5610/32955)
[  4504.3s]   [4,13] rank pass: 4191 pivots (col 5618/32955)
[  4506.4s]   [4,13] rank pass: 4199 pivots (col 5626/32955)
[  4508.5s]   [4,13] rank pass: 4208 pivots (col 5636/32955)
[  4510.6s]   [4,13] rank pass: 4217 pivots (col 5646/32955)
[  4512.7s]   [4,13] rank pass: 4227 pivots (col 5657/32955)
[  4514.7s]   [4,13] rank pass: 4238 pivots (col 5669/32955)
[  4516.7s]   [4,13] rank pass: 4250 pivots (col 5682/32955)
[  4518.7s]   [4,13] rank pass: 4270 pivots (col 5703/32955)
[  4520.8s]   [4,13] rank pass: 4280 pivots (col 5753/32955)
[  4523.0s]   [4,13] rank pass: 4289 pivots (col 5763/32955)
[  4525.2s]   [4,13] rank pass: 4297 pivots (col 5771/32955)
[  4527.4s]   [4,13] rank pass: 4305 pivots (col 5780/32955)
[  4529.4s]   [4,13] rank pass: 4312 pivots (col 5788/32955)
[  4531.7s]   [4,13] rank pass: 4321 pivots (col 5797/32955)
[  4533.8s]   [4,13] rank pass: 4330 pivots (col 5807/32955)
[  4535.8s]   [4,13] rank pass: 4340 pivots (col 5818/32955)
[  4537.8s]   [4,13] rank pass: 4351 pivots (col 5830/32955)
[  4539.9s]   [4,13] rank pass: 4364 pivots (col 5844/32955)
[  4542.0s]   [4,13] rank pass: 4379 pivots (col 5860/32955)
[  4544.0s]   [4,13] rank pass: 4396 pivots (col 5918/32955)
[  4546.0s]   [4,13] rank pass: 4405 pivots (col 5927/32955)
[  4548.1s]   [4,13] rank pass: 4413 pivots (col 5936/32955)
[  4550.2s]   [4,13] rank pass: 4421 pivots (col 5945/32955)
[  4552.3s]   [4,13] rank pass: 4429 pivots (col 5953/32955)
[  4554.5s]   [4,13] rank pass: 4437 pivots (col 5962/32955)
[  4556.7s]   [4,13] rank pass: 4447 pivots (col 5973/32955)
[  4558.9s]   [4,13] rank pass: 4458 pivots (col 5985/32955)
[  4560.9s]   [4,13] rank pass: 4470 pivots (col 5998/32955)
[  4563.0s]   [4,13] rank pass: 4484 pivots (col 6013/32955)
[  4565.0s]   [4,13] rank pass: 4502 pivots (col 6033/32955)
[  4567.0s]   [4,13] rank pass: 4519 pivots (col 6090/32955)
[  4569.2s]   [4,13] rank pass: 4530 pivots (col 6102/32955)
[  4571.3s]   [4,13] rank pass: 4538 pivots (col 6111/32955)
[  4573.3s]   [4,13] rank pass: 4546 pivots (col 6119/32955)
[  4575.4s]   [4,13] rank pass: 4555 pivots (col 6129/32955)
[  4577.5s]   [4,13] rank pass: 4565 pivots (col 6140/32955)
[  4579.5s]   [4,13] rank pass: 4575 pivots (col 6151/32955)
[  4581.6s]   [4,13] rank pass: 4588 pivots (col 6165/32955)
[  4583.7s]   [4,13] rank pass: 4603 pivots (col 6181/32955)
[  4585.7s]   [4,13] rank pass: 4623 pivots (col 6203/32955)
[  4587.7s]   [4,13] rank pass: 4645 pivots (col 6265/32955)
[  4589.7s]   [4,13] rank pass: 4654 pivots (col 6275/32955)
[  4591.8s]   [4,13] rank pass: 4662 pivots (col 6284/32955)
[  4594.0s]   [4,13] rank pass: 4672 pivots (col 6295/32955)
[  4596.1s]   [4,13] rank pass: 4683 pivots (col 6307/32955)
[  4598.2s]   [4,13] rank pass: 4696 pivots (col 6321/32955)
[  4600.3s]   [4,13] rank pass: 4711 pivots (col 6337/32955)
[  4602.3s]   [4,13] rank pass: 4730 pivots (col 6358/32955)
[  4605.2s]   [4,13] rank pass: 4754 pivots (col 6592/32955)
[  4608.0s]   [4,13] rank pass: 4756 pivots (col 6594/32955)
[  4610.2s]   [4,13] rank pass: 4758 pivots (col 6596/32955)
[  4612.4s]   [4,13] rank pass: 4762 pivots (col 6600/32955)
[  4616.0s]   [4,13] rank pass: 4767 pivots (col 6606/32955)
[  4619.3s]   [4,13] rank pass: 4769 pivots (col 6608/32955)
[  4622.0s]   [4,13] rank pass: 4771 pivots (col 6610/32955)
[  4624.3s]   [4,13] rank pass: 4774 pivots (col 6613/32955)
[  4626.6s]   [4,13] rank pass: 4778 pivots (col 6618/32955)
[  4630.1s]   [4,13] rank pass: 4780 pivots (col 6620/32955)
[  4633.8s]   [4,13] rank pass: 4782 pivots (col 6622/32955)
[  4637.1s]   [4,13] rank pass: 4784 pivots (col 6624/32955)
[  4640.6s]   [4,13] rank pass: 4786 pivots (col 6626/32955)
[  4643.6s]   [4,13] rank pass: 4790 pivots (col 6631/32955)
[  4647.3s]   [4,13] rank pass: 4792 pivots (col 6633/32955)
[  4651.1s]   [4,13] rank pass: 4794 pivots (col 6635/32955)
[  4654.5s]   [4,13] rank pass: 4796 pivots (col 6637/32955)
[  4657.2s]   [4,13] rank pass: 4798 pivots (col 6639/32955)
[  4660.2s]   [4,13] rank pass: 4802 pivots (col 6644/32955)
[  4663.6s]   [4,13] rank pass: 4804 pivots (col 6646/32955)
[  4667.4s]   [4,13] rank pass: 4806 pivots (col 6648/32955)
[  4669.5s]   [4,13] rank pass: 4807 pivots (col 6649/32955)
[  4672.9s]   [4,13] rank pass: 4809 pivots (col 6651/32955)
[  4675.4s]   [4,13] rank pass: 4811 pivots (col 6653/32955)
[  4678.6s]   [4,13] rank pass: 4815 pivots (col 6658/32955)
[  4682.1s]   [4,13] rank pass: 4817 pivots (col 6660/32955)
[  4684.2s]   [4,13] rank pass: 4818 pivots (col 6661/32955)
[  4686.3s]   [4,13] rank pass: 4819 pivots (col 6662/32955)
[  4689.7s]   [4,13] rank pass: 4821 pivots (col 6664/32955)
[  4692.0s]   [4,13] rank pass: 4823 pivots (col 6666/32955)
[  4695.1s]   [4,13] rank pass: 4827 pivots (col 6671/32955)
[  4698.7s]   [4,13] rank pass: 4829 pivots (col 6673/32955)
[  4702.5s]   [4,13] rank pass: 4831 pivots (col 6675/32955)
[  4706.2s]   [4,13] rank pass: 4833 pivots (col 6677/32955)
[  4708.3s]   [4,13] rank pass: 4837 pivots (col 6681/32955)
[  4710.3s]   [4,13] rank pass: 4840 pivots (col 6685/32955)
[  4713.6s]   [4,13] rank pass: 4843 pivots (col 6688/32955)
[  4715.8s]   [4,13] rank pass: 4845 pivots (col 6690/32955)
[  4718.2s]   [4,13] rank pass: 4850 pivots (col 6696/32955)
[  4720.9s]   [4,13] rank pass: 4854 pivots (col 6700/32955)
[  4723.0s]   [4,13] rank pass: 4856 pivots (col 6702/32955)
[  4725.2s]   [4,13] rank pass: 4859 pivots (col 6705/32955)
[  4727.4s]   [4,13] rank pass: 4865 pivots (col 6712/32955)
[  4729.9s]   [4,13] rank pass: 4869 pivots (col 6716/32955)
[  4732.0s]   [4,13] rank pass: 4875 pivots (col 6723/32955)
[  4734.3s]   [4,13] rank pass: 4881 pivots (col 6729/32955)
[  4736.4s]   [4,13] rank pass: 4890 pivots (col 6739/32955)
[  4739.0s]   [4,13] rank pass: 4898 pivots (col 6761/32955)
[  4742.7s]   [4,13] rank pass: 4900 pivots (col 6763/32955)
[  4745.9s]   [4,13] rank pass: 4902 pivots (col 6765/32955)
[  4748.6s]   [4,13] rank pass: 4904 pivots (col 6767/32955)
[  4750.8s]   [4,13] rank pass: 4907 pivots (col 6770/32955)
[  4753.0s]   [4,13] rank pass: 4910 pivots (col 6774/32955)
[  4755.2s]   [4,13] rank pass: 4911 pivots (col 6775/32955)
[  4757.5s]   [4,13] rank pass: 4912 pivots (col 6776/32955)
[  4759.6s]   [4,13] rank pass: 4913 pivots (col 6777/32955)
[  4763.9s]   [4,13] rank pass: 4915 pivots (col 6779/32955)
[  4767.1s]   [4,13] rank pass: 4917 pivots (col 6781/32955)
[  4769.7s]   [4,13] rank pass: 4919 pivots (col 6783/32955)
[  4772.8s]   [4,13] rank pass: 4922 pivots (col 6787/32955)
[  4775.1s]   [4,13] rank pass: 4923 pivots (col 6788/32955)
[  4777.5s]   [4,13] rank pass: 4924 pivots (col 6789/32955)
[  4779.8s]   [4,13] rank pass: 4925 pivots (col 6790/32955)
[  4781.9s]   [4,13] rank pass: 4926 pivots (col 6791/32955)
[  4785.9s]   [4,13] rank pass: 4928 pivots (col 6793/32955)
[  4789.2s]   [4,13] rank pass: 4930 pivots (col 6795/32955)
[  4791.5s]   [4,13] rank pass: 4933 pivots (col 6798/32955)
[  4793.8s]   [4,13] rank pass: 4934 pivots (col 6800/32955)
[  4796.1s]   [4,13] rank pass: 4935 pivots (col 6801/32955)
[  4798.4s]   [4,13] rank pass: 4936 pivots (col 6802/32955)
[  4800.7s]   [4,13] rank pass: 4937 pivots (col 6803/32955)
[  4803.1s]   [4,13] rank pass: 4938 pivots (col 6804/32955)
[  4805.5s]   [4,13] rank pass: 4939 pivots (col 6805/32955)
[  4807.8s]   [4,13] rank pass: 4940 pivots (col 6806/32955)
[  4811.3s]   [4,13] rank pass: 4942 pivots (col 6808/32955)
[  4813.5s]   [4,13] rank pass: 4945 pivots (col 6811/32955)
[  4815.8s]   [4,13] rank pass: 4946 pivots (col 6813/32955)
[  4818.2s]   [4,13] rank pass: 4947 pivots (col 6814/32955)
[  4820.6s]   [4,13] rank pass: 4948 pivots (col 6815/32955)
[  4822.9s]   [4,13] rank pass: 4949 pivots (col 6816/32955)
[  4825.2s]   [4,13] rank pass: 4950 pivots (col 6817/32955)
[  4827.5s]   [4,13] rank pass: 4951 pivots (col 6818/32955)
[  4829.7s]   [4,13] rank pass: 4952 pivots (col 6819/32955)
[  4831.8s]   [4,13] rank pass: 4953 pivots (col 6820/32955)
[  4835.5s]   [4,13] rank pass: 4955 pivots (col 6822/32955)
[  4838.9s]   [4,13] rank pass: 4958 pivots (col 6826/32955)
[  4841.3s]   [4,13] rank pass: 4959 pivots (col 6827/32955)
[  4843.6s]   [4,13] rank pass: 4960 pivots (col 6828/32955)
[  4845.9s]   [4,13] rank pass: 4961 pivots (col 6829/32955)
[  4848.1s]   [4,13] rank pass: 4962 pivots (col 6830/32955)
[  4850.4s]   [4,13] rank pass: 4963 pivots (col 6831/32955)
[  4852.4s]   [4,13] rank pass: 4964 pivots (col 6832/32955)
[  4854.8s]   [4,13] rank pass: 4965 pivots (col 6833/32955)
[  4858.5s]   [4,13] rank pass: 4967 pivots (col 6835/32955)
[  4861.2s]   [4,13] rank pass: 4969 pivots (col 6837/32955)
[  4863.6s]   [4,13] rank pass: 4970 pivots (col 6839/32955)
[  4865.9s]   [4,13] rank pass: 4971 pivots (col 6840/32955)
[  4868.4s]   [4,13] rank pass: 4972 pivots (col 6841/32955)
[  4870.7s]   [4,13] rank pass: 4973 pivots (col 6842/32955)
[  4873.0s]   [4,13] rank pass: 4974 pivots (col 6843/32955)
[  4875.1s]   [4,13] rank pass: 4975 pivots (col 6844/32955)
[  4877.3s]   [4,13] rank pass: 4976 pivots (col 6845/32955)
[  4879.4s]   [4,13] rank pass: 4977 pivots (col 6846/32955)
[  4881.5s]   [4,13] rank pass: 4978 pivots (col 6847/32955)
[  4884.9s]   [4,13] rank pass: 4980 pivots (col 6849/32955)
[  4887.4s]   [4,13] rank pass: 4982 pivots (col 6852/32955)
[  4889.7s]   [4,13] rank pass: 4983 pivots (col 6853/32955)
[  4892.0s]   [4,13] rank pass: 4984 pivots (col 6854/32955)
[  4894.5s]   [4,13] rank pass: 4985 pivots (col 6855/32955)
[  4896.8s]   [4,13] rank pass: 4986 pivots (col 6856/32955)
[  4899.0s]   [4,13] rank pass: 4987 pivots (col 6857/32955)
[  4901.2s]   [4,13] rank pass: 4988 pivots (col 6858/32955)
[  4903.3s]   [4,13] rank pass: 4989 pivots (col 6859/32955)
[  4905.4s]   [4,13] rank pass: 4990 pivots (col 6860/32955)
[  4907.4s]   [4,13] rank pass: 4991 pivots (col 6861/32955)
[  4909.9s]   [4,13] rank pass: 4993 pivots (col 6863/32955)
[  4912.1s]   [4,13] rank pass: 4994 pivots (col 6865/32955)
[  4914.5s]   [4,13] rank pass: 4995 pivots (col 6866/32955)
[  4916.8s]   [4,13] rank pass: 4996 pivots (col 6867/32955)
[  4919.2s]   [4,13] rank pass: 4997 pivots (col 6868/32955)
[  4921.5s]   [4,13] rank pass: 4998 pivots (col 6869/32955)
[  4923.7s]   [4,13] rank pass: 4999 pivots (col 6870/32955)
[  4926.0s]   [4,13] rank pass: 5000 pivots (col 6871/32955)
[  4928.1s]   [4,13] rank pass: 5001 pivots (col 6872/32955)
[  4930.1s]   [4,13] rank pass: 5002 pivots (col 6873/32955)
[  4932.2s]   [4,13] rank pass: 5003 pivots (col 6874/32955)
[  4935.9s]   [4,13] rank pass: 5005 pivots (col 6876/32955)
[  4938.3s]   [4,13] rank pass: 5006 pivots (col 6878/32955)
[  4940.9s]   [4,13] rank pass: 5007 pivots (col 6879/32955)
[  4943.4s]   [4,13] rank pass: 5008 pivots (col 6880/32955)
[  4945.7s]   [4,13] rank pass: 5009 pivots (col 6881/32955)
[  4948.0s]   [4,13] rank pass: 5010 pivots (col 6882/32955)
[  4950.3s]   [4,13] rank pass: 5011 pivots (col 6883/32955)
[  4952.4s]   [4,13] rank pass: 5012 pivots (col 6884/32955)
[  4954.6s]   [4,13] rank pass: 5013 pivots (col 6885/32955)
[  4956.7s]   [4,13] rank pass: 5014 pivots (col 6886/32955)
[  4958.7s]   [4,13] rank pass: 5015 pivots (col 6887/32955)
[  4962.2s]   [4,13] rank pass: 5017 pivots (col 6889/32955)
[  4964.5s]   [4,13] rank pass: 5018 pivots (col 6891/32955)
[  4966.9s]   [4,13] rank pass: 5019 pivots (col 6892/32955)
[  4969.3s]   [4,13] rank pass: 5020 pivots (col 6893/32955)
[  4971.6s]   [4,13] rank pass: 5021 pivots (col 6894/32955)
[  4973.8s]   [4,13] rank pass: 5022 pivots (col 6895/32955)
[  4976.2s]   [4,13] rank pass: 5023 pivots (col 6896/32955)
[  4978.3s]   [4,13] rank pass: 5024 pivots (col 6897/32955)
[  4980.4s]   [4,13] rank pass: 5025 pivots (col 6898/32955)
[  4982.5s]   [4,13] rank pass: 5026 pivots (col 6899/32955)
[  4984.5s]   [4,13] rank pass: 5027 pivots (col 6900/32955)
[  4988.4s]   [4,13] rank pass: 5029 pivots (col 6902/32955)
[  4990.5s]   [4,13] rank pass: 5030 pivots (col 6904/32955)
[  4992.8s]   [4,13] rank pass: 5031 pivots (col 6905/32955)
[  4995.1s]   [4,13] rank pass: 5032 pivots (col 6906/32955)
[  4997.3s]   [4,13] rank pass: 5033 pivots (col 6907/32955)
[  4999.8s]   [4,13] rank pass: 5034 pivots (col 6908/32955)
[  5001.9s]   [4,13] rank pass: 5035 pivots (col 6909/32955)
[  5004.1s]   [4,13] rank pass: 5036 pivots (col 6910/32955)
[  5006.2s]   [4,13] rank pass: 5037 pivots (col 6911/32955)
[  5008.2s]   [4,13] rank pass: 5038 pivots (col 6912/32955)
[  5011.3s]   [4,13] rank pass: 5040 pivots (col 6914/32955)
[  5014.6s]   [4,13] rank pass: 5042 pivots (col 6930/32955)
[  5016.9s]   [4,13] rank pass: 5043 pivots (col 6931/32955)
[  5019.1s]   [4,13] rank pass: 5044 pivots (col 6932/32955)
[  5021.5s]   [4,13] rank pass: 5045 pivots (col 6933/32955)
[  5023.7s]   [4,13] rank pass: 5046 pivots (col 6934/32955)
[  5025.9s]   [4,13] rank pass: 5047 pivots (col 6935/32955)
[  5028.0s]   [4,13] rank pass: 5048 pivots (col 6936/32955)
[  5030.1s]   [4,13] rank pass: 5049 pivots (col 6937/32955)
[  5032.1s]   [4,13] rank pass: 5050 pivots (col 6938/32955)
[  5036.0s]   [4,13] rank pass: 5052 pivots (col 6940/32955)
[  5040.0s]   [4,13] rank pass: 5054 pivots (col 6943/32955)
[  5042.3s]   [4,13] rank pass: 5055 pivots (col 6944/32955)
[  5044.7s]   [4,13] rank pass: 5056 pivots (col 6945/32955)
[  5047.0s]   [4,13] rank pass: 5057 pivots (col 6946/32955)
[  5049.2s]   [4,13] rank pass: 5058 pivots (col 6947/32955)
[  5051.4s]   [4,13] rank pass: 5059 pivots (col 6948/32955)
[  5053.6s]   [4,13] rank pass: 5060 pivots (col 6949/32955)
[  5055.6s]   [4,13] rank pass: 5061 pivots (col 6950/32955)
[  5057.6s]   [4,13] rank pass: 5062 pivots (col 6951/32955)
[  5059.7s]   [4,13] rank pass: 5063 pivots (col 6952/32955)
[  5063.5s]   [4,13] rank pass: 5065 pivots (col 6954/32955)
[  5065.8s]   [4,13] rank pass: 5066 pivots (col 6956/32955)
[  5068.1s]   [4,13] rank pass: 5067 pivots (col 6957/32955)
[  5070.5s]   [4,13] rank pass: 5068 pivots (col 6958/32955)
[  5072.7s]   [4,13] rank pass: 5069 pivots (col 6959/32955)
[  5075.0s]   [4,13] rank pass: 5070 pivots (col 6960/32955)
[  5077.2s]   [4,13] rank pass: 5071 pivots (col 6961/32955)
[  5079.4s]   [4,13] rank pass: 5072 pivots (col 6962/32955)
[  5081.5s]   [4,13] rank pass: 5073 pivots (col 6963/32955)
[  5085.5s]   [4,13] rank pass: 5075 pivots (col 6965/32955)
[  5089.3s]   [4,13] rank pass: 5077 pivots (col 6967/32955)
[  5091.5s]   [4,13] rank pass: 5078 pivots (col 6969/32955)
[  5093.9s]   [4,13] rank pass: 5079 pivots (col 6970/32955)
[  5096.4s]   [4,13] rank pass: 5080 pivots (col 6971/32955)
[  5098.6s]   [4,13] rank pass: 5081 pivots (col 6972/32955)
[  5100.9s]   [4,13] rank pass: 5082 pivots (col 6973/32955)
[  5103.0s]   [4,13] rank pass: 5083 pivots (col 6974/32955)
[  5105.1s]   [4,13] rank pass: 5084 pivots (col 6975/32955)
[  5107.2s]   [4,13] rank pass: 5085 pivots (col 6976/32955)
[  5109.3s]   [4,13] rank pass: 5086 pivots (col 6977/32955)
[  5113.1s]   [4,13] rank pass: 5088 pivots (col 6979/32955)
[  5117.2s]   [4,13] rank pass: 5090 pivots (col 6982/32955)
[  5119.6s]   [4,13] rank pass: 5091 pivots (col 6983/32955)
[  5122.0s]   [4,13] rank pass: 5092 pivots (col 6984/32955)
[  5124.2s]   [4,13] rank pass: 5093 pivots (col 6985/32955)
[  5126.4s]   [4,13] rank pass: 5094 pivots (col 6986/32955)
[  5128.5s]   [4,13] rank pass: 5095 pivots (col 6987/32955)
[  5130.6s]   [4,13] rank pass: 5096 pivots (col 6988/32955)
[  5132.6s]   [4,13] rank pass: 5097 pivots (col 6989/32955)
[  5134.7s]   [4,13] rank pass: 5098 pivots (col 6990/32955)
[  5138.5s]   [4,13] rank pass: 5100 pivots (col 6992/32955)
[  5142.4s]   [4,13] rank pass: 5102 pivots (col 6995/32955)
[  5144.7s]   [4,13] rank pass: 5103 pivots (col 6996/32955)
[  5147.0s]   [4,13] rank pass: 5104 pivots (col 6997/32955)
[  5149.6s]   [4,13] rank pass: 5105 pivots (col 6998/32955)
[  5152.0s]   [4,13] rank pass: 5106 pivots (col 6999/32955)
[  5154.0s]   [4,13] rank pass: 5107 pivots (col 7000/32955)
[  5156.0s]   [4,13] rank pass: 5108 pivots (col 7001/32955)
[  5159.8s]   [4,13] rank pass: 5110 pivots (col 7003/32955)
[  5163.7s]   [4,13] rank pass: 5112 pivots (col 7005/32955)
[  5167.7s]   [4,13] rank pass: 5114 pivots (col 7008/32955)
[  5169.9s]   [4,13] rank pass: 5115 pivots (col 7009/32955)
[  5172.1s]   [4,13] rank pass: 5116 pivots (col 7010/32955)
[  5174.3s]   [4,13] rank pass: 5117 pivots (col 7011/32955)
[  5176.6s]   [4,13] rank pass: 5118 pivots (col 7012/32955)
[  5178.7s]   [4,13] rank pass: 5119 pivots (col 7013/32955)
[  5180.9s]   [4,13] rank pass: 5120 pivots (col 7014/32955)
[  5183.0s]   [4,13] rank pass: 5121 pivots (col 7015/32955)
[  5186.9s]   [4,13] rank pass: 5123 pivots (col 7017/32955)
[  5188.9s]   [4,13] rank pass: 5124 pivots (col 7018/32955)
[  5192.8s]   [4,13] rank pass: 5126 pivots (col 7021/32955)
[  5195.0s]   [4,13] rank pass: 5127 pivots (col 7022/32955)
[  5197.2s]   [4,13] rank pass: 5128 pivots (col 7023/32955)
[  5199.4s]   [4,13] rank pass: 5129 pivots (col 7024/32955)
[  5201.8s]   [4,13] rank pass: 5130 pivots (col 7025/32955)
[  5203.9s]   [4,13] rank pass: 5131 pivots (col 7026/32955)
[  5205.9s]   [4,13] rank pass: 5132 pivots (col 7027/32955)
[  5208.0s]   [4,13] rank pass: 5133 pivots (col 7028/32955)
[  5211.9s]   [4,13] rank pass: 5135 pivots (col 7030/32955)
[  5213.9s]   [4,13] rank pass: 5136 pivots (col 7031/32955)
[  5217.9s]   [4,13] rank pass: 5138 pivots (col 7034/32955)
[  5220.1s]   [4,13] rank pass: 5139 pivots (col 7035/32955)
[  5222.3s]   [4,13] rank pass: 5140 pivots (col 7036/32955)
[  5224.4s]   [4,13] rank pass: 5141 pivots (col 7037/32955)
[  5226.5s]   [4,13] rank pass: 5142 pivots (col 7038/32955)
[  5228.8s]   [4,13] rank pass: 5143 pivots (col 7039/32955)
[  5232.7s]   [4,13] rank pass: 5145 pivots (col 7041/32955)
[  5236.6s]   [4,13] rank pass: 5147 pivots (col 7043/32955)
[  5240.1s]   [4,13] rank pass: 5149 pivots (col 7045/32955)
[  5242.2s]   [4,13] rank pass: 5150 pivots (col 7047/32955)
[  5244.3s]   [4,13] rank pass: 5151 pivots (col 7048/32955)
[  5246.5s]   [4,13] rank pass: 5152 pivots (col 7049/32955)
[  5248.8s]   [4,13] rank pass: 5153 pivots (col 7050/32955)
[  5250.9s]   [4,13] rank pass: 5154 pivots (col 7051/32955)
[  5253.0s]   [4,13] rank pass: 5155 pivots (col 7052/32955)
[  5255.1s]   [4,13] rank pass: 5156 pivots (col 7053/32955)
[  5259.1s]   [4,13] rank pass: 5158 pivots (col 7055/32955)
[  5262.8s]   [4,13] rank pass: 5160 pivots (col 7057/32955)
[  5266.4s]   [4,13] rank pass: 5162 pivots (col 7060/32955)
[  5268.5s]   [4,13] rank pass: 5163 pivots (col 7061/32955)
[  5270.7s]   [4,13] rank pass: 5164 pivots (col 7062/32955)
[  5273.0s]   [4,13] rank pass: 5165 pivots (col 7063/32955)
[  5275.1s]   [4,13] rank pass: 5166 pivots (col 7064/32955)
[  5277.2s]   [4,13] rank pass: 5167 pivots (col 7065/32955)
[  5279.2s]   [4,13] rank pass: 5168 pivots (col 7066/32955)
[  5283.1s]   [4,13] rank pass: 5170 pivots (col 7068/32955)
[  5286.7s]   [4,13] rank pass: 5172 pivots (col 7070/32955)
[  5290.4s]   [4,13] rank pass: 5174 pivots (col 7073/32955)
[  5292.6s]   [4,13] rank pass: 5175 pivots (col 7074/32955)
[  5294.6s]   [4,13] rank pass: 5176 pivots (col 7075/32955)
[  5296.7s]   [4,13] rank pass: 5177 pivots (col 7076/32955)
[  5298.8s]   [4,13] rank pass: 5178 pivots (col 7077/32955)
[  5300.8s]   [4,13] rank pass: 5179 pivots (col 7078/32955)
[  5304.7s]   [4,13] rank pass: 5181 pivots (col 7080/32955)
[  5308.5s]   [4,13] rank pass: 5183 pivots (col 7082/32955)
[  5311.1s]   [4,13] rank pass: 5185 pivots (col 7084/32955)
[  5314.1s]   [4,13] rank pass: 5187 pivots (col 7100/32955)
[  5317.3s]   [4,13] rank pass: 5189 pivots (col 7102/32955)
[  5320.3s]   [4,13] rank pass: 5191 pivots (col 7104/32955)
[  5323.6s]   [4,13] rank pass: 5193 pivots (col 7106/32955)
[  5326.5s]   [4,13] rank pass: 5195 pivots (col 7108/32955)
[  5328.9s]   [4,13] rank pass: 5197 pivots (col 7110/32955)
[  5332.1s]   [4,13] rank pass: 5199 pivots (col 7113/32955)
[  5335.0s]   [4,13] rank pass: 5201 pivots (col 7115/32955)
[  5338.1s]   [4,13] rank pass: 5203 pivots (col 7117/32955)
[  5341.0s]   [4,13] rank pass: 5205 pivots (col 7119/32955)
[  5343.7s]   [4,13] rank pass: 5207 pivots (col 7121/32955)
[  5345.8s]   [4,13] rank pass: 5209 pivots (col 7123/32955)
[  5348.8s]   [4,13] rank pass: 5211 pivots (col 7126/32955)
[  5351.9s]   [4,13] rank pass: 5213 pivots (col 7128/32955)
[  5354.9s]   [4,13] rank pass: 5215 pivots (col 7130/32955)
[  5357.9s]   [4,13] rank pass: 5217 pivots (col 7132/32955)
[  5360.4s]   [4,13] rank pass: 5219 pivots (col 7134/32955)
[  5363.2s]   [4,13] rank pass: 5221 pivots (col 7136/32955)
[  5366.3s]   [4,13] rank pass: 5223 pivots (col 7139/32955)
[  5369.4s]   [4,13] rank pass: 5225 pivots (col 7141/32955)
[  5372.6s]   [4,13] rank pass: 5227 pivots (col 7143/32955)
[  5375.4s]   [4,13] rank pass: 5229 pivots (col 7145/32955)
[  5377.8s]   [4,13] rank pass: 5231 pivots (col 7147/32955)
[  5379.9s]   [4,13] rank pass: 5233 pivots (col 7149/32955)
[  5383.0s]   [4,13] rank pass: 5235 pivots (col 7152/32955)
[  5386.1s]   [4,13] rank pass: 5237 pivots (col 7154/32955)
[  5388.9s]   [4,13] rank pass: 5239 pivots (col 7156/32955)
[  5392.5s]   [4,13] rank pass: 5241 pivots (col 7158/32955)
[  5396.3s]   [4,13] rank pass: 5243 pivots (col 7160/32955)
[  5399.6s]   [4,13] rank pass: 5245 pivots (col 7162/32955)
[  5403.6s]   [4,13] rank pass: 5247 pivots (col 7165/32955)
[  5405.7s]   [4,13] rank pass: 5248 pivots (col 7166/32955)
[  5407.8s]   [4,13] rank pass: 5249 pivots (col 7167/32955)
[  5409.8s]   [4,13] rank pass: 5250 pivots (col 7168/32955)
[  5411.9s]   [4,13] rank pass: 5251 pivots (col 7169/32955)
[  5413.9s]   [4,13] rank pass: 5252 pivots (col 7170/32955)
[  5417.7s]   [4,13] rank pass: 5254 pivots (col 7172/32955)
[  5421.1s]   [4,13] rank pass: 5256 pivots (col 7174/32955)
[  5424.6s]   [4,13] rank pass: 5258 pivots (col 7177/32955)
[  5426.6s]   [4,13] rank pass: 5259 pivots (col 7178/32955)
[  5428.7s]   [4,13] rank pass: 5260 pivots (col 7179/32955)
[  5430.7s]   [4,13] rank pass: 5261 pivots (col 7180/32955)
[  5432.8s]   [4,13] rank pass: 5262 pivots (col 7181/32955)
[  5434.8s]   [4,13] rank pass: 5263 pivots (col 7182/32955)
[  5438.7s]   [4,13] rank pass: 5265 pivots (col 7184/32955)
[  5442.3s]   [4,13] rank pass: 5267 pivots (col 7186/32955)
[  5444.9s]   [4,13] rank pass: 5269 pivots (col 7188/32955)
[  5448.4s]   [4,13] rank pass: 5271 pivots (col 7191/32955)
[  5450.5s]   [4,13] rank pass: 5272 pivots (col 7192/32955)
[  5452.5s]   [4,13] rank pass: 5273 pivots (col 7193/32955)
[  5454.6s]   [4,13] rank pass: 5274 pivots (col 7194/32955)
[  5456.6s]   [4,13] rank pass: 5275 pivots (col 7195/32955)
[  5460.5s]   [4,13] rank pass: 5277 pivots (col 7197/32955)
[  5464.2s]   [4,13] rank pass: 5279 pivots (col 7199/32955)
[  5467.0s]   [4,13] rank pass: 5281 pivots (col 7201/32955)
[  5470.0s]   [4,13] rank pass: 5283 pivots (col 7204/32955)
[  5473.9s]   [4,13] rank pass: 5285 pivots (col 7206/32955)
[  5475.9s]   [4,13] rank pass: 5286 pivots (col 7207/32955)
[  5477.9s]   [4,13] rank pass: 5287 pivots (col 7208/32955)
[  5481.8s]   [4,13] rank pass: 5289 pivots (col 7210/32955)
[  5485.4s]   [4,13] rank pass: 5291 pivots (col 7212/32955)
[  5487.5s]   [4,13] rank pass: 5293 pivots (col 7214/32955)
[  5491.2s]   [4,13] rank pass: 5295 pivots (col 7217/32955)
[  5495.2s]   [4,13] rank pass: 5297 pivots (col 7219/32955)
[  5497.3s]   [4,13] rank pass: 5298 pivots (col 7220/32955)
[  5501.2s]   [4,13] rank pass: 5300 pivots (col 7222/32955)
[  5504.5s]   [4,13] rank pass: 5302 pivots (col 7224/32955)
[  5506.8s]   [4,13] rank pass: 5304 pivots (col 7226/32955)
[  5509.4s]   [4,13] rank pass: 5306 pivots (col 7229/32955)
[  5513.3s]   [4,13] rank pass: 5308 pivots (col 7231/32955)
[  5515.3s]   [4,13] rank pass: 5309 pivots (col 7232/32955)
[  5517.4s]   [4,13] rank pass: 5310 pivots (col 7233/32955)
[  5521.3s]   [4,13] rank pass: 5312 pivots (col 7235/32955)
[  5525.0s]   [4,13] rank pass: 5314 pivots (col 7237/32955)
[  5527.7s]   [4,13] rank pass: 5316 pivots (col 7239/32955)
[  5530.8s]   [4,13] rank pass: 5318 pivots (col 7242/32955)
[  5534.7s]   [4,13] rank pass: 5320 pivots (col 7244/32955)
[  5538.5s]   [4,13] rank pass: 5322 pivots (col 7246/32955)
[  5542.4s]   [4,13] rank pass: 5324 pivots (col 7248/32955)
[  5545.7s]   [4,13] rank pass: 5326 pivots (col 7250/32955)
[  5547.9s]   [4,13] rank pass: 5328 pivots (col 7252/32955)
[  5550.1s]   [4,13] rank pass: 5330 pivots (col 7268/32955)
[  5553.9s]   [4,13] rank pass: 5332 pivots (col 7270/32955)
[  5557.9s]   [4,13] rank pass: 5334 pivots (col 7272/32955)
[  5561.7s]   [4,13] rank pass: 5336 pivots (col 7274/32955)
[  5565.3s]   [4,13] rank pass: 5338 pivots (col 7276/32955)
[  5568.8s]   [4,13] rank pass: 5340 pivots (col 7278/32955)
[  5572.2s]   [4,13] rank pass: 5342 pivots (col 7281/32955)
[  5576.0s]   [4,13] rank pass: 5344 pivots (col 7283/32955)
[  5579.9s]   [4,13] rank pass: 5346 pivots (col 7285/32955)
[  5583.9s]   [4,13] rank pass: 5348 pivots (col 7287/32955)
[  5587.5s]   [4,13] rank pass: 5350 pivots (col 7289/32955)
[  5590.9s]   [4,13] rank pass: 5352 pivots (col 7291/32955)
[  5594.2s]   [4,13] rank pass: 5354 pivots (col 7294/32955)
[  5598.1s]   [4,13] rank pass: 5356 pivots (col 7296/32955)
[  5601.9s]   [4,13] rank pass: 5358 pivots (col 7298/32955)
[  5606.0s]   [4,13] rank pass: 5360 pivots (col 7300/32955)
[  5609.6s]   [4,13] rank pass: 5362 pivots (col 7302/32955)
[  5612.8s]   [4,13] rank pass: 5364 pivots (col 7304/32955)
[  5615.1s]   [4,13] rank pass: 5366 pivots (col 7307/32955)
[  5618.7s]   [4,13] rank pass: 5368 pivots (col 7309/32955)
[  5622.6s]   [4,13] rank pass: 5370 pivots (col 7311/32955)
[  5626.5s]   [4,13] rank pass: 5372 pivots (col 7313/32955)
[  5630.2s]   [4,13] rank pass: 5374 pivots (col 7315/32955)
[  5633.2s]   [4,13] rank pass: 5376 pivots (col 7317/32955)
[  5635.4s]   [4,13] rank pass: 5378 pivots (col 7320/32955)
[  5639.5s]   [4,13] rank pass: 5380 pivots (col 7322/32955)
[  5643.6s]   [4,13] rank pass: 5382 pivots (col 7324/32955)
[  5647.7s]   [4,13] rank pass: 5384 pivots (col 7326/32955)
[  5650.6s]   [4,13] rank pass: 5386 pivots (col 7328/32955)
[  5653.0s]   [4,13] rank pass: 5389 pivots (col 7331/32955)
[  5655.1s]   [4,13] rank pass: 5391 pivots (col 7334/32955)
[  5657.2s]   [4,13] rank pass: 5393 pivots (col 7336/32955)
[  5659.2s]   [4,13] rank pass: 5395 pivots (col 7338/32955)
[  5661.7s]   [4,13] rank pass: 5397 pivots (col 7340/32955)
[  5664.3s]   [4,13] rank pass: 5400 pivots (col 7343/32955)
[  5667.3s]   [4,13] rank pass: 5403 pivots (col 7347/32955)
[  5669.6s]   [4,13] rank pass: 5405 pivots (col 7349/32955)
[  5672.0s]   [4,13] rank pass: 5407 pivots (col 7351/32955)
[  5674.1s]   [4,13] rank pass: 5409 pivots (col 7353/32955)
[  5676.6s]   [4,13] rank pass: 5412 pivots (col 7356/32955)
[  5679.3s]   [4,13] rank pass: 5415 pivots (col 7360/32955)
[  5681.3s]   [4,13] rank pass: 5417 pivots (col 7362/32955)
[  5683.5s]   [4,13] rank pass: 5419 pivots (col 7364/32955)
[  5686.4s]   [4,13] rank pass: 5422 pivots (col 7367/32955)
[  5688.8s]   [4,13] rank pass: 5425 pivots (col 7370/32955)
[  5691.0s]   [4,13] rank pass: 5427 pivots (col 7373/32955)
[  5693.7s]   [4,13] rank pass: 5429 pivots (col 7375/32955)
[  5696.4s]   [4,13] rank pass: 5431 pivots (col 7377/32955)
[  5699.2s]   [4,13] rank pass: 5433 pivots (col 7379/32955)
[  5702.3s]   [4,13] rank pass: 5435 pivots (col 7381/32955)
[  5704.6s]   [4,13] rank pass: 5437 pivots (col 7383/32955)
[  5707.5s]   [4,13] rank pass: 5439 pivots (col 7386/32955)
[  5709.9s]   [4,13] rank pass: 5441 pivots (col 7388/32955)
[  5712.1s]   [4,13] rank pass: 5443 pivots (col 7390/32955)
[  5714.1s]   [4,13] rank pass: 5445 pivots (col 7392/32955)
[  5716.7s]   [4,13] rank pass: 5448 pivots (col 7395/32955)
[  5718.8s]   [4,13] rank pass: 5450 pivots (col 7398/32955)
[  5721.0s]   [4,13] rank pass: 5452 pivots (col 7400/32955)
[  5723.2s]   [4,13] rank pass: 5454 pivots (col 7402/32955)
[  5725.3s]   [4,13] rank pass: 5456 pivots (col 7404/32955)
[  5728.1s]   [4,13] rank pass: 5459 pivots (col 7407/32955)
[  5730.5s]   [4,13] rank pass: 5462 pivots (col 7411/32955)
[  5732.7s]   [4,13] rank pass: 5464 pivots (col 7413/32955)
[  5735.6s]   [4,13] rank pass: 5467 pivots (col 7416/32955)
[  5737.6s]   [4,13] rank pass: 5469 pivots (col 7418/32955)
[  5740.1s]   [4,13] rank pass: 5472 pivots (col 7421/32955)
[  5742.9s]   [4,13] rank pass: 5475 pivots (col 7438/32955)
[  5745.8s]   [4,13] rank pass: 5478 pivots (col 7441/32955)
[  5747.9s]   [4,13] rank pass: 5480 pivots (col 7443/32955)
[  5750.5s]   [4,13] rank pass: 5483 pivots (col 7446/32955)
[  5752.9s]   [4,13] rank pass: 5486 pivots (col 7450/32955)
[  5755.8s]   [4,13] rank pass: 5489 pivots (col 7453/32955)
[  5758.7s]   [4,13] rank pass: 5492 pivots (col 7456/32955)
[  5761.4s]   [4,13] rank pass: 5495 pivots (col 7459/32955)
[  5763.9s]   [4,13] rank pass: 5498 pivots (col 7463/32955)
[  5766.8s]   [4,13] rank pass: 5501 pivots (col 7466/32955)
[  5769.7s]   [4,13] rank pass: 5504 pivots (col 7469/32955)
[  5772.3s]   [4,13] rank pass: 5507 pivots (col 7472/32955)
[  5774.6s]   [4,13] rank pass: 5510 pivots (col 7476/32955)
[  5777.5s]   [4,13] rank pass: 5513 pivots (col 7479/32955)
[  5779.5s]   [4,13] rank pass: 5515 pivots (col 7481/32955)
[  5782.2s]   [4,13] rank pass: 5518 pivots (col 7484/32955)
[  5784.4s]   [4,13] rank pass: 5521 pivots (col 7487/32955)
[  5787.2s]   [4,13] rank pass: 5524 pivots (col 7491/32955)
[  5790.1s]   [4,13] rank pass: 5527 pivots (col 7494/32955)
[  5792.9s]   [4,13] rank pass: 5530 pivots (col 7497/32955)
[  5795.1s]   [4,13] rank pass: 5533 pivots (col 7500/32955)
[  5797.8s]   [4,13] rank pass: 5536 pivots (col 7504/32955)
[  5800.6s]   [4,13] rank pass: 5539 pivots (col 7507/32955)
[  5802.7s]   [4,13] rank pass: 5541 pivots (col 7509/32955)
[  5805.0s]   [4,13] rank pass: 5544 pivots (col 7512/32955)
[  5807.5s]   [4,13] rank pass: 5547 pivots (col 7516/32955)
[  5810.3s]   [4,13] rank pass: 5550 pivots (col 7519/32955)
[  5813.1s]   [4,13] rank pass: 5553 pivots (col 7522/32955)
[  5815.4s]   [4,13] rank pass: 5556 pivots (col 7525/32955)
[  5817.9s]   [4,13] rank pass: 5559 pivots (col 7529/32955)
[  5820.6s]   [4,13] rank pass: 5562 pivots (col 7532/32955)
[  5822.7s]   [4,13] rank pass: 5564 pivots (col 7534/32955)
[  5825.2s]   [4,13] rank pass: 5567 pivots (col 7537/32955)
[  5827.5s]   [4,13] rank pass: 5570 pivots (col 7541/32955)
[  5830.1s]   [4,13] rank pass: 5573 pivots (col 7544/32955)
[  5833.0s]   [4,13] rank pass: 5576 pivots (col 7547/32955)
[  5835.4s]   [4,13] rank pass: 5579 pivots (col 7550/32955)
[  5837.7s]   [4,13] rank pass: 5582 pivots (col 7554/32955)
[  5840.2s]   [4,13] rank pass: 5585 pivots (col 7557/32955)
[  5843.1s]   [4,13] rank pass: 5588 pivots (col 7560/32955)
[  5845.6s]   [4,13] rank pass: 5591 pivots (col 7563/32955)
[  5847.7s]   [4,13] rank pass: 5594 pivots (col 7567/32955)
[  5850.3s]   [4,13] rank pass: 5597 pivots (col 7570/32955)
[  5853.1s]   [4,13] rank pass: 5600 pivots (col 7573/32955)
[  5855.6s]   [4,13] rank pass: 5603 pivots (col 7576/32955)
[  5857.7s]   [4,13] rank pass: 5606 pivots (col 7580/32955)
[  5860.2s]   [4,13] rank pass: 5609 pivots (col 7583/32955)
[  5863.0s]   [4,13] rank pass: 5612 pivots (col 7586/32955)
[  5865.3s]   [4,13] rank pass: 5615 pivots (col 7589/32955)
[  5868.0s]   [4,13] rank pass: 5619 pivots (col 7607/32955)
[  5870.6s]   [4,13] rank pass: 5622 pivots (col 7610/32955)
[  5873.2s]   [4,13] rank pass: 5625 pivots (col 7613/32955)
[  5875.4s]   [4,13] rank pass: 5628 pivots (col 7616/32955)
[  5877.6s]   [4,13] rank pass: 5631 pivots (col 7620/32955)
[  5880.1s]   [4,13] rank pass: 5634 pivots (col 7623/32955)
[  5882.9s]   [4,13] rank pass: 5637 pivots (col 7626/32955)
[  5885.1s]   [4,13] rank pass: 5640 pivots (col 7629/32955)
[  5887.3s]   [4,13] rank pass: 5643 pivots (col 7633/32955)
[  5889.8s]   [4,13] rank pass: 5646 pivots (col 7636/32955)
[  5892.4s]   [4,13] rank pass: 5649 pivots (col 7639/32955)
[  5894.5s]   [4,13] rank pass: 5652 pivots (col 7642/32955)
[  5896.6s]   [4,13] rank pass: 5655 pivots (col 7646/32955)
[  5899.2s]   [4,13] rank pass: 5658 pivots (col 7649/32955)
[  5901.8s]   [4,13] rank pass: 5661 pivots (col 7652/32955)
[  5903.9s]   [4,13] rank pass: 5664 pivots (col 7655/32955)
[  5906.1s]   [4,13] rank pass: 5667 pivots (col 7659/32955)
[  5908.6s]   [4,13] rank pass: 5670 pivots (col 7662/32955)
[  5911.2s]   [4,13] rank pass: 5673 pivots (col 7665/32955)
[  5913.3s]   [4,13] rank pass: 5676 pivots (col 7668/32955)
[  5915.4s]   [4,13] rank pass: 5679 pivots (col 7672/32955)
[  5917.8s]   [4,13] rank pass: 5682 pivots (col 7675/32955)
[  5920.3s]   [4,13] rank pass: 5685 pivots (col 7678/32955)
[  5922.6s]   [4,13] rank pass: 5688 pivots (col 7681/32955)
[  5924.7s]   [4,13] rank pass: 5691 pivots (col 7685/32955)
[  5927.1s]   [4,13] rank pass: 5694 pivots (col 7688/32955)
[  5929.6s]   [4,13] rank pass: 5697 pivots (col 7691/32955)
[  5931.8s]   [4,13] rank pass: 5700 pivots (col 7694/32955)
[  5933.8s]   [4,13] rank pass: 5703 pivots (col 7698/32955)
[  5936.2s]   [4,13] rank pass: 5706 pivots (col 7701/32955)
[  5938.9s]   [4,13] rank pass: 5709 pivots (col 7704/32955)
[  5941.0s]   [4,13] rank pass: 5712 pivots (col 7707/32955)
[  5943.1s]   [4,13] rank pass: 5715 pivots (col 7711/32955)
[  5945.6s]   [4,13] rank pass: 5718 pivots (col 7714/32955)
[  5948.1s]   [4,13] rank pass: 5721 pivots (col 7717/32955)
[  5950.3s]   [4,13] rank pass: 5724 pivots (col 7720/32955)
[  5952.4s]   [4,13] rank pass: 5727 pivots (col 7724/32955)
[  5954.8s]   [4,13] rank pass: 5730 pivots (col 7727/32955)
[  5957.2s]   [4,13] rank pass: 5733 pivots (col 7730/32955)
[  5959.2s]   [4,13] rank pass: 5736 pivots (col 7733/32955)
[  5961.9s]   [4,13] rank pass: 5740 pivots (col 7738/32955)
[  5964.3s]   [4,13] rank pass: 5743 pivots (col 7741/32955)
[  5966.6s]   [4,13] rank pass: 5746 pivots (col 7744/32955)
[  5969.1s]   [4,13] rank pass: 5750 pivots (col 7749/32955)
[  5971.3s]   [4,13] rank pass: 5753 pivots (col 7752/32955)
[  5973.7s]   [4,13] rank pass: 5756 pivots (col 7755/32955)
[  5975.8s]   [4,13] rank pass: 5759 pivots (col 7758/32955)
[  5978.1s]   [4,13] rank pass: 5763 pivots (col 7776/32955)
[  5980.3s]   [4,13] rank pass: 5766 pivots (col 7779/32955)
[  5982.6s]   [4,13] rank pass: 5769 pivots (col 7782/32955)
[  5985.1s]   [4,13] rank pass: 5773 pivots (col 7786/32955)
[  5987.1s]   [4,13] rank pass: 5776 pivots (col 7790/32955)
[  5989.4s]   [4,13] rank pass: 5779 pivots (col 7793/32955)
[  5991.8s]   [4,13] rank pass: 5782 pivots (col 7796/32955)
[  5994.1s]   [4,13] rank pass: 5785 pivots (col 7799/32955)
[  5996.2s]   [4,13] rank pass: 5787 pivots (col 7802/32955)
[  5998.6s]   [4,13] rank pass: 5790 pivots (col 7805/32955)
[  6001.2s]   [4,13] rank pass: 5793 pivots (col 7808/32955)
[  6003.7s]   [4,13] rank pass: 5797 pivots (col 7812/32955)
[  6006.2s]   [4,13] rank pass: 5800 pivots (col 7816/32955)
[  6008.5s]   [4,13] rank pass: 5803 pivots (col 7819/32955)
[  6010.7s]   [4,13] rank pass: 5806 pivots (col 7822/32955)
[  6013.2s]   [4,13] rank pass: 5810 pivots (col 7827/32955)
[  6015.5s]   [4,13] rank pass: 5813 pivots (col 7830/32955)
[  6017.8s]   [4,13] rank pass: 5816 pivots (col 7833/32955)
[  6020.0s]   [4,13] rank pass: 5819 pivots (col 7836/32955)
[  6022.5s]   [4,13] rank pass: 5823 pivots (col 7841/32955)
[  6024.8s]   [4,13] rank pass: 5826 pivots (col 7844/32955)
[  6027.1s]   [4,13] rank pass: 5829 pivots (col 7847/32955)
[  6029.5s]   [4,13] rank pass: 5833 pivots (col 7851/32955)
[  6031.6s]   [4,13] rank pass: 5836 pivots (col 7855/32955)
[  6033.8s]   [4,13] rank pass: 5839 pivots (col 7858/32955)
[  6036.0s]   [4,13] rank pass: 5842 pivots (col 7861/32955)
[  6038.4s]   [4,13] rank pass: 5846 pivots (col 7866/32955)
[  6040.5s]   [4,13] rank pass: 5849 pivots (col 7869/32955)
[  6042.8s]   [4,13] rank pass: 5852 pivots (col 7872/32955)
[  6044.8s]   [4,13] rank pass: 5855 pivots (col 7875/32955)
[  6047.2s]   [4,13] rank pass: 5859 pivots (col 7880/32955)
[  6049.4s]   [4,13] rank pass: 5862 pivots (col 7883/32955)
[  6051.5s]   [4,13] rank pass: 5865 pivots (col 7886/32955)
[  6053.8s]   [4,13] rank pass: 5869 pivots (col 7890/32955)
[  6055.9s]   [4,13] rank pass: 5872 pivots (col 7894/32955)
[  6058.0s]   [4,13] rank pass: 5875 pivots (col 7897/32955)
[  6060.2s]   [4,13] rank pass: 5878 pivots (col 7900/32955)
[  6062.4s]   [4,13] rank pass: 5882 pivots (col 7905/32955)
[  6064.4s]   [4,13] rank pass: 5885 pivots (col 7908/32955)
[  6066.6s]   [4,13] rank pass: 5888 pivots (col 7911/32955)
[  6069.0s]   [4,13] rank pass: 5892 pivots (col 7915/32955)
[  6071.4s]   [4,13] rank pass: 5896 pivots (col 7920/32955)
[  6073.7s]   [4,13] rank pass: 5899 pivots (col 7923/32955)
[  6076.2s]   [4,13] rank pass: 5903 pivots (col 7927/32955)
[  6078.4s]   [4,13] rank pass: 5907 pivots (col 7945/32955)
[  6081.0s]   [4,13] rank pass: 5911 pivots (col 7949/32955)
[  6083.5s]   [4,13] rank pass: 5915 pivots (col 7953/32955)
[  6085.6s]   [4,13] rank pass: 5919 pivots (col 7958/32955)
[  6087.6s]   [4,13] rank pass: 5922 pivots (col 7961/32955)
[  6090.2s]   [4,13] rank pass: 5926 pivots (col 7965/32955)
[  6092.3s]   [4,13] rank pass: 5930 pivots (col 7970/32955)
[  6094.8s]   [4,13] rank pass: 5934 pivots (col 7974/32955)
[  6097.3s]   [4,13] rank pass: 5938 pivots (col 7978/32955)
[  6099.3s]   [4,13] rank pass: 5942 pivots (col 7983/32955)
[  6101.9s]   [4,13] rank pass: 5946 pivots (col 7987/32955)
[  6103.9s]   [4,13] rank pass: 5949 pivots (col 7990/32955)
[  6106.0s]   [4,13] rank pass: 5953 pivots (col 7994/32955)
[  6108.5s]   [4,13] rank pass: 5957 pivots (col 7999/32955)
[  6111.0s]   [4,13] rank pass: 5961 pivots (col 8003/32955)
[  6113.2s]   [4,13] rank pass: 5965 pivots (col 8007/32955)
[  6115.5s]   [4,13] rank pass: 5969 pivots (col 8012/32955)
[  6117.9s]   [4,13] rank pass: 5973 pivots (col 8016/32955)
[  6120.0s]   [4,13] rank pass: 5977 pivots (col 8020/32955)
[  6122.4s]   [4,13] rank pass: 5981 pivots (col 8025/32955)
[  6124.9s]   [4,13] rank pass: 5985 pivots (col 8029/32955)
[  6126.9s]   [4,13] rank pass: 5989 pivots (col 8033/32955)
[  6129.2s]   [4,13] rank pass: 5993 pivots (col 8038/32955)
[  6131.6s]   [4,13] rank pass: 5997 pivots (col 8042/32955)
[  6133.7s]   [4,13] rank pass: 6001 pivots (col 8046/32955)
[  6135.9s]   [4,13] rank pass: 6005 pivots (col 8051/32955)
[  6138.4s]   [4,13] rank pass: 6009 pivots (col 8055/32955)
[  6140.9s]   [4,13] rank pass: 6014 pivots (col 8061/32955)
[  6143.2s]   [4,13] rank pass: 6018 pivots (col 8065/32955)
[  6145.4s]   [4,13] rank pass: 6022 pivots (col 8069/32955)
[  6147.9s]   [4,13] rank pass: 6027 pivots (col 8075/32955)
[  6150.2s]   [4,13] rank pass: 6031 pivots (col 8079/32955)
[  6152.4s]   [4,13] rank pass: 6035 pivots (col 8083/32955)
[  6154.8s]   [4,13] rank pass: 6040 pivots (col 8089/32955)
[  6157.0s]   [4,13] rank pass: 6044 pivots (col 8093/32955)
[  6159.4s]   [4,13] rank pass: 6049 pivots (col 8098/32955)
[  6161.5s]   [4,13] rank pass: 6053 pivots (col 8116/32955)
[  6163.7s]   [4,13] rank pass: 6057 pivots (col 8120/32955)
[  6166.1s]   [4,13] rank pass: 6062 pivots (col 8126/32955)
[  6168.2s]   [4,13] rank pass: 6066 pivots (col 8130/32955)
[  6170.3s]   [4,13] rank pass: 6070 pivots (col 8134/32955)
[  6172.6s]   [4,13] rank pass: 6075 pivots (col 8140/32955)
[  6174.8s]   [4,13] rank pass: 6079 pivots (col 8144/32955)
[  6176.8s]   [4,13] rank pass: 6083 pivots (col 8148/32955)
[  6179.2s]   [4,13] rank pass: 6088 pivots (col 8154/32955)
[  6181.4s]   [4,13] rank pass: 6092 pivots (col 8158/32955)
[  6183.8s]   [4,13] rank pass: 6097 pivots (col 8163/32955)
[  6185.9s]   [4,13] rank pass: 6101 pivots (col 8168/32955)
[  6187.9s]   [4,13] rank pass: 6105 pivots (col 8172/32955)
[  6190.2s]   [4,13] rank pass: 6110 pivots (col 8178/32955)
[  6192.2s]   [4,13] rank pass: 6114 pivots (col 8182/32955)
[  6194.3s]   [4,13] rank pass: 6118 pivots (col 8186/32955)
[  6196.5s]   [4,13] rank pass: 6123 pivots (col 8192/32955)
[  6198.5s]   [4,13] rank pass: 6127 pivots (col 8196/32955)
[  6200.9s]   [4,13] rank pass: 6132 pivots (col 8201/32955)
[  6203.2s]   [4,13] rank pass: 6137 pivots (col 8207/32955)
[  6205.2s]   [4,13] rank pass: 6141 pivots (col 8211/32955)
[  6207.4s]   [4,13] rank pass: 6146 pivots (col 8217/32955)
[  6209.8s]   [4,13] rank pass: 6151 pivots (col 8222/32955)
[  6212.1s]   [4,13] rank pass: 6156 pivots (col 8227/32955)
[  6214.4s]   [4,13] rank pass: 6161 pivots (col 8233/32955)
[  6216.7s]   [4,13] rank pass: 6166 pivots (col 8238/32955)
[  6218.8s]   [4,13] rank pass: 6171 pivots (col 8244/32955)
[  6221.1s]   [4,13] rank pass: 6176 pivots (col 8249/32955)
[  6223.3s]   [4,13] rank pass: 6181 pivots (col 8254/32955)
[  6225.5s]   [4,13] rank pass: 6186 pivots (col 8260/32955)
[  6227.6s]   [4,13] rank pass: 6191 pivots (col 8265/32955)
[  6229.9s]   [4,13] rank pass: 6197 pivots (col 8285/32955)
[  6232.0s]   [4,13] rank pass: 6202 pivots (col 8290/32955)
[  6234.3s]   [4,13] rank pass: 6208 pivots (col 8297/32955)
[  6236.4s]   [4,13] rank pass: 6213 pivots (col 8302/32955)
[  6238.7s]   [4,13] rank pass: 6219 pivots (col 8309/32955)
[  6240.8s]   [4,13] rank pass: 6224 pivots (col 8314/32955)
[  6243.1s]   [4,13] rank pass: 6230 pivots (col 8321/32955)
[  6245.2s]   [4,13] rank pass: 6235 pivots (col 8326/32955)
[  6247.4s]   [4,13] rank pass: 6241 pivots (col 8332/32955)
[  6249.7s]   [4,13] rank pass: 6247 pivots (col 8339/32955)
[  6251.8s]   [4,13] rank pass: 6253 pivots (col 8345/32955)
[  6254.0s]   [4,13] rank pass: 6259 pivots (col 8352/32955)
[  6256.1s]   [4,13] rank pass: 6265 pivots (col 8358/32955)
[  6258.4s]   [4,13] rank pass: 6272 pivots (col 8366/32955)
[  6260.4s]   [4,13] rank pass: 6279 pivots (col 8374/32955)
[  6262.7s]   [4,13] rank pass: 6286 pivots (col 8381/32955)
[  6265.0s]   [4,13] rank pass: 6295 pivots (col 8391/32955)
[  6267.1s]   [4,13] rank pass: 6304 pivots (col 8401/32955)
[  6269.2s]   [4,13] rank pass: 6313 pivots (col 8410/32955)
[  6271.2s]   [4,13] rank pass: 6325 pivots (col 8423/32955)
[  6273.5s]   [4,13] rank pass: 6338 pivots (col 8789/32955)
[  6275.6s]   [4,13] rank pass: 6345 pivots (col 8796/32955)
[  6277.9s]   [4,13] rank pass: 6352 pivots (col 8804/32955)
[  6280.5s]   [4,13] rank pass: 6356 pivots (col 8808/32955)
[  6282.7s]   [4,13] rank pass: 6359 pivots (col 8811/32955)
[  6284.8s]   [4,13] rank pass: 6362 pivots (col 8815/32955)
[  6286.9s]   [4,13] rank pass: 6365 pivots (col 8818/32955)
[  6289.0s]   [4,13] rank pass: 6368 pivots (col 8821/32955)
[  6291.1s]   [4,13] rank pass: 6371 pivots (col 8824/32955)
[  6293.1s]   [4,13] rank pass: 6374 pivots (col 8828/32955)
[  6295.1s]   [4,13] rank pass: 6377 pivots (col 8831/32955)
[  6297.7s]   [4,13] rank pass: 6381 pivots (col 8835/32955)
[  6300.3s]   [4,13] rank pass: 6385 pivots (col 8839/32955)
[  6302.8s]   [4,13] rank pass: 6389 pivots (col 8844/32955)
[  6305.2s]   [4,13] rank pass: 6393 pivots (col 8848/32955)
[  6307.6s]   [4,13] rank pass: 6397 pivots (col 8852/32955)
[  6309.9s]   [4,13] rank pass: 6401 pivots (col 8857/32955)
[  6312.2s]   [4,13] rank pass: 6405 pivots (col 8861/32955)
[  6314.4s]   [4,13] rank pass: 6409 pivots (col 8865/32955)
[  6316.5s]   [4,13] rank pass: 6413 pivots (col 8870/32955)
[  6318.6s]   [4,13] rank pass: 6417 pivots (col 8874/32955)
[  6320.6s]   [4,13] rank pass: 6421 pivots (col 8878/32955)
[  6323.1s]   [4,13] rank pass: 6426 pivots (col 8884/32955)
[  6325.5s]   [4,13] rank pass: 6431 pivots (col 8889/32955)
[  6327.7s]   [4,13] rank pass: 6436 pivots (col 8895/32955)
[  6329.9s]   [4,13] rank pass: 6441 pivots (col 8900/32955)
[  6331.9s]   [4,13] rank pass: 6446 pivots (col 8906/32955)
[  6334.3s]   [4,13] rank pass: 6452 pivots (col 8912/32955)
[  6336.5s]   [4,13] rank pass: 6458 pivots (col 8919/32955)
[  6338.6s]   [4,13] rank pass: 6465 pivots (col 8926/32955)
[  6340.6s]   [4,13] rank pass: 6472 pivots (col 8960/32955)
[  6342.7s]   [4,13] rank pass: 6475 pivots (col 8963/32955)
[  6345.0s]   [4,13] rank pass: 6478 pivots (col 8966/32955)
[  6347.4s]   [4,13] rank pass: 6481 pivots (col 8969/32955)
[  6349.8s]   [4,13] rank pass: 6484 pivots (col 8973/32955)
[  6352.2s]   [4,13] rank pass: 6487 pivots (col 8976/32955)
[  6354.6s]   [4,13] rank pass: 6490 pivots (col 8979/32955)
[  6357.0s]   [4,13] rank pass: 6493 pivots (col 8982/32955)
[  6359.4s]   [4,13] rank pass: 6496 pivots (col 8986/32955)
[  6361.8s]   [4,13] rank pass: 6499 pivots (col 8989/32955)
[  6364.2s]   [4,13] rank pass: 6502 pivots (col 8992/32955)
[  6366.6s]   [4,13] rank pass: 6505 pivots (col 8995/32955)
[  6368.9s]   [4,13] rank pass: 6508 pivots (col 8999/32955)
[  6371.3s]   [4,13] rank pass: 6511 pivots (col 9002/32955)
[  6373.7s]   [4,13] rank pass: 6514 pivots (col 9005/32955)
[  6376.1s]   [4,13] rank pass: 6517 pivots (col 9008/32955)
[  6378.5s]   [4,13] rank pass: 6520 pivots (col 9012/32955)
[  6380.9s]   [4,13] rank pass: 6523 pivots (col 9015/32955)
[  6383.3s]   [4,13] rank pass: 6526 pivots (col 9018/32955)
[  6385.6s]   [4,13] rank pass: 6529 pivots (col 9021/32955)
[  6388.0s]   [4,13] rank pass: 6532 pivots (col 9025/32955)
[  6390.4s]   [4,13] rank pass: 6535 pivots (col 9028/32955)
[  6392.8s]   [4,13] rank pass: 6538 pivots (col 9031/32955)
[  6395.2s]   [4,13] rank pass: 6541 pivots (col 9034/32955)
[  6397.5s]   [4,13] rank pass: 6544 pivots (col 9038/32955)
[  6400.0s]   [4,13] rank pass: 6547 pivots (col 9041/32955)
[  6402.4s]   [4,13] rank pass: 6550 pivots (col 9044/32955)
[  6404.8s]   [4,13] rank pass: 6553 pivots (col 9047/32955)
[  6407.1s]   [4,13] rank pass: 6556 pivots (col 9051/32955)
[  6409.5s]   [4,13] rank pass: 6559 pivots (col 9054/32955)
[  6411.9s]   [4,13] rank pass: 6562 pivots (col 9057/32955)
[  6414.2s]   [4,13] rank pass: 6565 pivots (col 9060/32955)
[  6416.6s]   [4,13] rank pass: 6568 pivots (col 9064/32955)
[  6419.0s]   [4,13] rank pass: 6571 pivots (col 9067/32955)
[  6421.4s]   [4,13] rank pass: 6574 pivots (col 9070/32955)
[  6423.7s]   [4,13] rank pass: 6577 pivots (col 9073/32955)
[  6426.1s]   [4,13] rank pass: 6580 pivots (col 9077/32955)
[  6428.4s]   [4,13] rank pass: 6583 pivots (col 9080/32955)
[  6430.8s]   [4,13] rank pass: 6586 pivots (col 9083/32955)
[  6433.2s]   [4,13] rank pass: 6589 pivots (col 9086/32955)
[  6435.5s]   [4,13] rank pass: 6592 pivots (col 9090/32955)
[  6437.5s]   [4,13] rank pass: 6595 pivots (col 9093/32955)
[  6439.5s]   [4,13] rank pass: 6599 pivots (col 9097/32955)
[  6441.6s]   [4,13] rank pass: 6603 pivots (col 9128/32955)
[  6443.9s]   [4,13] rank pass: 6606 pivots (col 9131/32955)
[  6446.3s]   [4,13] rank pass: 6609 pivots (col 9134/32955)
[  6448.6s]   [4,13] rank pass: 6612 pivots (col 9137/32955)
[  6450.9s]   [4,13] rank pass: 6615 pivots (col 9141/32955)
[  6453.1s]   [4,13] rank pass: 6618 pivots (col 9144/32955)
[  6455.4s]   [4,13] rank pass: 6621 pivots (col 9147/32955)
[  6457.7s]   [4,13] rank pass: 6624 pivots (col 9150/32955)
[  6460.1s]   [4,13] rank pass: 6627 pivots (col 9154/32955)
[  6462.6s]   [4,13] rank pass: 6630 pivots (col 9157/32955)
[  6464.9s]   [4,13] rank pass: 6633 pivots (col 9160/32955)
[  6467.2s]   [4,13] rank pass: 6636 pivots (col 9163/32955)
[  6469.5s]   [4,13] rank pass: 6639 pivots (col 9167/32955)
[  6471.7s]   [4,13] rank pass: 6642 pivots (col 9170/32955)
[  6474.0s]   [4,13] rank pass: 6645 pivots (col 9173/32955)
[  6476.3s]   [4,13] rank pass: 6648 pivots (col 9176/32955)
[  6478.6s]   [4,13] rank pass: 6651 pivots (col 9180/32955)
[  6480.9s]   [4,13] rank pass: 6654 pivots (col 9183/32955)
[  6483.2s]   [4,13] rank pass: 6657 pivots (col 9186/32955)
[  6485.4s]   [4,13] rank pass: 6660 pivots (col 9189/32955)
[  6487.7s]   [4,13] rank pass: 6663 pivots (col 9193/32955)
[  6490.0s]   [4,13] rank pass: 6666 pivots (col 9196/32955)
[  6492.2s]   [4,13] rank pass: 6669 pivots (col 9199/32955)
[  6494.8s]   [4,13] rank pass: 6672 pivots (col 9202/32955)
[  6497.1s]   [4,13] rank pass: 6675 pivots (col 9206/32955)
[  6499.4s]   [4,13] rank pass: 6678 pivots (col 9209/32955)
[  6501.6s]   [4,13] rank pass: 6681 pivots (col 9212/32955)
[  6503.9s]   [4,13] rank pass: 6684 pivots (col 9215/32955)
[  6506.1s]   [4,13] rank pass: 6687 pivots (col 9219/32955)
[  6508.4s]   [4,13] rank pass: 6690 pivots (col 9222/32955)
[  6510.6s]   [4,13] rank pass: 6693 pivots (col 9225/32955)
[  6512.9s]   [4,13] rank pass: 6696 pivots (col 9228/32955)
[  6515.1s]   [4,13] rank pass: 6699 pivots (col 9232/32955)
[  6517.4s]   [4,13] rank pass: 6702 pivots (col 9235/32955)
[  6519.6s]   [4,13] rank pass: 6705 pivots (col 9238/32955)
[  6521.9s]   [4,13] rank pass: 6708 pivots (col 9241/32955)
[  6524.1s]   [4,13] rank pass: 6711 pivots (col 9245/32955)
[  6526.3s]   [4,13] rank pass: 6714 pivots (col 9248/32955)
[  6528.6s]   [4,13] rank pass: 6717 pivots (col 9251/32955)
[  6530.8s]   [4,13] rank pass: 6720 pivots (col 9254/32955)
[  6533.0s]   [4,13] rank pass: 6723 pivots (col 9258/32955)
[  6535.1s]   [4,13] rank pass: 6726 pivots (col 9261/32955)
[  6537.3s]   [4,13] rank pass: 6730 pivots (col 9265/32955)
[  6539.9s]   [4,13] rank pass: 6735 pivots (col 9297/32955)
[  6542.0s]   [4,13] rank pass: 6738 pivots (col 9300/32955)
[  6544.2s]   [4,13] rank pass: 6741 pivots (col 9303/32955)
[  6546.4s]   [4,13] rank pass: 6744 pivots (col 9306/32955)
[  6548.5s]   [4,13] rank pass: 6747 pivots (col 9310/32955)
[  6550.7s]   [4,13] rank pass: 6750 pivots (col 9313/32955)
[  6552.9s]   [4,13] rank pass: 6753 pivots (col 9316/32955)
[  6555.0s]   [4,13] rank pass: 6756 pivots (col 9319/32955)
[  6557.2s]   [4,13] rank pass: 6759 pivots (col 9323/32955)
[  6559.3s]   [4,13] rank pass: 6762 pivots (col 9326/32955)
[  6561.5s]   [4,13] rank pass: 6765 pivots (col 9329/32955)
[  6563.7s]   [4,13] rank pass: 6768 pivots (col 9332/32955)
[  6565.8s]   [4,13] rank pass: 6771 pivots (col 9336/32955)
[  6568.0s]   [4,13] rank pass: 6774 pivots (col 9339/32955)
[  6570.1s]   [4,13] rank pass: 6777 pivots (col 9342/32955)
[  6572.3s]   [4,13] rank pass: 6780 pivots (col 9345/32955)
[  6574.4s]   [4,13] rank pass: 6783 pivots (col 9349/32955)
[  6576.6s]   [4,13] rank pass: 6786 pivots (col 9352/32955)
[  6578.7s]   [4,13] rank pass: 6789 pivots (col 9355/32955)
[  6580.9s]   [4,13] rank pass: 6792 pivots (col 9358/32955)
[  6583.1s]   [4,13] rank pass: 6795 pivots (col 9362/32955)
[  6585.2s]   [4,13] rank pass: 6798 pivots (col 9365/32955)
[  6587.3s]   [4,13] rank pass: 6801 pivots (col 9368/32955)
[  6589.5s]   [4,13] rank pass: 6804 pivots (col 9371/32955)
[  6591.7s]   [4,13] rank pass: 6807 pivots (col 9375/32955)
[  6593.8s]   [4,13] rank pass: 6810 pivots (col 9378/32955)
[  6596.0s]   [4,13] rank pass: 6813 pivots (col 9381/32955)
[  6598.1s]   [4,13] rank pass: 6816 pivots (col 9384/32955)
[  6600.2s]   [4,13] rank pass: 6819 pivots (col 9388/32955)
[  6602.4s]   [4,13] rank pass: 6822 pivots (col 9391/32955)
[  6604.5s]   [4,13] rank pass: 6825 pivots (col 9394/32955)
[  6606.7s]   [4,13] rank pass: 6828 pivots (col 9397/32955)
[  6608.8s]   [4,13] rank pass: 6831 pivots (col 9401/32955)
[  6610.9s]   [4,13] rank pass: 6834 pivots (col 9404/32955)
[  6613.0s]   [4,13] rank pass: 6837 pivots (col 9407/32955)
[  6615.2s]   [4,13] rank pass: 6840 pivots (col 9410/32955)
[  6617.3s]   [4,13] rank pass: 6843 pivots (col 9414/32955)
[  6619.4s]   [4,13] rank pass: 6846 pivots (col 9417/32955)
[  6621.5s]   [4,13] rank pass: 6849 pivots (col 9420/32955)
[  6623.7s]   [4,13] rank pass: 6852 pivots (col 9423/32955)
[  6625.8s]   [4,13] rank pass: 6855 pivots (col 9427/32955)
[  6627.8s]   [4,13] rank pass: 6858 pivots (col 9430/32955)
[  6629.9s]   [4,13] rank pass: 6862 pivots (col 9434/32955)
[  6632.2s]   [4,13] rank pass: 6867 pivots (col 9466/32955)
[  6634.2s]   [4,13] rank pass: 6870 pivots (col 9469/32955)
[  6636.3s]   [4,13] rank pass: 6873 pivots (col 9472/32955)
[  6638.3s]   [4,13] rank pass: 6876 pivots (col 9475/32955)
[  6640.4s]   [4,13] rank pass: 6879 pivots (col 9479/32955)
[  6642.4s]   [4,13] rank pass: 6882 pivots (col 9482/32955)
[  6644.5s]   [4,13] rank pass: 6885 pivots (col 9485/32955)
[  6646.5s]   [4,13] rank pass: 6888 pivots (col 9488/32955)
[  6648.6s]   [4,13] rank pass: 6891 pivots (col 9492/32955)
[  6650.7s]   [4,13] rank pass: 6894 pivots (col 9495/32955)
[  6652.7s]   [4,13] rank pass: 6897 pivots (col 9498/32955)
[  6654.8s]   [4,13] rank pass: 6900 pivots (col 9501/32955)
[  6656.8s]   [4,13] rank pass: 6903 pivots (col 9505/32955)
[  6658.8s]   [4,13] rank pass: 6906 pivots (col 9508/32955)
[  6660.9s]   [4,13] rank pass: 6909 pivots (col 9511/32955)
[  6662.9s]   [4,13] rank pass: 6912 pivots (col 9514/32955)
[  6665.0s]   [4,13] rank pass: 6915 pivots (col 9518/32955)
[  6667.0s]   [4,13] rank pass: 6918 pivots (col 9521/32955)
[  6669.0s]   [4,13] rank pass: 6921 pivots (col 9524/32955)
[  6671.1s]   [4,13] rank pass: 6924 pivots (col 9527/32955)
[  6673.1s]   [4,13] rank pass: 6927 pivots (col 9531/32955)
[  6675.1s]   [4,13] rank pass: 6930 pivots (col 9534/32955)
[  6677.1s]   [4,13] rank pass: 6933 pivots (col 9537/32955)
[  6679.2s]   [4,13] rank pass: 6936 pivots (col 9540/32955)
[  6681.2s]   [4,13] rank pass: 6939 pivots (col 9544/32955)
[  6683.3s]   [4,13] rank pass: 6942 pivots (col 9547/32955)
[  6685.3s]   [4,13] rank pass: 6945 pivots (col 9550/32955)
[  6687.3s]   [4,13] rank pass: 6948 pivots (col 9553/32955)
[  6689.3s]   [4,13] rank pass: 6951 pivots (col 9557/32955)
[  6691.3s]   [4,13] rank pass: 6954 pivots (col 9560/32955)
[  6693.4s]   [4,13] rank pass: 6957 pivots (col 9563/32955)
[  6695.4s]   [4,13] rank pass: 6960 pivots (col 9566/32955)
[  6697.4s]   [4,13] rank pass: 6963 pivots (col 9570/32955)
[  6699.4s]   [4,13] rank pass: 6966 pivots (col 9573/32955)
[  6701.4s]   [4,13] rank pass: 6969 pivots (col 9576/32955)
[  6703.5s]   [4,13] rank pass: 6972 pivots (col 9579/32955)
[  6705.5s]   [4,13] rank pass: 6975 pivots (col 9583/32955)
[  6707.5s]   [4,13] rank pass: 6978 pivots (col 9586/32955)
[  6709.5s]   [4,13] rank pass: 6981 pivots (col 9589/32955)
[  6711.5s]   [4,13] rank pass: 6984 pivots (col 9592/32955)
[  6714.2s]   [4,13] rank pass: 6988 pivots (col 9597/32955)
[  6716.5s]   [4,13] rank pass: 6992 pivots (col 9601/32955)
[  6719.0s]   [4,13] rank pass: 6998 pivots (col 9634/32955)
[  6721.5s]   [4,13] rank pass: 7002 pivots (col 9638/32955)
[  6724.1s]   [4,13] rank pass: 7006 pivots (col 9642/32955)
[  6726.6s]   [4,13] rank pass: 7010 pivots (col 9647/32955)
[  6729.2s]   [4,13] rank pass: 7014 pivots (col 9651/32955)
[  6731.8s]   [4,13] rank pass: 7018 pivots (col 9655/32955)
[  6734.4s]   [4,13] rank pass: 7022 pivots (col 9660/32955)
[  6737.0s]   [4,13] rank pass: 7026 pivots (col 9664/32955)
[  6739.5s]   [4,13] rank pass: 7030 pivots (col 9668/32955)
[  6742.1s]   [4,13] rank pass: 7034 pivots (col 9673/32955)
[  6744.7s]   [4,13] rank pass: 7038 pivots (col 9677/32955)
[  6747.3s]   [4,13] rank pass: 7042 pivots (col 9681/32955)
[  6749.8s]   [4,13] rank pass: 7046 pivots (col 9686/32955)
[  6752.4s]   [4,13] rank pass: 7050 pivots (col 9690/32955)
[  6755.0s]   [4,13] rank pass: 7054 pivots (col 9694/32955)
[  6757.6s]   [4,13] rank pass: 7058 pivots (col 9699/32955)
[  6760.1s]   [4,13] rank pass: 7062 pivots (col 9703/32955)
[  6762.7s]   [4,13] rank pass: 7066 pivots (col 9707/32955)
[  6765.2s]   [4,13] rank pass: 7070 pivots (col 9712/32955)
[  6767.8s]   [4,13] rank pass: 7074 pivots (col 9716/32955)
[  6770.4s]   [4,13] rank pass: 7078 pivots (col 9720/32955)
[  6772.9s]   [4,13] rank pass: 7082 pivots (col 9725/32955)
[  6775.5s]   [4,13] rank pass: 7086 pivots (col 9729/32955)
[  6778.0s]   [4,13] rank pass: 7090 pivots (col 9733/32955)
[  6780.6s]   [4,13] rank pass: 7094 pivots (col 9738/32955)
[  6783.1s]   [4,13] rank pass: 7098 pivots (col 9742/32955)
[  6785.7s]   [4,13] rank pass: 7102 pivots (col 9746/32955)
[  6788.2s]   [4,13] rank pass: 7106 pivots (col 9751/32955)
[  6790.7s]   [4,13] rank pass: 7110 pivots (col 9755/32955)
[  6793.3s]   [4,13] rank pass: 7114 pivots (col 9759/32955)
[  6795.8s]   [4,13] rank pass: 7118 pivots (col 9764/32955)
[  6798.2s]   [4,13] rank pass: 7122 pivots (col 9768/32955)
[  6800.3s]   [4,13] rank pass: 7126 pivots (col 9772/32955)
[  6802.8s]   [4,13] rank pass: 7132 pivots (col 9805/32955)
[  6805.1s]   [4,13] rank pass: 7136 pivots (col 9809/32955)
[  6807.6s]   [4,13] rank pass: 7140 pivots (col 9813/32955)
[  6810.0s]   [4,13] rank pass: 7144 pivots (col 9818/32955)
[  6812.4s]   [4,13] rank pass: 7148 pivots (col 9822/32955)
[  6814.9s]   [4,13] rank pass: 7152 pivots (col 9826/32955)
[  6817.3s]   [4,13] rank pass: 7156 pivots (col 9831/32955)
[  6819.8s]   [4,13] rank pass: 7160 pivots (col 9835/32955)
[  6822.3s]   [4,13] rank pass: 7164 pivots (col 9839/32955)
[  6824.7s]   [4,13] rank pass: 7168 pivots (col 9844/32955)
[  6827.1s]   [4,13] rank pass: 7172 pivots (col 9848/32955)
[  6829.5s]   [4,13] rank pass: 7176 pivots (col 9852/32955)
[  6832.0s]   [4,13] rank pass: 7180 pivots (col 9857/32955)
[  6834.4s]   [4,13] rank pass: 7184 pivots (col 9861/32955)
[  6836.8s]   [4,13] rank pass: 7188 pivots (col 9865/32955)
[  6839.2s]   [4,13] rank pass: 7192 pivots (col 9870/32955)
[  6841.7s]   [4,13] rank pass: 7196 pivots (col 9874/32955)
[  6844.1s]   [4,13] rank pass: 7200 pivots (col 9878/32955)
[  6846.5s]   [4,13] rank pass: 7204 pivots (col 9883/32955)
[  6848.9s]   [4,13] rank pass: 7208 pivots (col 9887/32955)
[  6851.3s]   [4,13] rank pass: 7212 pivots (col 9891/32955)
[  6853.7s]   [4,13] rank pass: 7216 pivots (col 9896/32955)
[  6856.1s]   [4,13] rank pass: 7220 pivots (col 9900/32955)
[  6858.5s]   [4,13] rank pass: 7224 pivots (col 9904/32955)
[  6860.9s]   [4,13] rank pass: 7228 pivots (col 9909/32955)
[  6863.3s]   [4,13] rank pass: 7232 pivots (col 9913/32955)
[  6865.7s]   [4,13] rank pass: 7236 pivots (col 9917/32955)
[  6868.1s]   [4,13] rank pass: 7240 pivots (col 9922/32955)
[  6870.5s]   [4,13] rank pass: 7244 pivots (col 9926/32955)
[  6872.9s]   [4,13] rank pass: 7248 pivots (col 9930/32955)
[  6875.3s]   [4,13] rank pass: 7252 pivots (col 9935/32955)
[  6877.4s]   [4,13] rank pass: 7256 pivots (col 9939/32955)
[  6879.5s]   [4,13] rank pass: 7262 pivots (col 9972/32955)
[  6881.5s]   [4,13] rank pass: 7266 pivots (col 9976/32955)
[  6883.8s]   [4,13] rank pass: 7270 pivots (col 9980/32955)
[  6886.1s]   [4,13] rank pass: 7274 pivots (col 9985/32955)
[  6888.4s]   [4,13] rank pass: 7278 pivots (col 9989/32955)
[  6890.7s]   [4,13] rank pass: 7282 pivots (col 9993/32955)
[  6893.1s]   [4,13] rank pass: 7286 pivots (col 9998/32955)
[  6895.4s]   [4,13] rank pass: 7290 pivots (col 10002/32955)
[  6897.7s]   [4,13] rank pass: 7294 pivots (col 10006/32955)
[  6900.0s]   [4,13] rank pass: 7298 pivots (col 10011/32955)
[  6902.4s]   [4,13] rank pass: 7302 pivots (col 10015/32955)
[  6904.7s]   [4,13] rank pass: 7306 pivots (col 10019/32955)
[  6906.9s]   [4,13] rank pass: 7310 pivots (col 10024/32955)
[  6909.2s]   [4,13] rank pass: 7314 pivots (col 10028/32955)
[  6911.5s]   [4,13] rank pass: 7318 pivots (col 10032/32955)
[  6913.8s]   [4,13] rank pass: 7322 pivots (col 10037/32955)
[  6916.1s]   [4,13] rank pass: 7326 pivots (col 10041/32955)
[  6918.4s]   [4,13] rank pass: 7330 pivots (col 10045/32955)
[  6920.6s]   [4,13] rank pass: 7334 pivots (col 10050/32955)
[  6922.9s]   [4,13] rank pass: 7338 pivots (col 10054/32955)
[  6925.2s]   [4,13] rank pass: 7342 pivots (col 10058/32955)
[  6927.5s]   [4,13] rank pass: 7346 pivots (col 10063/32955)
[  6929.7s]   [4,13] rank pass: 7350 pivots (col 10067/32955)
[  6932.0s]   [4,13] rank pass: 7354 pivots (col 10071/32955)
[  6934.3s]   [4,13] rank pass: 7358 pivots (col 10076/32955)
[  6936.5s]   [4,13] rank pass: 7362 pivots (col 10080/32955)
[  6938.8s]   [4,13] rank pass: 7366 pivots (col 10084/32955)
[  6941.0s]   [4,13] rank pass: 7370 pivots (col 10089/32955)
[  6943.3s]   [4,13] rank pass: 7374 pivots (col 10093/32955)
[  6945.6s]   [4,13] rank pass: 7378 pivots (col 10097/32955)
[  6947.8s]   [4,13] rank pass: 7382 pivots (col 10102/32955)
[  6950.0s]   [4,13] rank pass: 7386 pivots (col 10106/32955)
[  6952.0s]   [4,13] rank pass: 7391 pivots (col 10111/32955)
[  6954.2s]   [4,13] rank pass: 7397 pivots (col 10144/32955)
[  6956.3s]   [4,13] rank pass: 7401 pivots (col 10148/32955)
[  6958.4s]   [4,13] rank pass: 7405 pivots (col 10152/32955)
[  6960.6s]   [4,13] rank pass: 7409 pivots (col 10157/32955)
[  6962.8s]   [4,13] rank pass: 7413 pivots (col 10161/32955)
[  6964.9s]   [4,13] rank pass: 7417 pivots (col 10165/32955)
[  6967.1s]   [4,13] rank pass: 7421 pivots (col 10170/32955)
[  6969.3s]   [4,13] rank pass: 7425 pivots (col 10174/32955)
[  6971.4s]   [4,13] rank pass: 7429 pivots (col 10178/32955)
[  6973.6s]   [4,13] rank pass: 7433 pivots (col 10183/32955)
[  6975.7s]   [4,13] rank pass: 7437 pivots (col 10187/32955)
[  6977.9s]   [4,13] rank pass: 7441 pivots (col 10191/32955)
[  6980.1s]   [4,13] rank pass: 7445 pivots (col 10196/32955)
[  6982.2s]   [4,13] rank pass: 7449 pivots (col 10200/32955)
[  6984.4s]   [4,13] rank pass: 7453 pivots (col 10204/32955)
[  6986.5s]   [4,13] rank pass: 7457 pivots (col 10209/32955)
[  6988.7s]   [4,13] rank pass: 7461 pivots (col 10213/32955)
[  6990.8s]   [4,13] rank pass: 7465 pivots (col 10217/32955)
[  6993.0s]   [4,13] rank pass: 7469 pivots (col 10222/32955)
[  6995.1s]   [4,13] rank pass: 7473 pivots (col 10226/32955)
[  6997.2s]   [4,13] rank pass: 7477 pivots (col 10230/32955)
[  6999.4s]   [4,13] rank pass: 7481 pivots (col 10235/32955)
[  7001.5s]   [4,13] rank pass: 7485 pivots (col 10239/32955)
[  7003.6s]   [4,13] rank pass: 7489 pivots (col 10243/32955)
[  7005.8s]   [4,13] rank pass: 7493 pivots (col 10248/32955)
[  7007.9s]   [4,13] rank pass: 7497 pivots (col 10252/32955)
[  7010.0s]   [4,13] rank pass: 7501 pivots (col 10256/32955)
[  7012.2s]   [4,13] rank pass: 7505 pivots (col 10261/32955)
[  7014.3s]   [4,13] rank pass: 7509 pivots (col 10265/32955)
[  7016.4s]   [4,13] rank pass: 7513 pivots (col 10269/32955)
[  7018.5s]   [4,13] rank pass: 7517 pivots (col 10274/32955)
[  7020.5s]   [4,13] rank pass: 7522 pivots (col 10279/32955)
[  7022.8s]   [4,13] rank pass: 7529 pivots (col 10313/32955)
[  7025.1s]   [4,13] rank pass: 7534 pivots (col 10318/32955)
[  7027.1s]   [4,13] rank pass: 7538 pivots (col 10323/32955)
[  7029.2s]   [4,13] rank pass: 7542 pivots (col 10327/32955)
[  7031.2s]   [4,13] rank pass: 7546 pivots (col 10331/32955)
[  7033.3s]   [4,13] rank pass: 7550 pivots (col 10336/32955)
[  7035.3s]   [4,13] rank pass: 7554 pivots (col 10340/32955)
[  7037.3s]   [4,13] rank pass: 7558 pivots (col 10344/32955)
[  7039.4s]   [4,13] rank pass: 7562 pivots (col 10349/32955)
[  7041.4s]   [4,13] rank pass: 7566 pivots (col 10353/32955)
[  7043.4s]   [4,13] rank pass: 7570 pivots (col 10357/32955)
[  7045.5s]   [4,13] rank pass: 7574 pivots (col 10362/32955)
[  7047.5s]   [4,13] rank pass: 7578 pivots (col 10366/32955)
[  7049.5s]   [4,13] rank pass: 7582 pivots (col 10370/32955)
[  7051.5s]   [4,13] rank pass: 7586 pivots (col 10375/32955)
[  7053.5s]   [4,13] rank pass: 7590 pivots (col 10379/32955)
[  7055.5s]   [4,13] rank pass: 7594 pivots (col 10383/32955)
[  7057.5s]   [4,13] rank pass: 7598 pivots (col 10388/32955)
[  7059.5s]   [4,13] rank pass: 7602 pivots (col 10392/32955)
[  7061.6s]   [4,13] rank pass: 7606 pivots (col 10396/32955)
[  7064.0s]   [4,13] rank pass: 7611 pivots (col 10402/32955)
[  7066.5s]   [4,13] rank pass: 7616 pivots (col 10407/32955)
[  7069.0s]   [4,13] rank pass: 7621 pivots (col 10412/32955)
[  7071.5s]   [4,13] rank pass: 7626 pivots (col 10418/32955)
[  7074.0s]   [4,13] rank pass: 7631 pivots (col 10423/32955)
[  7076.5s]   [4,13] rank pass: 7636 pivots (col 10429/32955)
[  7078.9s]   [4,13] rank pass: 7641 pivots (col 10434/32955)
[  7081.4s]   [4,13] rank pass: 7646 pivots (col 10440/32955)
[  7083.7s]   [4,13] rank pass: 7651 pivots (col 10445/32955)
[  7085.8s]   [4,13] rank pass: 7659 pivots (col 10480/32955)
[  7088.2s]   [4,13] rank pass: 7665 pivots (col 10486/32955)
[  7090.4s]   [4,13] rank pass: 7670 pivots (col 10492/32955)
[  7092.8s]   [4,13] rank pass: 7675 pivots (col 10497/32955)
[  7095.0s]   [4,13] rank pass: 7680 pivots (col 10502/32955)
[  7097.2s]   [4,13] rank pass: 7685 pivots (col 10508/32955)
[  7099.4s]   [4,13] rank pass: 7690 pivots (col 10513/32955)
[  7101.5s]   [4,13] rank pass: 7695 pivots (col 10519/32955)
[  7103.5s]   [4,13] rank pass: 7700 pivots (col 10524/32955)
[  7105.8s]   [4,13] rank pass: 7706 pivots (col 10531/32955)
[  7108.0s]   [4,13] rank pass: 7712 pivots (col 10537/32955)
[  7110.1s]   [4,13] rank pass: 7718 pivots (col 10544/32955)
[  7112.2s]   [4,13] rank pass: 7724 pivots (col 10550/32955)
[  7114.4s]   [4,13] rank pass: 7731 pivots (col 10558/32955)
[  7116.4s]   [4,13] rank pass: 7738 pivots (col 10565/32955)
[  7118.7s]   [4,13] rank pass: 7746 pivots (col 10574/32955)
[  7120.7s]   [4,13] rank pass: 7754 pivots (col 10583/32955)
[  7122.9s]   [4,13] rank pass: 7763 pivots (col 10592/32955)
[  7125.1s]   [4,13] rank pass: 7773 pivots (col 10603/32955)
[  7127.1s]   [4,13] rank pass: 7784 pivots (col 10615/32955)
[  7129.2s]   [4,13] rank pass: 7797 pivots (col 10993/32955)
[  7131.5s]   [4,13] rank pass: 7807 pivots (col 11004/32955)
[  7133.8s]   [4,13] rank pass: 7815 pivots (col 11013/32955)
[  7135.9s]   [4,13] rank pass: 7823 pivots (col 11021/32955)
[  7138.0s]   [4,13] rank pass: 7832 pivots (col 11031/32955)
[  7140.2s]   [4,13] rank pass: 7842 pivots (col 11042/32955)
[  7142.3s]   [4,13] rank pass: 7853 pivots (col 11054/32955)
[  7144.3s]   [4,13] rank pass: 7866 pivots (col 11068/32955)
[  7146.4s]   [4,13] rank pass: 7883 pivots (col 11086/32955)
[  7148.7s]   [4,13] rank pass: 7911 pivots (col 11156/32955)
[  7150.8s]   [4,13] rank pass: 7917 pivots (col 11162/32955)
[  7152.9s]   [4,13] rank pass: 7923 pivots (col 11169/32955)
[  7155.0s]   [4,13] rank pass: 7929 pivots (col 11175/32955)
[  7157.1s]   [4,13] rank pass: 7935 pivots (col 11182/32955)
[  7159.2s]   [4,13] rank pass: 7941 pivots (col 11188/32955)
[  7161.3s]   [4,13] rank pass: 7947 pivots (col 11195/32955)
[  7163.4s]   [4,13] rank pass: 7953 pivots (col 11201/32955)
[  7165.5s]   [4,13] rank pass: 7959 pivots (col 11208/32955)
[  7167.6s]   [4,13] rank pass: 7965 pivots (col 11214/32955)
[  7169.7s]   [4,13] rank pass: 7971 pivots (col 11221/32955)
[  7171.8s]   [4,13] rank pass: 7977 pivots (col 11227/32955)
[  7173.9s]   [4,13] rank pass: 7983 pivots (col 11234/32955)
[  7176.0s]   [4,13] rank pass: 7989 pivots (col 11240/32955)
[  7178.0s]   [4,13] rank pass: 7995 pivots (col 11247/32955)
[  7180.1s]   [4,13] rank pass: 8001 pivots (col 11253/32955)
[  7182.2s]   [4,13] rank pass: 8007 pivots (col 11260/32955)
[  7184.3s]   [4,13] rank pass: 8013 pivots (col 11266/32955)
[  7186.3s]   [4,13] rank pass: 8019 pivots (col 11273/32955)
[  7188.6s]   [4,13] rank pass: 8030 pivots (col 11324/32955)
[  7190.6s]   [4,13] rank pass: 8036 pivots (col 11330/32955)
[  7192.7s]   [4,13] rank pass: 8042 pivots (col 11337/32955)
[  7194.7s]   [4,13] rank pass: 8048 pivots (col 11343/32955)
[  7196.8s]   [4,13] rank pass: 8054 pivots (col 11350/32955)
[  7198.8s]   [4,13] rank pass: 8060 pivots (col 11356/32955)
[  7200.8s]   [4,13] rank pass: 8066 pivots (col 11363/32955)
[  7202.8s]   [4,13] rank pass: 8072 pivots (col 11369/32955)
[  7205.2s]   [4,13] rank pass: 8079 pivots (col 11377/32955)
[  7207.2s]   [4,13] rank pass: 8085 pivots (col 11383/32955)
[  7209.5s]   [4,13] rank pass: 8092 pivots (col 11391/32955)
[  7211.5s]   [4,13] rank pass: 8098 pivots (col 11397/32955)
[  7213.9s]   [4,13] rank pass: 8105 pivots (col 11405/32955)
[  7215.9s]   [4,13] rank pass: 8111 pivots (col 11411/32955)
[  7218.2s]   [4,13] rank pass: 8118 pivots (col 11419/32955)
[  7220.2s]   [4,13] rank pass: 8124 pivots (col 11425/32955)
[  7222.5s]   [4,13] rank pass: 8131 pivots (col 11433/32955)
[  7224.8s]   [4,13] rank pass: 8138 pivots (col 11441/32955)
[  7226.8s]   [4,13] rank pass: 8146 pivots (col 11449/32955)
[  7229.1s]   [4,13] rank pass: 8155 pivots (col 11498/32955)
[  7231.3s]   [4,13] rank pass: 8162 pivots (col 11506/32955)
[  7233.6s]   [4,13] rank pass: 8169 pivots (col 11513/32955)
[  7235.9s]   [4,13] rank pass: 8176 pivots (col 11521/32955)
[  7238.1s]   [4,13] rank pass: 8183 pivots (col 11528/32955)
[  7240.4s]   [4,13] rank pass: 8190 pivots (col 11536/32955)
[  7242.6s]   [4,13] rank pass: 8197 pivots (col 11543/32955)
[  7244.9s]   [4,13] rank pass: 8204 pivots (col 11551/32955)
[  7247.1s]   [4,13] rank pass: 8211 pivots (col 11559/32955)
[  7249.4s]   [4,13] rank pass: 8218 pivots (col 11566/32955)
[  7251.6s]   [4,13] rank pass: 8225 pivots (col 11574/32955)
[  7253.8s]   [4,13] rank pass: 8232 pivots (col 11581/32955)
[  7256.0s]   [4,13] rank pass: 8239 pivots (col 11589/32955)
[  7258.2s]   [4,13] rank pass: 8246 pivots (col 11597/32955)
[  7260.5s]   [4,13] rank pass: 8253 pivots (col 11604/32955)
[  7262.6s]   [4,13] rank pass: 8260 pivots (col 11612/32955)
[  7264.7s]   [4,13] rank pass: 8270 pivots (col 11662/32955)
[  7266.9s]   [4,13] rank pass: 8277 pivots (col 11669/32955)
[  7269.0s]   [4,13] rank pass: 8284 pivots (col 11677/32955)
[  7271.2s]   [4,13] rank pass: 8291 pivots (col 11684/32955)
[  7273.4s]   [4,13] rank pass: 8298 pivots (col 11692/32955)
[  7275.5s]   [4,13] rank pass: 8305 pivots (col 11699/32955)
[  7277.7s]   [4,13] rank pass: 8312 pivots (col 11707/32955)
[  7279.8s]   [4,13] rank pass: 8319 pivots (col 11715/32955)
[  7282.0s]   [4,13] rank pass: 8326 pivots (col 11722/32955)
[  7284.1s]   [4,13] rank pass: 8333 pivots (col 11730/32955)
[  7286.3s]   [4,13] rank pass: 8340 pivots (col 11737/32955)
[  7288.4s]   [4,13] rank pass: 8347 pivots (col 11745/32955)
[  7290.5s]   [4,13] rank pass: 8354 pivots (col 11753/32955)
[  7292.7s]   [4,13] rank pass: 8361 pivots (col 11760/32955)
[  7294.8s]   [4,13] rank pass: 8368 pivots (col 11768/32955)
[  7296.9s]   [4,13] rank pass: 8375 pivots (col 11775/32955)
[  7298.9s]   [4,13] rank pass: 8382 pivots (col 11783/32955)
[  7301.0s]   [4,13] rank pass: 8392 pivots (col 11833/32955)
[  7303.1s]   [4,13] rank pass: 8399 pivots (col 11840/32955)
[  7305.2s]   [4,13] rank pass: 8406 pivots (col 11848/32955)
[  7307.3s]   [4,13] rank pass: 8413 pivots (col 11855/32955)
[  7309.3s]   [4,13] rank pass: 8420 pivots (col 11863/32955)
[  7311.4s]   [4,13] rank pass: 8427 pivots (col 11871/32955)
[  7313.5s]   [4,13] rank pass: 8434 pivots (col 11878/32955)
[  7315.5s]   [4,13] rank pass: 8441 pivots (col 11886/32955)
[  7317.6s]   [4,13] rank pass: 8448 pivots (col 11893/32955)
[  7319.6s]   [4,13] rank pass: 8455 pivots (col 11901/32955)
[  7321.6s]   [4,13] rank pass: 8462 pivots (col 11909/32955)
[  7323.7s]   [4,13] rank pass: 8469 pivots (col 11916/32955)
[  7325.7s]   [4,13] rank pass: 8476 pivots (col 11924/32955)
[  7327.8s]   [4,13] rank pass: 8483 pivots (col 11931/32955)
[  7329.8s]   [4,13] rank pass: 8490 pivots (col 11939/32955)
[  7331.8s]   [4,13] rank pass: 8497 pivots (col 11946/32955)
[  7333.9s]   [4,13] rank pass: 8505 pivots (col 11955/32955)
[  7336.1s]   [4,13] rank pass: 8515 pivots (col 12005/32955)
[  7338.4s]   [4,13] rank pass: 8523 pivots (col 12014/32955)
[  7340.6s]   [4,13] rank pass: 8531 pivots (col 12022/32955)
[  7342.9s]   [4,13] rank pass: 8539 pivots (col 12031/32955)
[  7345.1s]   [4,13] rank pass: 8547 pivots (col 12040/32955)
[  7347.4s]   [4,13] rank pass: 8555 pivots (col 12048/32955)
[  7349.6s]   [4,13] rank pass: 8563 pivots (col 12057/32955)
[  7351.9s]   [4,13] rank pass: 8571 pivots (col 12066/32955)
[  7354.1s]   [4,13] rank pass: 8579 pivots (col 12074/32955)
[  7356.3s]   [4,13] rank pass: 8587 pivots (col 12083/32955)
[  7358.6s]   [4,13] rank pass: 8595 pivots (col 12092/32955)
[  7360.8s]   [4,13] rank pass: 8603 pivots (col 12100/32955)
[  7363.0s]   [4,13] rank pass: 8611 pivots (col 12109/32955)
[  7365.2s]   [4,13] rank pass: 8619 pivots (col 12118/32955)
[  7367.4s]   [4,13] rank pass: 8630 pivots (col 12169/32955)
[  7369.6s]   [4,13] rank pass: 8638 pivots (col 12177/32955)
[  7371.7s]   [4,13] rank pass: 8646 pivots (col 12186/32955)
[  7373.9s]   [4,13] rank pass: 8654 pivots (col 12195/32955)
[  7376.1s]   [4,13] rank pass: 8662 pivots (col 12203/32955)
[  7378.2s]   [4,13] rank pass: 8670 pivots (col 12212/32955)
[  7380.3s]   [4,13] rank pass: 8678 pivots (col 12221/32955)
[  7382.5s]   [4,13] rank pass: 8686 pivots (col 12229/32955)
[  7384.6s]   [4,13] rank pass: 8694 pivots (col 12238/32955)
[  7386.7s]   [4,13] rank pass: 8702 pivots (col 12247/32955)
[  7388.9s]   [4,13] rank pass: 8710 pivots (col 12255/32955)
[  7391.0s]   [4,13] rank pass: 8718 pivots (col 12264/32955)
[  7393.1s]   [4,13] rank pass: 8726 pivots (col 12273/32955)
[  7395.2s]   [4,13] rank pass: 8734 pivots (col 12281/32955)
[  7397.2s]   [4,13] rank pass: 8742 pivots (col 12290/32955)
[  7399.3s]   [4,13] rank pass: 8753 pivots (col 12341/32955)
[  7401.4s]   [4,13] rank pass: 8761 pivots (col 12349/32955)
[  7403.5s]   [4,13] rank pass: 8769 pivots (col 12358/32955)
[  7405.5s]   [4,13] rank pass: 8777 pivots (col 12367/32955)
[  7407.6s]   [4,13] rank pass: 8785 pivots (col 12375/32955)
[  7409.6s]   [4,13] rank pass: 8793 pivots (col 12384/32955)
[  7411.7s]   [4,13] rank pass: 8801 pivots (col 12393/32955)
[  7413.7s]   [4,13] rank pass: 8809 pivots (col 12401/32955)
[  7415.7s]   [4,13] rank pass: 8817 pivots (col 12410/32955)
[  7417.8s]   [4,13] rank pass: 8825 pivots (col 12419/32955)
[  7419.8s]   [4,13] rank pass: 8833 pivots (col 12427/32955)
[  7421.8s]   [4,13] rank pass: 8841 pivots (col 12436/32955)
[  7423.8s]   [4,13] rank pass: 8849 pivots (col 12445/32955)
[  7426.0s]   [4,13] rank pass: 8858 pivots (col 12455/32955)
[  7428.2s]   [4,13] rank pass: 8870 pivots (col 12507/32955)
[  7430.5s]   [4,13] rank pass: 8879 pivots (col 12516/32955)
[  7432.7s]   [4,13] rank pass: 8888 pivots (col 12526/32955)
[  7434.8s]   [4,13] rank pass: 8897 pivots (col 12536/32955)
[  7437.0s]   [4,13] rank pass: 8906 pivots (col 12546/32955)
[  7439.2s]   [4,13] rank pass: 8915 pivots (col 12555/32955)
[  7441.4s]   [4,13] rank pass: 8924 pivots (col 12565/32955)
[  7443.6s]   [4,13] rank pass: 8933 pivots (col 12575/32955)
[  7445.7s]   [4,13] rank pass: 8942 pivots (col 12585/32955)
[  7447.9s]   [4,13] rank pass: 8951 pivots (col 12594/32955)
[  7450.0s]   [4,13] rank pass: 8960 pivots (col 12604/32955)
[  7452.1s]   [4,13] rank pass: 8969 pivots (col 12614/32955)
[  7454.2s]   [4,13] rank pass: 8978 pivots (col 12624/32955)
[  7456.4s]   [4,13] rank pass: 8991 pivots (col 12677/32955)
[  7458.5s]   [4,13] rank pass: 9000 pivots (col 12686/32955)
[  7460.5s]   [4,13] rank pass: 9009 pivots (col 12696/32955)
[  7462.6s]   [4,13] rank pass: 9019 pivots (col 12707/32955)
[  7464.7s]   [4,13] rank pass: 9030 pivots (col 12719/32955)
[  7466.8s]   [4,13] rank pass: 9042 pivots (col 12732/32955)
[  7468.8s]   [4,13] rank pass: 9056 pivots (col 12747/32955)
[  7470.9s]   [4,13] rank pass: 9074 pivots (col 12767/32955)
[  7472.9s]   [4,13] rank pass: 9099 pivots (col 12794/32955)
[  7474.9s]   [4,13] rank pass: 9117 pivots (col 13190/32955)
[  7477.0s]   [4,13] rank pass: 9126 pivots (col 13200/32955)
[  7479.4s]   [4,13] rank pass: 9135 pivots (col 13210/32955)
[  7481.5s]   [4,13] rank pass: 9141 pivots (col 13216/32955)
[  7483.7s]   [4,13] rank pass: 9149 pivots (col 13225/32955)
[  7486.0s]   [4,13] rank pass: 9156 pivots (col 13232/32955)
[  7488.2s]   [4,13] rank pass: 9163 pivots (col 13240/32955)
[  7490.5s]   [4,13] rank pass: 9171 pivots (col 13249/32955)
[  7492.7s]   [4,13] rank pass: 9177 pivots (col 13255/32955)
[  7495.0s]   [4,13] rank pass: 9185 pivots (col 13264/32955)
[  7497.1s]   [4,13] rank pass: 9191 pivots (col 13270/32955)
[  7499.1s]   [4,13] rank pass: 9198 pivots (col 13278/32955)
[  7501.3s]   [4,13] rank pass: 9206 pivots (col 13287/32955)
[  7503.3s]   [4,13] rank pass: 9212 pivots (col 13293/32955)
[  7505.6s]   [4,13] rank pass: 9221 pivots (col 13303/32955)
[  7507.6s]   [4,13] rank pass: 9229 pivots (col 13311/32955)
[  7509.6s]   [4,13] rank pass: 9238 pivots (col 13321/32955)
[  7511.9s]   [4,13] rank pass: 9255 pivots (col 13353/32955)
[  7514.2s]   [4,13] rank pass: 9261 pivots (col 13359/32955)
[  7516.6s]   [4,13] rank pass: 9268 pivots (col 13367/32955)
[  7518.7s]   [4,13] rank pass: 9273 pivots (col 13372/32955)
[  7520.9s]   [4,13] rank pass: 9279 pivots (col 13379/32955)
[  7523.2s]   [4,13] rank pass: 9284 pivots (col 13384/32955)
[  7525.4s]   [4,13] rank pass: 9290 pivots (col 13391/32955)
[  7527.7s]   [4,13] rank pass: 9295 pivots (col 13396/32955)
[  7529.7s]   [4,13] rank pass: 9300 pivots (col 13401/32955)
[  7531.9s]   [4,13] rank pass: 9305 pivots (col 13407/32955)
[  7534.1s]   [4,13] rank pass: 9310 pivots (col 13412/32955)
[  7536.6s]   [4,13] rank pass: 9316 pivots (col 13419/32955)
[  7538.9s]   [4,13] rank pass: 9321 pivots (col 13424/32955)
[  7541.3s]   [4,13] rank pass: 9327 pivots (col 13431/32955)
[  7543.6s]   [4,13] rank pass: 9332 pivots (col 13436/32955)
[  7546.0s]   [4,13] rank pass: 9338 pivots (col 13443/32955)
[  7548.3s]   [4,13] rank pass: 9343 pivots (col 13448/32955)
[  7550.3s]   [4,13] rank pass: 9348 pivots (col 13453/32955)
[  7552.5s]   [4,13] rank pass: 9353 pivots (col 13459/32955)
[  7554.7s]   [4,13] rank pass: 9358 pivots (col 13464/32955)
[  7557.1s]   [4,13] rank pass: 9364 pivots (col 13471/32955)
[  7559.3s]   [4,13] rank pass: 9369 pivots (col 13476/32955)
[  7561.7s]   [4,13] rank pass: 9375 pivots (col 13483/32955)
[  7563.9s]   [4,13] rank pass: 9380 pivots (col 13488/32955)
[  7566.2s]   [4,13] rank pass: 9386 pivots (col 13495/32955)
[  7568.3s]   [4,13] rank pass: 9391 pivots (col 13500/32955)
[  7570.4s]   [4,13] rank pass: 9397 pivots (col 13506/32955)
[  7572.8s]   [4,13] rank pass: 9403 pivots (col 13526/32955)
[  7575.1s]   [4,13] rank pass: 9409 pivots (col 13532/32955)
[  7577.2s]   [4,13] rank pass: 9414 pivots (col 13538/32955)
[  7579.6s]   [4,13] rank pass: 9420 pivots (col 13544/32955)
[  7581.7s]   [4,13] rank pass: 9425 pivots (col 13550/32955)
[  7583.7s]   [4,13] rank pass: 9429 pivots (col 13554/32955)
[  7586.0s]   [4,13] rank pass: 9435 pivots (col 13561/32955)
[  7588.2s]   [4,13] rank pass: 9440 pivots (col 13566/32955)
[  7590.4s]   [4,13] rank pass: 9446 pivots (col 13573/32955)
[  7592.7s]   [4,13] rank pass: 9451 pivots (col 13578/32955)
[  7595.0s]   [4,13] rank pass: 9457 pivots (col 13584/32955)
[  7597.1s]   [4,13] rank pass: 9462 pivots (col 13590/32955)
[  7599.2s]   [4,13] rank pass: 9467 pivots (col 13595/32955)
[  7601.5s]   [4,13] rank pass: 9473 pivots (col 13602/32955)
[  7603.5s]   [4,13] rank pass: 9478 pivots (col 13607/32955)
[  7605.7s]   [4,13] rank pass: 9484 pivots (col 13614/32955)
[  7607.8s]   [4,13] rank pass: 9489 pivots (col 13619/32955)
[  7609.9s]   [4,13] rank pass: 9495 pivots (col 13626/32955)
[  7612.0s]   [4,13] rank pass: 9500 pivots (col 13631/32955)
[  7614.1s]   [4,13] rank pass: 9506 pivots (col 13638/32955)
[  7616.2s]   [4,13] rank pass: 9511 pivots (col 13643/32955)
[  7618.3s]   [4,13] rank pass: 9517 pivots (col 13649/32955)
[  7620.7s]   [4,13] rank pass: 9523 pivots (col 13656/32955)
[  7622.8s]   [4,13] rank pass: 9529 pivots (col 13662/32955)
[  7624.9s]   [4,13] rank pass: 9535 pivots (col 13669/32955)
[  7627.1s]   [4,13] rank pass: 9542 pivots (col 13690/32955)
[  7629.2s]   [4,13] rank pass: 9547 pivots (col 13695/32955)
[  7631.2s]   [4,13] rank pass: 9553 pivots (col 13701/32955)
[  7633.3s]   [4,13] rank pass: 9557 pivots (col 13706/32955)
[  7635.6s]   [4,13] rank pass: 9563 pivots (col 13712/32955)
[  7637.8s]   [4,13] rank pass: 9569 pivots (col 13719/32955)
[  7640.0s]   [4,13] rank pass: 9575 pivots (col 13725/32955)
[  7642.0s]   [4,13] rank pass: 9581 pivots (col 13732/32955)
[  7644.3s]   [4,13] rank pass: 9587 pivots (col 13738/32955)
[  7646.6s]   [4,13] rank pass: 9592 pivots (col 13744/32955)
[  7648.7s]   [4,13] rank pass: 9597 pivots (col 13749/32955)
[  7650.8s]   [4,13] rank pass: 9603 pivots (col 13756/32955)
[  7653.2s]   [4,13] rank pass: 9609 pivots (col 13762/32955)
[  7655.5s]   [4,13] rank pass: 9616 pivots (col 13770/32955)
[  7657.7s]   [4,13] rank pass: 9622 pivots (col 13776/32955)
[  7660.1s]   [4,13] rank pass: 9629 pivots (col 13784/32955)
[  7662.3s]   [4,13] rank pass: 9635 pivots (col 13790/32955)
[  7664.7s]   [4,13] rank pass: 9642 pivots (col 13798/32955)
[  7667.0s]   [4,13] rank pass: 9648 pivots (col 13804/32955)
[  7669.3s]   [4,13] rank pass: 9655 pivots (col 13812/32955)
[  7671.5s]   [4,13] rank pass: 9662 pivots (col 13820/32955)
[  7673.6s]   [4,13] rank pass: 9668 pivots (col 13826/32955)
[  7675.7s]   [4,13] rank pass: 9675 pivots (col 13834/32955)
[  7677.8s]   [4,13] rank pass: 9681 pivots (col 13840/32955)
[  7680.1s]   [4,13] rank pass: 9689 pivots (col 13862/32955)
[  7682.1s]   [4,13] rank pass: 9695 pivots (col 13868/32955)
[  7684.2s]   [4,13] rank pass: 9702 pivots (col 13876/32955)
[  7686.3s]   [4,13] rank pass: 9709 pivots (col 13883/32955)
[  7688.6s]   [4,13] rank pass: 9716 pivots (col 13891/32955)
[  7690.8s]   [4,13] rank pass: 9724 pivots (col 13900/32955)
[  7692.9s]   [4,13] rank pass: 9730 pivots (col 13906/32955)
[  7694.9s]   [4,13] rank pass: 9737 pivots (col 13914/32955)
[  7697.1s]   [4,13] rank pass: 9744 pivots (col 13921/32955)
[  7699.2s]   [4,13] rank pass: 9751 pivots (col 13929/32955)
[  7701.5s]   [4,13] rank pass: 9759 pivots (col 13938/32955)
[  7703.8s]   [4,13] rank pass: 9766 pivots (col 13945/32955)
[  7706.0s]   [4,13] rank pass: 9774 pivots (col 13954/32955)
[  7708.0s]   [4,13] rank pass: 9781 pivots (col 13961/32955)
[  7710.1s]   [4,13] rank pass: 9788 pivots (col 13969/32955)
[  7712.3s]   [4,13] rank pass: 9796 pivots (col 13978/32955)
[  7714.4s]   [4,13] rank pass: 9803 pivots (col 13985/32955)
[  7716.6s]   [4,13] rank pass: 9811 pivots (col 13994/32955)
[  7718.6s]   [4,13] rank pass: 9819 pivots (col 14003/32955)
[  7720.7s]   [4,13] rank pass: 9826 pivots (col 14010/32955)
[  7722.9s]   [4,13] rank pass: 9835 pivots (col 14033/32955)
[  7725.1s]   [4,13] rank pass: 9843 pivots (col 14042/32955)
[  7727.3s]   [4,13] rank pass: 9849 pivots (col 14048/32955)
[  7729.6s]   [4,13] rank pass: 9857 pivots (col 14057/32955)
[  7731.6s]   [4,13] rank pass: 9864 pivots (col 14064/32955)
[  7733.8s]   [4,13] rank pass: 9872 pivots (col 14073/32955)
[  7736.1s]   [4,13] rank pass: 9881 pivots (col 14083/32955)
[  7738.3s]   [4,13] rank pass: 9889 pivots (col 14091/32955)
[  7740.5s]   [4,13] rank pass: 9897 pivots (col 14100/32955)
[  7742.5s]   [4,13] rank pass: 9906 pivots (col 14110/32955)
[  7744.6s]   [4,13] rank pass: 9914 pivots (col 14119/32955)
[  7746.6s]   [4,13] rank pass: 9921 pivots (col 14126/32955)
[  7748.7s]   [4,13] rank pass: 9930 pivots (col 14136/32955)
[  7750.9s]   [4,13] rank pass: 9939 pivots (col 14146/32955)
[  7753.0s]   [4,13] rank pass: 9947 pivots (col 14154/32955)
[  7755.2s]   [4,13] rank pass: 9956 pivots (col 14164/32955)
[  7757.4s]   [4,13] rank pass: 9966 pivots (col 14175/32955)
[  7759.5s]   [4,13] rank pass: 9977 pivots (col 14200/32955)
[  7761.6s]   [4,13] rank pass: 9987 pivots (col 14211/32955)
[  7763.7s]   [4,13] rank pass: 9996 pivots (col 14220/32955)
[  7765.9s]   [4,13] rank pass: 10006 pivots (col 14231/32955)
[  7768.0s]   [4,13] rank pass: 10016 pivots (col 14242/32955)
[  7770.2s]   [4,13] rank pass: 10027 pivots (col 14254/32955)
[  7772.4s]   [4,13] rank pass: 10038 pivots (col 14266/32955)
[  7774.6s]   [4,13] rank pass: 10049 pivots (col 14278/32955)
[  7776.8s]   [4,13] rank pass: 10060 pivots (col 14290/32955)
[  7778.9s]   [4,13] rank pass: 10071 pivots (col 14302/32955)
[  7781.1s]   [4,13] rank pass: 10082 pivots (col 14314/32955)
[  7783.2s]   [4,13] rank pass: 10093 pivots (col 14325/32955)
[  7785.2s]   [4,13] rank pass: 10104 pivots (col 14337/32955)
[  7787.3s]   [4,13] rank pass: 10117 pivots (col 14351/32955)
[  7789.4s]   [4,13] rank pass: 10130 pivots (col 14379/32955)
[  7791.4s]   [4,13] rank pass: 10142 pivots (col 14392/32955)
[  7793.4s]   [4,13] rank pass: 10154 pivots (col 14405/32955)
[  7795.5s]   [4,13] rank pass: 10167 pivots (col 14419/32955)
[  7797.6s]   [4,13] rank pass: 10180 pivots (col 14433/32955)
[  7799.7s]   [4,13] rank pass: 10193 pivots (col 14447/32955)
[  7801.7s]   [4,13] rank pass: 10206 pivots (col 14461/32955)
[  7803.8s]   [4,13] rank pass: 10220 pivots (col 14476/32955)
[  7805.9s]   [4,13] rank pass: 10234 pivots (col 14491/32955)
[  7807.9s]   [4,13] rank pass: 10249 pivots (col 14507/32955)
[  7809.9s]   [4,13] rank pass: 10266 pivots (col 14539/32955)
[  7811.9s]   [4,13] rank pass: 10282 pivots (col 14556/32955)
[  7814.0s]   [4,13] rank pass: 10300 pivots (col 14576/32955)
[  7816.1s]   [4,13] rank pass: 10317 pivots (col 14594/32955)
[  7818.2s]   [4,13] rank pass: 10336 pivots (col 14615/32955)
[  7820.3s]   [4,13] rank pass: 10354 pivots (col 14634/32955)
[  7822.3s]   [4,13] rank pass: 10374 pivots (col 14656/32955)
[  7824.4s]   [4,13] rank pass: 10395 pivots (col 14679/32955)
[  7826.4s]   [4,13] rank pass: 10420 pivots (col 14719/32955)
[  7828.5s]   [4,13] rank pass: 10445 pivots (col 14746/32955)
[  7830.5s]   [4,13] rank pass: 10475 pivots (col 14778/32955)
[  7832.5s]   [4,13] rank pass: 10528 pivots (col 14836/32955)
[  7834.7s]   [4,13] rank pass: 10556 pivots (col 15386/32955)
[  7836.9s]   [4,13] rank pass: 10565 pivots (col 15396/32955)
[  7839.4s]   [4,13] rank pass: 10570 pivots (col 15401/32955)
[  7841.5s]   [4,13] rank pass: 10574 pivots (col 15406/32955)
[  7843.5s]   [4,13] rank pass: 10578 pivots (col 15410/32955)
[  7845.6s]   [4,13] rank pass: 10582 pivots (col 15414/32955)
[  7847.7s]   [4,13] rank pass: 10586 pivots (col 15419/32955)
[  7849.8s]   [4,13] rank pass: 10590 pivots (col 15423/32955)
[  7851.8s]   [4,13] rank pass: 10594 pivots (col 15427/32955)
[  7853.8s]   [4,13] rank pass: 10598 pivots (col 15432/32955)
[  7855.9s]   [4,13] rank pass: 10602 pivots (col 15436/32955)
[  7857.9s]   [4,13] rank pass: 10606 pivots (col 15440/32955)
[  7859.9s]   [4,13] rank pass: 10610 pivots (col 15445/32955)
[  7862.0s]   [4,13] rank pass: 10614 pivots (col 15449/32955)
[  7864.0s]   [4,13] rank pass: 10618 pivots (col 15453/32955)
[  7866.4s]   [4,13] rank pass: 10623 pivots (col 15459/32955)
[  7868.9s]   [4,13] rank pass: 10628 pivots (col 15464/32955)
[  7871.3s]   [4,13] rank pass: 10633 pivots (col 15469/32955)
[  7873.8s]   [4,13] rank pass: 10638 pivots (col 15475/32955)
[  7876.2s]   [4,13] rank pass: 10643 pivots (col 15480/32955)
[  7878.5s]   [4,13] rank pass: 10648 pivots (col 15486/32955)
[  7880.9s]   [4,13] rank pass: 10653 pivots (col 15491/32955)
[  7883.3s]   [4,13] rank pass: 10658 pivots (col 15497/32955)
[  7885.6s]   [4,13] rank pass: 10663 pivots (col 15502/32955)
[  7887.9s]   [4,13] rank pass: 10668 pivots (col 15507/32955)
[  7890.2s]   [4,13] rank pass: 10673 pivots (col 15513/32955)
[  7892.2s]   [4,13] rank pass: 10680 pivots (col 15520/32955)
[  7894.4s]   [4,13] rank pass: 10686 pivots (col 15553/32955)
[  7896.5s]   [4,13] rank pass: 10690 pivots (col 15557/32955)
[  7898.5s]   [4,13] rank pass: 10694 pivots (col 15562/32955)
[  7900.6s]   [4,13] rank pass: 10698 pivots (col 15566/32955)
[  7902.7s]   [4,13] rank pass: 10702 pivots (col 15570/32955)
[  7904.8s]   [4,13] rank pass: 10706 pivots (col 15575/32955)
[  7906.9s]   [4,13] rank pass: 10710 pivots (col 15579/32955)
[  7908.9s]   [4,13] rank pass: 10714 pivots (col 15583/32955)
[  7911.0s]   [4,13] rank pass: 10718 pivots (col 15588/32955)
[  7913.1s]   [4,13] rank pass: 10722 pivots (col 15592/32955)
[  7915.2s]   [4,13] rank pass: 10726 pivots (col 15596/32955)
[  7917.5s]   [4,13] rank pass: 10730 pivots (col 15601/32955)
[  7919.6s]   [4,13] rank pass: 10734 pivots (col 15605/32955)
[  7921.7s]   [4,13] rank pass: 10738 pivots (col 15609/32955)
[  7923.7s]   [4,13] rank pass: 10742 pivots (col 15614/32955)
[  7925.8s]   [4,13] rank pass: 10746 pivots (col 15618/32955)
[  7927.9s]   [4,13] rank pass: 10750 pivots (col 15622/32955)
[  7929.9s]   [4,13] rank pass: 10754 pivots (col 15627/32955)
[  7932.0s]   [4,13] rank pass: 10758 pivots (col 15631/32955)
[  7934.1s]   [4,13] rank pass: 10762 pivots (col 15635/32955)
[  7936.2s]   [4,13] rank pass: 10766 pivots (col 15640/32955)
[  7938.3s]   [4,13] rank pass: 10770 pivots (col 15644/32955)
[  7940.4s]   [4,13] rank pass: 10774 pivots (col 15648/32955)
[  7942.5s]   [4,13] rank pass: 10778 pivots (col 15653/32955)
[  7944.5s]   [4,13] rank pass: 10782 pivots (col 15657/32955)
[  7946.6s]   [4,13] rank pass: 10786 pivots (col 15661/32955)
[  7948.6s]   [4,13] rank pass: 10790 pivots (col 15666/32955)
[  7950.7s]   [4,13] rank pass: 10794 pivots (col 15670/32955)
[  7952.8s]   [4,13] rank pass: 10798 pivots (col 15674/32955)
[  7954.8s]   [4,13] rank pass: 10802 pivots (col 15679/32955)
[  7956.8s]   [4,13] rank pass: 10806 pivots (col 15683/32955)
[  7958.9s]   [4,13] rank pass: 10810 pivots (col 15687/32955)
[  7961.4s]   [4,13] rank pass: 10815 pivots (col 15719/32955)
[  7963.9s]   [4,13] rank pass: 10820 pivots (col 15724/32955)
[  7966.3s]   [4,13] rank pass: 10825 pivots (col 15729/32955)
[  7968.8s]   [4,13] rank pass: 10830 pivots (col 15735/32955)
[  7971.3s]   [4,13] rank pass: 10835 pivots (col 15740/32955)
[  7973.3s]   [4,13] rank pass: 10839 pivots (col 15745/32955)
[  7975.7s]   [4,13] rank pass: 10844 pivots (col 15750/32955)
[  7978.2s]   [4,13] rank pass: 10849 pivots (col 15755/32955)
[  7980.6s]   [4,13] rank pass: 10854 pivots (col 15761/32955)
[  7983.0s]   [4,13] rank pass: 10859 pivots (col 15766/32955)
[  7985.5s]   [4,13] rank pass: 10864 pivots (col 15772/32955)
[  7987.9s]   [4,13] rank pass: 10869 pivots (col 15777/32955)
[  7990.3s]   [4,13] rank pass: 10874 pivots (col 15783/32955)
[  7992.8s]   [4,13] rank pass: 10879 pivots (col 15788/32955)
[  7995.2s]   [4,13] rank pass: 10884 pivots (col 15793/32955)
[  7997.6s]   [4,13] rank pass: 10889 pivots (col 15799/32955)
[  8000.0s]   [4,13] rank pass: 10894 pivots (col 15804/32955)
[  8002.4s]   [4,13] rank pass: 10899 pivots (col 15810/32955)
[  8004.8s]   [4,13] rank pass: 10904 pivots (col 15815/32955)
[  8007.2s]   [4,13] rank pass: 10909 pivots (col 15820/32955)
[  8009.6s]   [4,13] rank pass: 10914 pivots (col 15826/32955)
[  8012.1s]   [4,13] rank pass: 10919 pivots (col 15831/32955)
[  8014.5s]   [4,13] rank pass: 10924 pivots (col 15837/32955)
[  8016.9s]   [4,13] rank pass: 10929 pivots (col 15842/32955)
[  8019.3s]   [4,13] rank pass: 10934 pivots (col 15848/32955)
[  8021.7s]   [4,13] rank pass: 10939 pivots (col 15853/32955)
[  8024.0s]   [4,13] rank pass: 10944 pivots (col 15858/32955)
[  8026.3s]   [4,13] rank pass: 10949 pivots (col 15890/32955)
[  8028.6s]   [4,13] rank pass: 10954 pivots (col 15895/32955)
[  8030.9s]   [4,13] rank pass: 10959 pivots (col 15901/32955)
[  8033.2s]   [4,13] rank pass: 10964 pivots (col 15906/32955)
[  8035.5s]   [4,13] rank pass: 10969 pivots (col 15911/32955)
[  8037.8s]   [4,13] rank pass: 10974 pivots (col 15917/32955)
[  8040.1s]   [4,13] rank pass: 10979 pivots (col 15922/32955)
[  8042.3s]   [4,13] rank pass: 10984 pivots (col 15928/32955)
[  8044.6s]   [4,13] rank pass: 10989 pivots (col 15933/32955)
[  8046.9s]   [4,13] rank pass: 10994 pivots (col 15939/32955)
[  8049.2s]   [4,13] rank pass: 10999 pivots (col 15944/32955)
[  8051.5s]   [4,13] rank pass: 11004 pivots (col 15949/32955)
[  8053.8s]   [4,13] rank pass: 11009 pivots (col 15955/32955)
[  8056.0s]   [4,13] rank pass: 11014 pivots (col 15960/32955)
[  8058.3s]   [4,13] rank pass: 11019 pivots (col 15966/32955)
[  8060.5s]   [4,13] rank pass: 11024 pivots (col 15971/32955)
[  8062.8s]   [4,13] rank pass: 11029 pivots (col 15976/32955)
[  8065.1s]   [4,13] rank pass: 11034 pivots (col 15982/32955)
[  8067.3s]   [4,13] rank pass: 11039 pivots (col 15987/32955)
[  8069.6s]   [4,13] rank pass: 11044 pivots (col 15993/32955)
[  8071.8s]   [4,13] rank pass: 11049 pivots (col 15998/32955)
[  8074.1s]   [4,13] rank pass: 11054 pivots (col 16004/32955)
[  8076.3s]   [4,13] rank pass: 11059 pivots (col 16009/32955)
[  8078.5s]   [4,13] rank pass: 11064 pivots (col 16014/32955)
[  8080.8s]   [4,13] rank pass: 11069 pivots (col 16020/32955)
[  8083.0s]   [4,13] rank pass: 11074 pivots (col 16025/32955)
[  8085.1s]   [4,13] rank pass: 11079 pivots (col 16057/32955)
[  8087.3s]   [4,13] rank pass: 11084 pivots (col 16062/32955)
[  8089.5s]   [4,13] rank pass: 11089 pivots (col 16067/32955)
[  8091.6s]   [4,13] rank pass: 11094 pivots (col 16073/32955)
[  8093.8s]   [4,13] rank pass: 11099 pivots (col 16078/32955)
[  8095.9s]   [4,13] rank pass: 11104 pivots (col 16084/32955)
[  8098.1s]   [4,13] rank pass: 11109 pivots (col 16089/32955)
[  8100.2s]   [4,13] rank pass: 11114 pivots (col 16095/32955)
[  8102.3s]   [4,13] rank pass: 11119 pivots (col 16100/32955)
[  8104.5s]   [4,13] rank pass: 11124 pivots (col 16105/32955)
[  8106.6s]   [4,13] rank pass: 11129 pivots (col 16111/32955)
[  8108.7s]   [4,13] rank pass: 11134 pivots (col 16116/32955)
[  8110.8s]   [4,13] rank pass: 11139 pivots (col 16122/32955)
[  8113.0s]   [4,13] rank pass: 11144 pivots (col 16127/32955)
[  8115.1s]   [4,13] rank pass: 11149 pivots (col 16132/32955)
[  8117.2s]   [4,13] rank pass: 11154 pivots (col 16138/32955)
[  8119.3s]   [4,13] rank pass: 11159 pivots (col 16143/32955)
[  8121.4s]   [4,13] rank pass: 11164 pivots (col 16149/32955)
[  8123.5s]   [4,13] rank pass: 11169 pivots (col 16154/32955)
[  8125.6s]   [4,13] rank pass: 11174 pivots (col 16160/32955)
[  8127.7s]   [4,13] rank pass: 11179 pivots (col 16165/32955)
[  8129.8s]   [4,13] rank pass: 11184 pivots (col 16170/32955)
[  8131.9s]   [4,13] rank pass: 11189 pivots (col 16176/32955)
[  8134.0s]   [4,13] rank pass: 11194 pivots (col 16181/32955)
[  8136.0s]   [4,13] rank pass: 11199 pivots (col 16187/32955)
[  8138.1s]   [4,13] rank pass: 11204 pivots (col 16192/32955)
[  8140.1s]   [4,13] rank pass: 11209 pivots (col 16197/32955)
[  8142.5s]   [4,13] rank pass: 11215 pivots (col 16230/32955)
[  8144.6s]   [4,13] rank pass: 11220 pivots (col 16235/32955)
[  8146.9s]   [4,13] rank pass: 11226 pivots (col 16242/32955)
[  8149.3s]   [4,13] rank pass: 11232 pivots (col 16248/32955)
[  8151.7s]   [4,13] rank pass: 11238 pivots (col 16255/32955)
[  8154.1s]   [4,13] rank pass: 11244 pivots (col 16261/32955)
[  8156.1s]   [4,13] rank pass: 11249 pivots (col 16267/32955)
[  8158.5s]   [4,13] rank pass: 11255 pivots (col 16273/32955)
[  8160.9s]   [4,13] rank pass: 11261 pivots (col 16280/32955)
[  8163.3s]   [4,13] rank pass: 11267 pivots (col 16286/32955)
[  8165.6s]   [4,13] rank pass: 11273 pivots (col 16293/32955)
[  8168.0s]   [4,13] rank pass: 11279 pivots (col 16299/32955)
[  8170.4s]   [4,13] rank pass: 11285 pivots (col 16306/32955)
[  8172.7s]   [4,13] rank pass: 11291 pivots (col 16312/32955)
[  8175.1s]   [4,13] rank pass: 11297 pivots (col 16319/32955)
[  8177.4s]   [4,13] rank pass: 11303 pivots (col 16325/32955)
[  8179.8s]   [4,13] rank pass: 11309 pivots (col 16332/32955)
[  8182.1s]   [4,13] rank pass: 11315 pivots (col 16338/32955)
[  8184.5s]   [4,13] rank pass: 11321 pivots (col 16345/32955)
[  8186.8s]   [4,13] rank pass: 11327 pivots (col 16351/32955)
[  8189.1s]   [4,13] rank pass: 11333 pivots (col 16358/32955)
[  8191.4s]   [4,13] rank pass: 11339 pivots (col 16364/32955)
[  8193.7s]   [4,13] rank pass: 11345 pivots (col 16397/32955)
[  8195.9s]   [4,13] rank pass: 11351 pivots (col 16403/32955)
[  8198.2s]   [4,13] rank pass: 11357 pivots (col 16410/32955)
[  8200.4s]   [4,13] rank pass: 11363 pivots (col 16416/32955)
[  8202.6s]   [4,13] rank pass: 11369 pivots (col 16423/32955)
[  8204.9s]   [4,13] rank pass: 11375 pivots (col 16429/32955)
[  8207.1s]   [4,13] rank pass: 11381 pivots (col 16436/32955)
[  8209.3s]   [4,13] rank pass: 11387 pivots (col 16442/32955)
[  8211.5s]   [4,13] rank pass: 11393 pivots (col 16449/32955)
[  8213.7s]   [4,13] rank pass: 11399 pivots (col 16455/32955)
[  8215.9s]   [4,13] rank pass: 11405 pivots (col 16462/32955)
[  8218.1s]   [4,13] rank pass: 11411 pivots (col 16468/32955)
[  8220.3s]   [4,13] rank pass: 11417 pivots (col 16475/32955)
[  8222.5s]   [4,13] rank pass: 11423 pivots (col 16481/32955)
[  8224.7s]   [4,13] rank pass: 11429 pivots (col 16488/32955)
[  8226.9s]   [4,13] rank pass: 11435 pivots (col 16494/32955)
[  8229.1s]   [4,13] rank pass: 11441 pivots (col 16501/32955)
[  8231.3s]   [4,13] rank pass: 11447 pivots (col 16507/32955)
[  8233.5s]   [4,13] rank pass: 11453 pivots (col 16514/32955)
[  8235.7s]   [4,13] rank pass: 11459 pivots (col 16520/32955)
[  8237.8s]   [4,13] rank pass: 11465 pivots (col 16527/32955)
[  8240.0s]   [4,13] rank pass: 11471 pivots (col 16533/32955)
[  8242.1s]   [4,13] rank pass: 11477 pivots (col 16566/32955)
[  8244.1s]   [4,13] rank pass: 11483 pivots (col 16572/32955)
[  8246.2s]   [4,13] rank pass: 11489 pivots (col 16579/32955)
[  8248.3s]   [4,13] rank pass: 11495 pivots (col 16585/32955)
[  8250.3s]   [4,13] rank pass: 11501 pivots (col 16592/32955)
[  8252.4s]   [4,13] rank pass: 11507 pivots (col 16598/32955)
[  8254.4s]   [4,13] rank pass: 11513 pivots (col 16605/32955)
[  8256.5s]   [4,13] rank pass: 11519 pivots (col 16611/32955)
[  8258.6s]   [4,13] rank pass: 11525 pivots (col 16618/32955)
[  8260.6s]   [4,13] rank pass: 11531 pivots (col 16624/32955)
[  8262.7s]   [4,13] rank pass: 11537 pivots (col 16631/32955)
[  8264.7s]   [4,13] rank pass: 11543 pivots (col 16637/32955)
[  8266.8s]   [4,13] rank pass: 11549 pivots (col 16644/32955)
[  8268.8s]   [4,13] rank pass: 11555 pivots (col 16650/32955)
[  8270.9s]   [4,13] rank pass: 11561 pivots (col 16657/32955)
[  8272.9s]   [4,13] rank pass: 11567 pivots (col 16663/32955)
[  8274.9s]   [4,13] rank pass: 11573 pivots (col 16670/32955)
[  8276.9s]   [4,13] rank pass: 11579 pivots (col 16676/32955)
[  8279.0s]   [4,13] rank pass: 11585 pivots (col 16683/32955)
[  8281.0s]   [4,13] rank pass: 11591 pivots (col 16689/32955)
[  8283.0s]   [4,13] rank pass: 11597 pivots (col 16696/32955)
[  8285.3s]   [4,13] rank pass: 11604 pivots (col 16703/32955)
[  8287.5s]   [4,13] rank pass: 11611 pivots (col 16737/32955)
[  8289.7s]   [4,13] rank pass: 11618 pivots (col 16745/32955)
[  8292.0s]   [4,13] rank pass: 11625 pivots (col 16752/32955)
[  8294.2s]   [4,13] rank pass: 11632 pivots (col 16760/32955)
[  8296.4s]   [4,13] rank pass: 11639 pivots (col 16767/32955)
[  8298.7s]   [4,13] rank pass: 11646 pivots (col 16775/32955)
[  8300.9s]   [4,13] rank pass: 11653 pivots (col 16782/32955)
[  8303.1s]   [4,13] rank pass: 11660 pivots (col 16790/32955)
[  8305.3s]   [4,13] rank pass: 11667 pivots (col 16798/32955)
[  8307.5s]   [4,13] rank pass: 11674 pivots (col 16805/32955)
[  8309.7s]   [4,13] rank pass: 11681 pivots (col 16813/32955)
[  8311.9s]   [4,13] rank pass: 11688 pivots (col 16820/32955)
[  8314.1s]   [4,13] rank pass: 11695 pivots (col 16828/32955)
[  8316.2s]   [4,13] rank pass: 11702 pivots (col 16836/32955)
[  8318.4s]   [4,13] rank pass: 11709 pivots (col 16843/32955)
[  8320.6s]   [4,13] rank pass: 11716 pivots (col 16851/32955)
[  8322.8s]   [4,13] rank pass: 11723 pivots (col 16858/32955)
[  8325.0s]   [4,13] rank pass: 11730 pivots (col 16866/32955)
[  8327.1s]   [4,13] rank pass: 11737 pivots (col 16873/32955)
[  8329.1s]   [4,13] rank pass: 11744 pivots (col 16907/32955)
[  8331.2s]   [4,13] rank pass: 11751 pivots (col 16915/32955)
[  8333.2s]   [4,13] rank pass: 11758 pivots (col 16922/32955)
[  8335.3s]   [4,13] rank pass: 11765 pivots (col 16930/32955)
[  8337.4s]   [4,13] rank pass: 11772 pivots (col 16937/32955)
[  8339.5s]   [4,13] rank pass: 11779 pivots (col 16945/32955)
[  8341.5s]   [4,13] rank pass: 11786 pivots (col 16953/32955)
[  8343.8s]   [4,13] rank pass: 11794 pivots (col 16961/32955)
[  8346.0s]   [4,13] rank pass: 11802 pivots (col 16970/32955)
[  8348.2s]   [4,13] rank pass: 11810 pivots (col 16979/32955)
[  8350.3s]   [4,13] rank pass: 11818 pivots (col 16987/32955)
[  8352.4s]   [4,13] rank pass: 11826 pivots (col 16996/32955)
[  8354.5s]   [4,13] rank pass: 11834 pivots (col 17005/32955)
[  8356.5s]   [4,13] rank pass: 11842 pivots (col 17013/32955)
[  8358.7s]   [4,13] rank pass: 11851 pivots (col 17023/32955)
[  8360.9s]   [4,13] rank pass: 11860 pivots (col 17033/32955)
[  8362.9s]   [4,13] rank pass: 11869 pivots (col 17042/32955)
[  8364.9s]   [4,13] rank pass: 11887 pivots (col 17582/32955)
[  8367.0s]   [4,13] rank pass: 11901 pivots (col 17597/32955)
[  8369.0s]   [4,13] rank pass: 11913 pivots (col 17610/32955)
[  8371.1s]   [4,13] rank pass: 11927 pivots (col 17625/32955)
[  8373.1s]   [4,13] rank pass: 11943 pivots (col 17643/32955)
[  8375.2s]   [4,13] rank pass: 11964 pivots (col 17665/32955)
[  8377.3s]   [4,13] rank pass: 12002 pivots (col 17746/32955)
[  8379.4s]   [4,13] rank pass: 12013 pivots (col 17757/32955)
[  8381.5s]   [4,13] rank pass: 12024 pivots (col 17769/32955)
[  8383.6s]   [4,13] rank pass: 12035 pivots (col 17781/32955)
[  8385.7s]   [4,13] rank pass: 12046 pivots (col 17793/32955)
[  8387.7s]   [4,13] rank pass: 12057 pivots (col 17805/32955)
[  8389.8s]   [4,13] rank pass: 12068 pivots (col 17817/32955)
[  8391.9s]   [4,13] rank pass: 12079 pivots (col 17829/32955)
[  8394.0s]   [4,13] rank pass: 12090 pivots (col 17841/32955)
[  8396.0s]   [4,13] rank pass: 12101 pivots (col 17853/32955)
[  8398.0s]   [4,13] rank pass: 12112 pivots (col 17865/32955)
[  8400.0s]   [4,13] rank pass: 12123 pivots (col 17916/32955)
[  8402.2s]   [4,13] rank pass: 12135 pivots (col 17929/32955)
[  8404.4s]   [4,13] rank pass: 12147 pivots (col 17942/32955)
[  8406.5s]   [4,13] rank pass: 12159 pivots (col 17955/32955)
[  8408.7s]   [4,13] rank pass: 12171 pivots (col 17968/32955)
[  8410.8s]   [4,13] rank pass: 12183 pivots (col 17981/32955)
[  8412.9s]   [4,13] rank pass: 12195 pivots (col 17994/32955)
[  8415.0s]   [4,13] rank pass: 12207 pivots (col 18007/32955)
[  8417.1s]   [4,13] rank pass: 12219 pivots (col 18020/32955)
[  8419.2s]   [4,13] rank pass: 12231 pivots (col 18033/32955)
[  8421.3s]   [4,13] rank pass: 12243 pivots (col 18085/32955)
[  8423.3s]   [4,13] rank pass: 12255 pivots (col 18098/32955)
[  8425.4s]   [4,13] rank pass: 12267 pivots (col 18111/32955)
[  8427.4s]   [4,13] rank pass: 12279 pivots (col 18124/32955)
[  8429.4s]   [4,13] rank pass: 12291 pivots (col 18137/32955)
[  8431.4s]   [4,13] rank pass: 12303 pivots (col 18150/32955)
[  8433.4s]   [4,13] rank pass: 12315 pivots (col 18163/32955)
[  8435.6s]   [4,13] rank pass: 12328 pivots (col 18177/32955)
[  8437.7s]   [4,13] rank pass: 12341 pivots (col 18191/32955)
[  8439.9s]   [4,13] rank pass: 12354 pivots (col 18205/32955)
[  8442.0s]   [4,13] rank pass: 12367 pivots (col 18258/32955)
[  8444.1s]   [4,13] rank pass: 12380 pivots (col 18272/32955)
[  8446.1s]   [4,13] rank pass: 12393 pivots (col 18286/32955)
[  8448.2s]   [4,13] rank pass: 12406 pivots (col 18300/32955)
[  8450.2s]   [4,13] rank pass: 12419 pivots (col 18314/32955)
[  8452.3s]   [4,13] rank pass: 12432 pivots (col 18328/32955)
[  8454.3s]   [4,13] rank pass: 12445 pivots (col 18342/32955)
[  8456.3s]   [4,13] rank pass: 12458 pivots (col 18357/32955)
[  8458.3s]   [4,13] rank pass: 12471 pivots (col 18371/32955)
[  8460.4s]   [4,13] rank pass: 12485 pivots (col 18425/32955)
[  8462.6s]   [4,13] rank pass: 12499 pivots (col 18440/32955)
[  8464.6s]   [4,13] rank pass: 12513 pivots (col 18455/32955)
[  8466.7s]   [4,13] rank pass: 12527 pivots (col 18470/32955)
[  8468.8s]   [4,13] rank pass: 12541 pivots (col 18485/32955)
[  8470.8s]   [4,13] rank pass: 12555 pivots (col 18501/32955)
[  8472.9s]   [4,13] rank pass: 12569 pivots (col 18516/32955)
[  8474.9s]   [4,13] rank pass: 12583 pivots (col 18531/32955)
[  8476.9s]   [4,13] rank pass: 12597 pivots (col 18546/32955)
[  8479.1s]   [4,13] rank pass: 12612 pivots (col 18601/32955)
[  8481.2s]   [4,13] rank pass: 12627 pivots (col 18618/32955)
[  8483.2s]   [4,13] rank pass: 12642 pivots (col 18634/32955)
[  8485.3s]   [4,13] rank pass: 12657 pivots (col 18650/32955)
[  8487.4s]   [4,13] rank pass: 12672 pivots (col 18666/32955)
[  8489.4s]   [4,13] rank pass: 12687 pivots (col 18683/32955)
[  8491.5s]   [4,13] rank pass: 12702 pivots (col 18699/32955)
[  8493.5s]   [4,13] rank pass: 12717 pivots (col 18715/32955)
[  8495.6s]   [4,13] rank pass: 12733 pivots (col 18771/32955)
[  8497.7s]   [4,13] rank pass: 12749 pivots (col 18789/32955)
[  8499.8s]   [4,13] rank pass: 12765 pivots (col 18806/32955)
[  8501.9s]   [4,13] rank pass: 12781 pivots (col 18823/32955)
[  8503.9s]   [4,13] rank pass: 12797 pivots (col 18841/32955)
[  8505.9s]   [4,13] rank pass: 12813 pivots (col 18858/32955)
[  8508.0s]   [4,13] rank pass: 12829 pivots (col 18875/32955)
[  8510.1s]   [4,13] rank pass: 12846 pivots (col 18933/32955)
[  8512.1s]   [4,13] rank pass: 12863 pivots (col 18951/32955)
[  8514.2s]   [4,13] rank pass: 12880 pivots (col 18970/32955)
[  8516.3s]   [4,13] rank pass: 12897 pivots (col 18988/32955)
[  8518.3s]   [4,13] rank pass: 12914 pivots (col 19007/32955)
[  8520.3s]   [4,13] rank pass: 12931 pivots (col 19025/32955)
[  8522.3s]   [4,13] rank pass: 12948 pivots (col 19043/32955)
[  8524.4s]   [4,13] rank pass: 12966 pivots (col 19102/32955)
[  8526.4s]   [4,13] rank pass: 12984 pivots (col 19121/32955)
[  8528.5s]   [4,13] rank pass: 13004 pivots (col 19143/32955)
[  8530.5s]   [4,13] rank pass: 13029 pivots (col 19170/32955)
[  8532.5s]   [4,13] rank pass: 13064 pivots (col 19208/32955)
[  8534.6s]   [4,13] rank pass: 13089 pivots (col 19781/32955)
[  8536.6s]   [4,13] rank pass: 13098 pivots (col 19791/32955)
[  8538.6s]   [4,13] rank pass: 13104 pivots (col 19797/32955)
[  8540.9s]   [4,13] rank pass: 13111 pivots (col 19805/32955)
[  8543.1s]   [4,13] rank pass: 13118 pivots (col 19813/32955)
[  8545.4s]   [4,13] rank pass: 13125 pivots (col 19820/32955)
[  8547.6s]   [4,13] rank pass: 13132 pivots (col 19828/32955)
[  8549.8s]   [4,13] rank pass: 13139 pivots (col 19835/32955)
[  8552.0s]   [4,13] rank pass: 13146 pivots (col 19843/32955)
[  8554.2s]   [4,13] rank pass: 13153 pivots (col 19850/32955)
[  8556.4s]   [4,13] rank pass: 13160 pivots (col 19858/32955)
[  8558.6s]   [4,13] rank pass: 13167 pivots (col 19866/32955)
[  8560.8s]   [4,13] rank pass: 13174 pivots (col 19873/32955)
[  8563.0s]   [4,13] rank pass: 13181 pivots (col 19881/32955)
[  8565.2s]   [4,13] rank pass: 13188 pivots (col 19888/32955)
[  8567.4s]   [4,13] rank pass: 13195 pivots (col 19896/32955)
[  8569.6s]   [4,13] rank pass: 13202 pivots (col 19904/32955)
[  8571.8s]   [4,13] rank pass: 13209 pivots (col 19911/32955)
[  8573.9s]   [4,13] rank pass: 13216 pivots (col 19919/32955)
[  8575.9s]   [4,13] rank pass: 13226 pivots (col 19943/32955)
[  8578.0s]   [4,13] rank pass: 13233 pivots (col 19950/32955)
[  8580.3s]   [4,13] rank pass: 13240 pivots (col 19958/32955)
[  8582.5s]   [4,13] rank pass: 13247 pivots (col 19965/32955)
[  8584.8s]   [4,13] rank pass: 13254 pivots (col 19973/32955)
[  8587.1s]   [4,13] rank pass: 13261 pivots (col 19980/32955)
[  8589.4s]   [4,13] rank pass: 13268 pivots (col 19988/32955)
[  8591.6s]   [4,13] rank pass: 13275 pivots (col 19996/32955)
[  8593.9s]   [4,13] rank pass: 13282 pivots (col 20003/32955)
[  8596.1s]   [4,13] rank pass: 13289 pivots (col 20011/32955)
[  8598.4s]   [4,13] rank pass: 13296 pivots (col 20018/32955)
[  8600.6s]   [4,13] rank pass: 13303 pivots (col 20026/32955)
[  8602.8s]   [4,13] rank pass: 13310 pivots (col 20034/32955)
[  8605.1s]   [4,13] rank pass: 13317 pivots (col 20041/32955)
[  8607.3s]   [4,13] rank pass: 13324 pivots (col 20049/32955)
[  8609.5s]   [4,13] rank pass: 13331 pivots (col 20056/32955)
[  8611.7s]   [4,13] rank pass: 13338 pivots (col 20064/32955)
[  8613.9s]   [4,13] rank pass: 13345 pivots (col 20071/32955)
[  8616.1s]   [4,13] rank pass: 13352 pivots (col 20079/32955)
[  8618.3s]   [4,13] rank pass: 13359 pivots (col 20087/32955)
[  8620.3s]   [4,13] rank pass: 13366 pivots (col 20094/32955)
[  8622.4s]   [4,13] rank pass: 13374 pivots (col 20116/32955)
[  8624.7s]   [4,13] rank pass: 13382 pivots (col 20125/32955)
[  8626.7s]   [4,13] rank pass: 13389 pivots (col 20132/32955)
[  8628.7s]   [4,13] rank pass: 13396 pivots (col 20140/32955)
[  8630.8s]   [4,13] rank pass: 13403 pivots (col 20147/32955)
[  8632.8s]   [4,13] rank pass: 13410 pivots (col 20155/32955)
[  8634.8s]   [4,13] rank pass: 13417 pivots (col 20162/32955)
[  8636.8s]   [4,13] rank pass: 13424 pivots (col 20170/32955)
[  8639.1s]   [4,13] rank pass: 13432 pivots (col 20179/32955)
[  8641.3s]   [4,13] rank pass: 13440 pivots (col 20187/32955)
[  8643.6s]   [4,13] rank pass: 13448 pivots (col 20196/32955)
[  8645.9s]   [4,13] rank pass: 13456 pivots (col 20205/32955)
[  8648.1s]   [4,13] rank pass: 13464 pivots (col 20213/32955)
[  8650.4s]   [4,13] rank pass: 13472 pivots (col 20222/32955)
[  8652.6s]   [4,13] rank pass: 13480 pivots (col 20231/32955)
[  8654.9s]   [4,13] rank pass: 13488 pivots (col 20239/32955)
[  8657.1s]   [4,13] rank pass: 13496 pivots (col 20248/32955)
[  8659.3s]   [4,13] rank pass: 13504 pivots (col 20257/32955)
[  8661.3s]   [4,13] rank pass: 13512 pivots (col 20265/32955)
[  8663.4s]   [4,13] rank pass: 13521 pivots (col 20288/32955)
[  8665.5s]   [4,13] rank pass: 13529 pivots (col 20297/32955)
[  8667.5s]   [4,13] rank pass: 13537 pivots (col 20305/32955)
[  8669.5s]   [4,13] rank pass: 13545 pivots (col 20314/32955)
[  8671.5s]   [4,13] rank pass: 13553 pivots (col 20323/32955)
[  8673.6s]   [4,13] rank pass: 13561 pivots (col 20331/32955)
[  8675.6s]   [4,13] rank pass: 13569 pivots (col 20340/32955)
[  8677.6s]   [4,13] rank pass: 13577 pivots (col 20349/32955)
[  8679.6s]   [4,13] rank pass: 13585 pivots (col 20357/32955)
[  8681.6s]   [4,13] rank pass: 13593 pivots (col 20366/32955)
[  8683.9s]   [4,13] rank pass: 13602 pivots (col 20376/32955)
[  8686.1s]   [4,13] rank pass: 13611 pivots (col 20386/32955)
[  8688.3s]   [4,13] rank pass: 13620 pivots (col 20395/32955)
[  8690.6s]   [4,13] rank pass: 13629 pivots (col 20405/32955)
[  8692.8s]   [4,13] rank pass: 13638 pivots (col 20415/32955)
[  8695.0s]   [4,13] rank pass: 13647 pivots (col 20425/32955)
[  8697.0s]   [4,13] rank pass: 13656 pivots (col 20434/32955)
[  8699.1s]   [4,13] rank pass: 13666 pivots (col 20458/32955)
[  8701.3s]   [4,13] rank pass: 13676 pivots (col 20469/32955)
[  8703.3s]   [4,13] rank pass: 13685 pivots (col 20479/32955)
[  8705.5s]   [4,13] rank pass: 13695 pivots (col 20490/32955)
[  8707.7s]   [4,13] rank pass: 13705 pivots (col 20500/32955)
[  8709.9s]   [4,13] rank pass: 13715 pivots (col 20511/32955)
[  8712.1s]   [4,13] rank pass: 13725 pivots (col 20522/32955)
[  8714.3s]   [4,13] rank pass: 13735 pivots (col 20533/32955)
[  8716.5s]   [4,13] rank pass: 13745 pivots (col 20544/32955)
[  8718.6s]   [4,13] rank pass: 13755 pivots (col 20555/32955)
[  8720.8s]   [4,13] rank pass: 13765 pivots (col 20565/32955)
[  8723.0s]   [4,13] rank pass: 13775 pivots (col 20576/32955)
[  8725.1s]   [4,13] rank pass: 13785 pivots (col 20587/32955)
[  8727.2s]   [4,13] rank pass: 13795 pivots (col 20598/32955)
[  8729.3s]   [4,13] rank pass: 13807 pivots (col 20624/32955)
[  8731.4s]   [4,13] rank pass: 13818 pivots (col 20636/32955)
[  8733.6s]   [4,13] rank pass: 13829 pivots (col 20648/32955)
[  8735.7s]   [4,13] rank pass: 13840 pivots (col 20660/32955)
[  8737.8s]   [4,13] rank pass: 13851 pivots (col 20672/32955)
[  8739.9s]   [4,13] rank pass: 13862 pivots (col 20684/32955)
[  8742.0s]   [4,13] rank pass: 13873 pivots (col 20695/32955)
[  8744.0s]   [4,13] rank pass: 13884 pivots (col 20707/32955)
[  8746.1s]   [4,13] rank pass: 13895 pivots (col 20719/32955)
[  8748.2s]   [4,13] rank pass: 13906 pivots (col 20731/32955)
[  8750.2s]   [4,13] rank pass: 13917 pivots (col 20743/32955)
[  8752.3s]   [4,13] rank pass: 13928 pivots (col 20755/32955)
[  8754.4s]   [4,13] rank pass: 13940 pivots (col 20768/32955)
[  8756.4s]   [4,13] rank pass: 13953 pivots (col 20795/32955)
[  8758.5s]   [4,13] rank pass: 13966 pivots (col 20809/32955)
[  8760.7s]   [4,13] rank pass: 13979 pivots (col 20823/32955)
[  8762.8s]   [4,13] rank pass: 13992 pivots (col 20837/32955)
[  8765.0s]   [4,13] rank pass: 14005 pivots (col 20851/32955)
[  8767.1s]   [4,13] rank pass: 14018 pivots (col 20866/32955)
[  8769.2s]   [4,13] rank pass: 14031 pivots (col 20880/32955)
[  8771.3s]   [4,13] rank pass: 14044 pivots (col 20894/32955)
[  8773.3s]   [4,13] rank pass: 14057 pivots (col 20908/32955)
[  8775.4s]   [4,13] rank pass: 14070 pivots (col 20922/32955)
[  8777.5s]   [4,13] rank pass: 14084 pivots (col 20937/32955)
[  8779.7s]   [4,13] rank pass: 14100 pivots (col 20967/32955)
[  8781.8s]   [4,13] rank pass: 14115 pivots (col 20984/32955)
[  8783.9s]   [4,13] rank pass: 14130 pivots (col 21000/32955)
[  8785.9s]   [4,13] rank pass: 14145 pivots (col 21016/32955)
[  8788.0s]   [4,13] rank pass: 14160 pivots (col 21032/32955)
[  8790.1s]   [4,13] rank pass: 14175 pivots (col 21049/32955)
[  8792.1s]   [4,13] rank pass: 14190 pivots (col 21065/32955)
[  8794.1s]   [4,13] rank pass: 14205 pivots (col 21081/32955)
[  8796.1s]   [4,13] rank pass: 14220 pivots (col 21097/32955)
[  8798.2s]   [4,13] rank pass: 14238 pivots (col 21130/32955)
[  8800.3s]   [4,13] rank pass: 14256 pivots (col 21149/32955)
[  8802.3s]   [4,13] rank pass: 14274 pivots (col 21169/32955)
[  8804.3s]   [4,13] rank pass: 14294 pivots (col 21191/32955)
[  8806.4s]   [4,13] rank pass: 14317 pivots (col 21215/32955)
[  8808.4s]   [4,13] rank pass: 14344 pivots (col 21245/32955)
[  8810.4s]   [4,13] rank pass: 14381 pivots (col 21298/32955)
[  8812.5s]   [4,13] rank pass: 14416 pivots (col 21986/32955)
[  8814.7s]   [4,13] rank pass: 14427 pivots (col 21998/32955)
[  8816.8s]   [4,13] rank pass: 14438 pivots (col 22010/32955)
[  8818.9s]   [4,13] rank pass: 14449 pivots (col 22021/32955)
[  8821.1s]   [4,13] rank pass: 14460 pivots (col 22033/32955)
[  8823.1s]   [4,13] rank pass: 14471 pivots (col 22045/32955)
[  8825.2s]   [4,13] rank pass: 14482 pivots (col 22057/32955)
[  8827.2s]   [4,13] rank pass: 14493 pivots (col 22069/32955)
[  8829.4s]   [4,13] rank pass: 14505 pivots (col 22082/32955)
[  8831.5s]   [4,13] rank pass: 14517 pivots (col 22095/32955)
[  8833.6s]   [4,13] rank pass: 14530 pivots (col 22109/32955)
[  8835.8s]   [4,13] rank pass: 14544 pivots (col 22150/32955)
[  8837.9s]   [4,13] rank pass: 14555 pivots (col 22162/32955)
[  8840.0s]   [4,13] rank pass: 14566 pivots (col 22174/32955)
[  8842.1s]   [4,13] rank pass: 14577 pivots (col 22186/32955)
[  8844.2s]   [4,13] rank pass: 14588 pivots (col 22198/32955)
[  8846.3s]   [4,13] rank pass: 14599 pivots (col 22210/32955)
[  8848.3s]   [4,13] rank pass: 14610 pivots (col 22222/32955)
[  8850.4s]   [4,13] rank pass: 14621 pivots (col 22234/32955)
[  8852.5s]   [4,13] rank pass: 14632 pivots (col 22246/32955)
[  8854.5s]   [4,13] rank pass: 14643 pivots (col 22258/32955)
[  8856.5s]   [4,13] rank pass: 14654 pivots (col 22270/32955)
[  8858.6s]   [4,13] rank pass: 14666 pivots (col 22309/32955)
[  8860.7s]   [4,13] rank pass: 14678 pivots (col 22322/32955)
[  8862.8s]   [4,13] rank pass: 14690 pivots (col 22335/32955)
[  8864.8s]   [4,13] rank pass: 14702 pivots (col 22348/32955)
[  8866.9s]   [4,13] rank pass: 14714 pivots (col 22361/32955)
[  8868.9s]   [4,13] rank pass: 14726 pivots (col 22374/32955)
[  8871.0s]   [4,13] rank pass: 14738 pivots (col 22387/32955)
[  8873.0s]   [4,13] rank pass: 14750 pivots (col 22400/32955)
[  8875.0s]   [4,13] rank pass: 14762 pivots (col 22413/32955)
[  8877.0s]   [4,13] rank pass: 14774 pivots (col 22426/32955)
[  8879.0s]   [4,13] rank pass: 14786 pivots (col 22439/32955)
[  8881.1s]   [4,13] rank pass: 14799 pivots (col 22479/32955)
[  8883.1s]   [4,13] rank pass: 14812 pivots (col 22493/32955)
[  8885.1s]   [4,13] rank pass: 14825 pivots (col 22507/32955)
[  8887.1s]   [4,13] rank pass: 14838 pivots (col 22521/32955)
[  8889.3s]   [4,13] rank pass: 14852 pivots (col 22536/32955)
[  8891.4s]   [4,13] rank pass: 14866 pivots (col 22551/32955)
[  8893.5s]   [4,13] rank pass: 14880 pivots (col 22566/32955)
[  8895.6s]   [4,13] rank pass: 14894 pivots (col 22582/32955)
[  8897.7s]   [4,13] rank pass: 14908 pivots (col 22597/32955)
[  8899.8s]   [4,13] rank pass: 14922 pivots (col 22612/32955)
[  8901.8s]   [4,13] rank pass: 14937 pivots (col 22654/32955)
[  8903.9s]   [4,13] rank pass: 14952 pivots (col 22670/32955)
[  8906.0s]   [4,13] rank pass: 14967 pivots (col 22687/32955)
[  8908.0s]   [4,13] rank pass: 14982 pivots (col 22703/32955)
[  8910.0s]   [4,13] rank pass: 14997 pivots (col 22719/32955)
[  8912.1s]   [4,13] rank pass: 15012 pivots (col 22735/32955)
[  8914.1s]   [4,13] rank pass: 15027 pivots (col 22752/32955)
[  8916.2s]   [4,13] rank pass: 15043 pivots (col 22769/32955)
[  8918.3s]   [4,13] rank pass: 15059 pivots (col 22786/32955)
[  8920.3s]   [4,13] rank pass: 15076 pivots (col 22831/32955)
[  8922.4s]   [4,13] rank pass: 15093 pivots (col 22849/32955)
[  8924.4s]   [4,13] rank pass: 15110 pivots (col 22868/32955)
[  8926.4s]   [4,13] rank pass: 15127 pivots (col 22886/32955)
[  8928.5s]   [4,13] rank pass: 15144 pivots (col 22904/32955)
[  8930.5s]   [4,13] rank pass: 15161 pivots (col 22923/32955)
[  8932.6s]   [4,13] rank pass: 15179 pivots (col 22942/32955)
[  8934.6s]   [4,13] rank pass: 15198 pivots (col 22989/32955)
[  8936.7s]   [4,13] rank pass: 15217 pivots (col 23009/32955)
[  8938.7s]   [4,13] rank pass: 15236 pivots (col 23030/32955)
[  8940.8s]   [4,13] rank pass: 15256 pivots (col 23052/32955)
[  8942.9s]   [4,13] rank pass: 15276 pivots (col 23073/32955)
[  8944.9s]   [4,13] rank pass: 15296 pivots (col 23095/32955)
[  8947.0s]   [4,13] rank pass: 15316 pivots (col 23117/32955)
[  8949.0s]   [4,13] rank pass: 15338 pivots (col 23167/32955)
[  8951.0s]   [4,13] rank pass: 15360 pivots (col 23190/32955)
[  8953.0s]   [4,13] rank pass: 15382 pivots (col 23214/32955)
[  8955.1s]   [4,13] rank pass: 15405 pivots (col 23239/32955)
[  8957.2s]   [4,13] rank pass: 15428 pivots (col 23264/32955)
[  8959.2s]   [4,13] rank pass: 15451 pivots (col 23289/32955)
[  8961.2s]   [4,13] rank pass: 15477 pivots (col 23343/32955)
[  8963.3s]   [4,13] rank pass: 15504 pivots (col 23372/32955)
[  8965.3s]   [4,13] rank pass: 15537 pivots (col 23408/32955)
[  8967.3s]   [4,13] rank pass: 15586 pivots (col 23461/32955)
[  8969.4s]   [4,13] rank pass: 15631 pivots (col 24199/32955)
[  8971.4s]   [4,13] rank pass: 15664 pivots (col 24235/32955)
[  8973.5s]   [4,13] rank pass: 15724 pivots (col 24339/32955)
[  8975.5s]   [4,13] rank pass: 15752 pivots (col 24369/32955)
[  8977.6s]   [4,13] rank pass: 15780 pivots (col 24399/32955)
[  8979.6s]   [4,13] rank pass: 15808 pivots (col 24430/32955)
[  8981.6s]   [4,13] rank pass: 15836 pivots (col 24460/32955)
[  8983.7s]   [4,13] rank pass: 15866 pivots (col 24532/32955)
[  8985.7s]   [4,13] rank pass: 15896 pivots (col 24564/32955)
[  8987.8s]   [4,13] rank pass: 15927 pivots (col 24598/32955)
[  8989.8s]   [4,13] rank pass: 15958 pivots (col 24631/32955)
[  8991.8s]   [4,13] rank pass: 15990 pivots (col 24705/32955)
[  8993.8s]   [4,13] rank pass: 16023 pivots (col 24741/32955)
[  8995.8s]   [4,13] rank pass: 16057 pivots (col 24777/32955)
[  8997.9s]   [4,13] rank pass: 16092 pivots (col 24854/32955)
[  8999.9s]   [4,13] rank pass: 16129 pivots (col 24894/32955)
[  9002.0s]   [4,13] rank pass: 16167 pivots (col 24936/32955)
[  9004.0s]   [4,13] rank pass: 16206 pivots (col 25017/32955)
[  9006.0s]   [4,13] rank pass: 16247 pivots (col 25061/32955)
[  9008.1s]   [4,13] rank pass: 16289 pivots (col 25107/32955)
[  9010.1s]   [4,13] rank pass: 16332 pivots (col 25192/32955)
[  9012.1s]   [4,13] rank pass: 16378 pivots (col 25242/32955)
[  9014.1s]   [4,13] rank pass: 16426 pivots (col 25294/32955)
[  9016.1s]   [4,13] rank pass: 16476 pivots (col 25387/32955)
[  9018.1s]   [4,13] rank pass: 16529 pivots (col 25445/32955)
[  9020.2s]   [4,13] rank pass: 16587 pivots (col 25547/32955)
[  9022.2s]   [4,13] rank pass: 16667 pivots (col 25633/32955)
[  9024.3s]   [4,13] rank pass: 16702 pivots (col 26386/32955)
[  9026.4s]   [4,13] rank pass: 16717 pivots (col 26402/32955)
[  9028.5s]   [4,13] rank pass: 16732 pivots (col 26419/32955)
[  9030.6s]   [4,13] rank pass: 16747 pivots (col 26435/32955)
[  9032.6s]   [4,13] rank pass: 16762 pivots (col 26451/32955)
[  9034.7s]   [4,13] rank pass: 16777 pivots (col 26467/32955)
[  9036.7s]   [4,13] rank pass: 16792 pivots (col 26484/32955)
[  9038.8s]   [4,13] rank pass: 16807 pivots (col 26500/32955)
[  9040.8s]   [4,13] rank pass: 16824 pivots (col 26518/32955)
[  9042.8s]   [4,13] rank pass: 16838 pivots (col 26547/32955)
[  9045.0s]   [4,13] rank pass: 16851 pivots (col 26561/32955)
[  9047.1s]   [4,13] rank pass: 16864 pivots (col 26575/32955)
[  9049.2s]   [4,13] rank pass: 16877 pivots (col 26589/32955)
[  9051.3s]   [4,13] rank pass: 16890 pivots (col 26603/32955)
[  9053.4s]   [4,13] rank pass: 16903 pivots (col 26617/32955)
[  9055.5s]   [4,13] rank pass: 16916 pivots (col 26631/32955)
[  9057.5s]   [4,13] rank pass: 16929 pivots (col 26645/32955)
[  9059.6s]   [4,13] rank pass: 16942 pivots (col 26659/32955)
[  9061.6s]   [4,13] rank pass: 16955 pivots (col 26673/32955)
[  9063.7s]   [4,13] rank pass: 16970 pivots (col 26703/32955)
[  9065.8s]   [4,13] rank pass: 16985 pivots (col 26719/32955)
[  9067.9s]   [4,13] rank pass: 17000 pivots (col 26735/32955)
[  9069.9s]   [4,13] rank pass: 17015 pivots (col 26751/32955)
[  9072.0s]   [4,13] rank pass: 17030 pivots (col 26768/32955)
[  9074.0s]   [4,13] rank pass: 17045 pivots (col 26784/32955)
[  9076.0s]   [4,13] rank pass: 17060 pivots (col 26800/32955)
[  9078.0s]   [4,13] rank pass: 17075 pivots (col 26816/32955)
[  9080.2s]   [4,13] rank pass: 17091 pivots (col 26834/32955)
[  9082.2s]   [4,13] rank pass: 17107 pivots (col 26851/32955)
[  9084.3s]   [4,13] rank pass: 17125 pivots (col 26883/32955)
[  9086.3s]   [4,13] rank pass: 17143 pivots (col 26903/32955)
[  9088.4s]   [4,13] rank pass: 17161 pivots (col 26922/32955)
[  9090.4s]   [4,13] rank pass: 17179 pivots (col 26942/32955)
[  9092.5s]   [4,13] rank pass: 17197 pivots (col 26961/32955)
[  9094.5s]   [4,13] rank pass: 17215 pivots (col 26981/32955)
[  9096.6s]   [4,13] rank pass: 17234 pivots (col 27002/32955)
[  9098.6s]   [4,13] rank pass: 17253 pivots (col 27022/32955)
[  9100.6s]   [4,13] rank pass: 17275 pivots (col 27059/32955)
[  9102.7s]   [4,13] rank pass: 17297 pivots (col 27083/32955)
[  9104.7s]   [4,13] rank pass: 17319 pivots (col 27107/32955)
[  9106.7s]   [4,13] rank pass: 17341 pivots (col 27130/32955)
[  9108.8s]   [4,13] rank pass: 17364 pivots (col 27155/32955)
[  9110.8s]   [4,13] rank pass: 17387 pivots (col 27180/32955)
[  9112.9s]   [4,13] rank pass: 17414 pivots (col 27223/32955)
[  9114.9s]   [4,13] rank pass: 17441 pivots (col 27252/32955)
[  9117.0s]   [4,13] rank pass: 17469 pivots (col 27282/32955)
[  9119.0s]   [4,13] rank pass: 17497 pivots (col 27312/32955)
[  9121.0s]   [4,13] rank pass: 17526 pivots (col 27344/32955)
[  9123.0s]   [4,13] rank pass: 17559 pivots (col 27393/32955)
[  9125.1s]   [4,13] rank pass: 17595 pivots (col 27432/32955)
[  9127.1s]   [4,13] rank pass: 17632 pivots (col 27472/32955)
[  9129.1s]   [4,13] rank pass: 17669 pivots (col 27512/32955)
[  9131.2s]   [4,13] rank pass: 17714 pivots (col 27574/32955)
[  9133.2s]   [4,13] rank pass: 17762 pivots (col 27626/32955)
[  9135.2s]   [4,13] rank pass: 17812 pivots (col 27680/32955)
[  9137.2s]   [4,13] rank pass: 17892 pivots (col 28572/32955)
[  9139.2s]   [4,13] rank pass: 17924 pivots (col 28607/32955)
[  9141.2s]   [4,13] rank pass: 17956 pivots (col 28642/32955)
[  9143.3s]   [4,13] rank pass: 17989 pivots (col 28677/32955)
[  9145.3s]   [4,13] rank pass: 18023 pivots (col 28740/32955)
[  9147.3s]   [4,13] rank pass: 18051 pivots (col 28771/32955)
[  9149.4s]   [4,13] rank pass: 18080 pivots (col 28802/32955)
[  9151.4s]   [4,13] rank pass: 18109 pivots (col 28833/32955)
[  9153.4s]   [4,13] rank pass: 18139 pivots (col 28866/32955)
[  9155.5s]   [4,13] rank pass: 18172 pivots (col 28928/32955)
[  9157.5s]   [4,13] rank pass: 18206 pivots (col 28965/32955)
[  9159.6s]   [4,13] rank pass: 18241 pivots (col 29002/32955)
[  9161.6s]   [4,13] rank pass: 18277 pivots (col 29041/32955)
[  9163.6s]   [4,13] rank pass: 18317 pivots (col 29111/32955)
[  9165.6s]   [4,13] rank pass: 18358 pivots (col 29155/32955)
[  9167.7s]   [4,13] rank pass: 18401 pivots (col 29202/32955)
[  9169.7s]   [4,13] rank pass: 18450 pivots (col 29281/32955)
[  9171.7s]   [4,13] rank pass: 18501 pivots (col 29336/32955)
[  9173.8s]   [4,13] rank pass: 18557 pivots (col 29423/32955)
[  9175.8s]   [4,13] rank pass: 18620 pivots (col 29491/32955)
[  9177.8s]   [4,13] rank pass: 18690 pivots (col 29593/32955)
[  9179.8s]   [4,13] rank pass: 18773 pivots (col 29683/32955)
[  9181.8s]   [4,13] rank pass: 18877 pivots (col 29821/32955)
[  9183.8s]   [4,13] rank pass: 19020 pivots (col 30821/32955)
[  9185.8s]   [4,13] rank pass: 19138 pivots (col 30988/32955)
[  9187.8s]   [4,13] rank pass: 19242 pivots (col 31140/32955)
[  9189.8s]   [4,13] rank pass: 19366 pivots (col 31313/32955)
[  9191.8s]   [4,13] rank pass: 19523 pivots (col 31522/32955)
[  9193.8s]   [4,13] rank pass: 19755 pivots (col 31852/32955)
[  9194.5s] rank = 19921 | SOFA SEAL 19921 (tenth trial): HIT
[  9199.9s] RAM ledger: raw freed; peel runs IN-PLACE on the single 4.05 GiB buffer
[  9202.9s]   [4,13] level 0: 6 pivots (col 6/32955, rows 32955)
[  9205.8s]   [4,13] level 0: 8 pivots (col 8/32955, rows 32955)
[  9209.4s]   [4,13] level 0: 10 pivots (col 10/32955, rows 32955)
[  9211.4s]   [4,13] level 0: 11 pivots (col 11/32955, rows 32955)
[  9213.7s]   [4,13] level 0: 12 pivots (col 12/32955, rows 32955)
[  9216.2s]   [4,13] level 0: 13 pivots (col 13/32955, rows 32955)
[  9218.5s]   [4,13] level 0: 14 pivots (col 14/32955, rows 32955)
[  9221.0s]   [4,13] level 0: 15 pivots (col 15/32955, rows 32955)
[  9223.3s]   [4,13] level 0: 16 pivots (col 16/32955, rows 32955)
[  9227.0s]   [4,13] level 0: 18 pivots (col 18/32955, rows 32955)
[  9230.1s]   [4,13] level 0: 20 pivots (col 20/32955, rows 32955)
[  9232.6s]   [4,13] level 0: 22 pivots (col 22/32955, rows 32955)
[  9235.7s]   [4,13] level 0: 26 pivots (col 27/32955, rows 32955)
[  9237.7s]   [4,13] level 0: 27 pivots (col 28/32955, rows 32955)
[  9240.6s]   [4,13] level 0: 29 pivots (col 30/32955, rows 32955)
[  9243.0s]   [4,13] level 0: 32 pivots (col 33/32955, rows 32955)
[  9245.2s]   [4,13] level 0: 36 pivots (col 37/32955, rows 32955)
[  9247.2s]   [4,13] level 0: 41 pivots (col 92/32955, rows 32955)
[  9250.6s]   [4,13] level 0: 46 pivots (col 170/32955, rows 32955)
[  9253.4s]   [4,13] level 0: 47 pivots (col 171/32955, rows 32955)
[  9255.4s]   [4,13] level 0: 51 pivots (col 175/32955, rows 32955)
[  9257.7s]   [4,13] level 0: 55 pivots (col 179/32955, rows 32955)
[  9262.9s]   [4,13] level 0: 59 pivots (col 184/32955, rows 32955)
[  9267.4s]   [4,13] level 0: 60 pivots (col 185/32955, rows 32955)
[  9269.5s]   [4,13] level 0: 62 pivots (col 187/32955, rows 32955)
[  9272.6s]   [4,13] level 0: 64 pivots (col 189/32955, rows 32955)
[  9276.3s]   [4,13] level 0: 66 pivots (col 191/32955, rows 32955)
[  9278.3s]   [4,13] level 0: 67 pivots (col 192/32955, rows 32955)
[  9282.5s]   [4,13] level 0: 68 pivots (col 193/32955, rows 32955)
[  9285.6s]   [4,13] level 0: 69 pivots (col 196/32955, rows 32955)
[  9289.4s]   [4,13] level 0: 70 pivots (col 197/32955, rows 32955)
[  9293.7s]   [4,13] level 0: 71 pivots (col 198/32955, rows 32955)
[  9297.6s]   [4,13] level 0: 72 pivots (col 199/32955, rows 32955)
[  9301.6s]   [4,13] level 0: 73 pivots (col 200/32955, rows 32955)
[  9306.0s]   [4,13] level 0: 74 pivots (col 201/32955, rows 32955)
[  9309.7s]   [4,13] level 0: 75 pivots (col 202/32955, rows 32955)
[  9313.5s]   [4,13] level 0: 76 pivots (col 203/32955, rows 32955)
[  9317.2s]   [4,13] level 0: 77 pivots (col 204/32955, rows 32955)
[  9320.9s]   [4,13] level 0: 78 pivots (col 205/32955, rows 32955)
[  9324.4s]   [4,13] level 0: 79 pivots (col 209/32955, rows 32955)
[  9327.9s]   [4,13] level 0: 80 pivots (col 222/32955, rows 32955)
[  9331.0s]   [4,13] level 0: 81 pivots (col 235/32955, rows 32955)
[  9334.4s]   [4,13] level 0: 82 pivots (col 248/32955, rows 32955)
[  9338.1s]   [4,13] level 0: 83 pivots (col 261/32955, rows 32955)
[  9341.6s]   [4,13] level 0: 84 pivots (col 274/32955, rows 32955)
[  9345.8s]   [4,13] level 0: 85 pivots (col 287/32955, rows 32955)
[  9349.3s]   [4,13] level 0: 86 pivots (col 300/32955, rows 32955)
[  9352.7s]   [4,13] level 0: 87 pivots (col 313/32955, rows 32955)
[  9355.1s]   [4,13] level 0: 88 pivots (col 339/32955, rows 32955)
[  9358.9s]   [4,13] level 0: 89 pivots (col 340/32955, rows 32955)
[  9363.0s]   [4,13] level 0: 90 pivots (col 341/32955, rows 32955)
[  9366.6s]   [4,13] level 0: 91 pivots (col 342/32955, rows 32955)
[  9370.3s]   [4,13] level 0: 92 pivots (col 343/32955, rows 32955)
[  9373.7s]   [4,13] level 0: 93 pivots (col 344/32955, rows 32955)
[  9377.1s]   [4,13] level 0: 94 pivots (col 345/32955, rows 32955)
[  9380.4s]   [4,13] level 0: 95 pivots (col 346/32955, rows 32955)
[  9383.7s]   [4,13] level 0: 96 pivots (col 347/32955, rows 32955)
[  9386.9s]   [4,13] level 0: 97 pivots (col 348/32955, rows 32955)
[  9390.1s]   [4,13] level 0: 98 pivots (col 349/32955, rows 32955)
[  9393.0s]   [4,13] level 0: 99 pivots (col 352/32955, rows 32955)
[  9396.1s]   [4,13] level 0: 100 pivots (col 353/32955, rows 32955)
[  9399.1s]   [4,13] level 0: 101 pivots (col 354/32955, rows 32955)
[  9402.2s]   [4,13] level 0: 102 pivots (col 355/32955, rows 32955)
[  9405.1s]   [4,13] level 0: 103 pivots (col 356/32955, rows 32955)
[  9408.0s]   [4,13] level 0: 104 pivots (col 357/32955, rows 32955)
[  9410.9s]   [4,13] level 0: 105 pivots (col 358/32955, rows 32955)
[  9413.7s]   [4,13] level 0: 106 pivots (col 359/32955, rows 32955)
[  9416.4s]   [4,13] level 0: 107 pivots (col 360/32955, rows 32955)
[  9419.1s]   [4,13] level 0: 108 pivots (col 361/32955, rows 32955)
[  9421.6s]   [4,13] level 0: 109 pivots (col 365/32955, rows 32955)
[  9424.3s]   [4,13] level 0: 110 pivots (col 366/32955, rows 32955)
[  9427.0s]   [4,13] level 0: 111 pivots (col 367/32955, rows 32955)
[  9429.7s]   [4,13] level 0: 112 pivots (col 368/32955, rows 32955)
[  9432.3s]   [4,13] level 0: 113 pivots (col 369/32955, rows 32955)
[  9435.0s]   [4,13] level 0: 114 pivots (col 370/32955, rows 32955)
[  9437.7s]   [4,13] level 0: 115 pivots (col 371/32955, rows 32955)
[  9440.4s]   [4,13] level 0: 116 pivots (col 372/32955, rows 32955)
[  9443.0s]   [4,13] level 0: 117 pivots (col 373/32955, rows 32955)
[  9445.5s]   [4,13] level 0: 118 pivots (col 378/32955, rows 32955)
[  9447.9s]   [4,13] level 0: 119 pivots (col 391/32955, rows 32955)
[  9450.4s]   [4,13] level 0: 120 pivots (col 404/32955, rows 32955)
[  9452.8s]   [4,13] level 0: 121 pivots (col 417/32955, rows 32955)
[  9455.2s]   [4,13] level 0: 122 pivots (col 430/32955, rows 32955)
[  9457.7s]   [4,13] level 0: 123 pivots (col 443/32955, rows 32955)
[  9460.1s]   [4,13] level 0: 124 pivots (col 456/32955, rows 32955)
[  9462.5s]   [4,13] level 0: 125 pivots (col 469/32955, rows 32955)
[  9465.5s]   [4,13] level 0: 127 pivots (col 677/32955, rows 32955)
[  9468.0s]   [4,13] level 0: 129 pivots (col 1015/32955, rows 32955)
[  9470.8s]   [4,13] level 0: 132 pivots (col 1522/32955, rows 32955)
[  9475.4s]   [4,13] level 0: 135 pivots (col 2198/32955, rows 32955)
[  9478.7s]   [4,13] level 0: 136 pivots (col 2199/32955, rows 32955)
[  9483.1s]   [4,13] level 0: 137 pivots (col 2200/32955, rows 32955)
[  9487.1s]   [4,13] level 0: 138 pivots (col 2201/32955, rows 32955)
[  9491.4s]   [4,13] level 0: 139 pivots (col 2202/32955, rows 32955)
[  9494.8s]   [4,13] level 0: 140 pivots (col 2203/32955, rows 32955)
[  9498.3s]   [4,13] level 0: 141 pivots (col 2204/32955, rows 32955)
[  9502.3s]   [4,13] level 0: 142 pivots (col 2205/32955, rows 32955)
[  9506.4s]   [4,13] level 0: 143 pivots (col 2206/32955, rows 32955)
[  9510.6s]   [4,13] level 0: 144 pivots (col 2207/32955, rows 32955)
[  9514.2s]   [4,13] level 0: 145 pivots (col 2208/32955, rows 32955)
[  9518.1s]   [4,13] level 0: 146 pivots (col 2209/32955, rows 32955)
[  9522.5s]   [4,13] level 0: 147 pivots (col 2211/32955, rows 32955)
[  9526.9s]   [4,13] level 0: 148 pivots (col 2212/32955, rows 32955)
[  9530.4s]   [4,13] level 0: 149 pivots (col 2213/32955, rows 32955)
[  9534.4s]   [4,13] level 0: 150 pivots (col 2214/32955, rows 32955)
[  9537.8s]   [4,13] level 0: 151 pivots (col 2215/32955, rows 32955)
[  9541.6s]   [4,13] level 0: 152 pivots (col 2216/32955, rows 32955)
[  9545.7s]   [4,13] level 0: 153 pivots (col 2217/32955, rows 32955)
[  9549.7s]   [4,13] level 0: 154 pivots (col 2218/32955, rows 32955)
[  9553.1s]   [4,13] level 0: 155 pivots (col 2219/32955, rows 32955)
[  9557.4s]   [4,13] level 0: 156 pivots (col 2220/32955, rows 32955)
[  9560.7s]   [4,13] level 0: 157 pivots (col 2221/32955, rows 32955)
[  9564.3s]   [4,13] level 0: 158 pivots (col 2224/32955, rows 32955)
[  9568.1s]   [4,13] level 0: 159 pivots (col 2225/32955, rows 32955)
[  9571.7s]   [4,13] level 0: 160 pivots (col 2226/32955, rows 32955)
[  9574.9s]   [4,13] level 0: 161 pivots (col 2227/32955, rows 32955)
[  9578.8s]   [4,13] level 0: 162 pivots (col 2228/32955, rows 32955)
[  9582.1s]   [4,13] level 0: 163 pivots (col 2229/32955, rows 32955)
[  9585.8s]   [4,13] level 0: 164 pivots (col 2230/32955, rows 32955)
[  9588.9s]   [4,13] level 0: 165 pivots (col 2231/32955, rows 32955)
[  9592.7s]   [4,13] level 0: 166 pivots (col 2232/32955, rows 32955)
[  9596.3s]   [4,13] level 0: 167 pivots (col 2237/32955, rows 32955)
[  9599.2s]   [4,13] level 0: 168 pivots (col 2250/32955, rows 32955)
[  9602.1s]   [4,13] level 0: 169 pivots (col 2263/32955, rows 32955)
[  9605.0s]   [4,13] level 0: 170 pivots (col 2276/32955, rows 32955)
[  9607.9s]   [4,13] level 0: 171 pivots (col 2289/32955, rows 32955)
[  9610.8s]   [4,13] level 0: 172 pivots (col 2302/32955, rows 32955)
[  9613.7s]   [4,13] level 0: 173 pivots (col 2315/32955, rows 32955)
[  9616.6s]   [4,13] level 0: 174 pivots (col 2328/32955, rows 32955)
[  9620.4s]   [4,13] level 0: 175 pivots (col 2367/32955, rows 32955)
[  9625.3s]   [4,13] level 0: 176 pivots (col 2368/32955, rows 32955)
[  9630.3s]   [4,13] level 0: 177 pivots (col 2369/32955, rows 32955)
[  9635.0s]   [4,13] level 0: 178 pivots (col 2370/32955, rows 32955)
[  9641.4s]   [4,13] level 0: 179 pivots (col 2371/32955, rows 32955)
[  9647.1s]   [4,13] level 0: 180 pivots (col 2372/32955, rows 32955)
[  9652.5s]   [4,13] level 0: 181 pivots (col 2373/32955, rows 32955)
[  9657.4s]   [4,13] level 0: 182 pivots (col 2374/32955, rows 32955)
[  9663.0s]   [4,13] level 0: 183 pivots (col 2375/32955, rows 32955)
[  9668.0s]   [4,13] level 0: 184 pivots (col 2376/32955, rows 32955)
[  9675.7s]   [4,13] level 0: 186 pivots (col 2378/32955, rows 32955)
[  9682.2s]   [4,13] level 0: 187 pivots (col 2380/32955, rows 32955)
[  9688.3s]   [4,13] level 0: 188 pivots (col 2381/32955, rows 32955)
[  9693.0s]   [4,13] level 0: 189 pivots (col 2382/32955, rows 32955)
[  9698.0s]   [4,13] level 0: 190 pivots (col 2383/32955, rows 32955)
[  9704.2s]   [4,13] level 0: 191 pivots (col 2384/32955, rows 32955)
[  9710.6s]   [4,13] level 0: 192 pivots (col 2385/32955, rows 32955)
[  9716.5s]   [4,13] level 0: 193 pivots (col 2386/32955, rows 32955)
[  9729.7s]   [4,13] level 0: 194 pivots (col 2387/32955, rows 32955)
[  9780.7s]   [4,13] level 0: 195 pivots (col 2388/32955, rows 32955)
[  9827.8s]   [4,13] level 0: 196 pivots (col 2389/32955, rows 32955)
[  9850.2s]   [4,13] level 0: 197 pivots (col 2390/32955, rows 32955)
[  9855.4s]   [4,13] level 0: 198 pivots (col 2393/32955, rows 32955)
[  9861.3s]   [4,13] level 0: 199 pivots (col 2394/32955, rows 32955)
[  9867.5s]   [4,13] level 0: 200 pivots (col 2395/32955, rows 32955)
[  9872.6s]   [4,13] level 0: 201 pivots (col 2396/32955, rows 32955)
[  9877.3s]   [4,13] level 0: 202 pivots (col 2397/32955, rows 32955)
[  9882.5s]   [4,13] level 0: 203 pivots (col 2398/32955, rows 32955)
[  9888.7s]   [4,13] level 0: 204 pivots (col 2399/32955, rows 32955)
[  9894.9s]   [4,13] level 0: 205 pivots (col 2400/32955, rows 32955)
[  9901.3s]   [4,13] level 0: 206 pivots (col 2401/32955, rows 32955)
[  9907.0s]   [4,13] level 0: 207 pivots (col 2406/32955, rows 32955)
[  9911.6s]   [4,13] level 0: 208 pivots (col 2419/32955, rows 32955)
[  9917.4s]   [4,13] level 0: 209 pivots (col 2432/32955, rows 32955)
[  9922.6s]   [4,13] level 0: 210 pivots (col 2445/32955, rows 32955)
[  9928.0s]   [4,13] level 0: 211 pivots (col 2458/32955, rows 32955)
[  9932.6s]   [4,13] level 0: 212 pivots (col 2471/32955, rows 32955)
[  9937.1s]   [4,13] level 0: 213 pivots (col 2484/32955, rows 32955)
[  9942.5s]   [4,13] level 0: 214 pivots (col 2497/32955, rows 32955)
[  9948.7s]   [4,13] level 0: 215 pivots (col 2536/32955, rows 32955)
[  9953.9s]   [4,13] level 0: 216 pivots (col 2537/32955, rows 32955)
[  9958.3s]   [4,13] level 0: 217 pivots (col 2538/32955, rows 32955)
[  9962.9s]   [4,13] level 0: 218 pivots (col 2539/32955, rows 32955)
[  9967.4s]   [4,13] level 0: 219 pivots (col 2540/32955, rows 32955)
[  9973.4s]   [4,13] level 0: 220 pivots (col 2541/32955, rows 32955)
[  9979.9s]   [4,13] level 0: 221 pivots (col 2542/32955, rows 32955)
[ 10013.7s]   [4,13] level 0: 222 pivots (col 2543/32955, rows 32955)
[ 10041.9s]   [4,13] level 0: 223 pivots (col 2544/32955, rows 32955)
[ 10048.2s]   [4,13] level 0: 224 pivots (col 2545/32955, rows 32955)
[ 10054.0s]   [4,13] level 0: 225 pivots (col 2546/32955, rows 32955)
[ 10058.5s]   [4,13] level 0: 226 pivots (col 2549/32955, rows 32955)
[ 10063.0s]   [4,13] level 0: 227 pivots (col 2550/32955, rows 32955)
[ 10068.2s]   [4,13] level 0: 228 pivots (col 2551/32955, rows 32955)
[ 10074.3s]   [4,13] level 0: 229 pivots (col 2552/32955, rows 32955)
[ 10083.2s]   [4,13] level 0: 230 pivots (col 2553/32955, rows 32955)
[ 10090.0s]   [4,13] level 0: 231 pivots (col 2554/32955, rows 32955)
[ 10094.9s]   [4,13] level 0: 232 pivots (col 2555/32955, rows 32955)
[ 10099.8s]   [4,13] level 0: 233 pivots (col 2556/32955, rows 32955)
[ 10105.4s]   [4,13] level 0: 234 pivots (col 2557/32955, rows 32955)
[ 10110.0s]   [4,13] level 0: 235 pivots (col 2562/32955, rows 32955)
[ 10114.5s]   [4,13] level 0: 236 pivots (col 2563/32955, rows 32955)
[ 10118.8s]   [4,13] level 0: 237 pivots (col 2564/32955, rows 32955)
[ 10123.4s]   [4,13] level 0: 238 pivots (col 2565/32955, rows 32955)
[ 10129.6s]   [4,13] level 0: 239 pivots (col 2566/32955, rows 32955)
[ 10135.4s]   [4,13] level 0: 240 pivots (col 2567/32955, rows 32955)
[ 10141.6s]   [4,13] level 0: 241 pivots (col 2568/32955, rows 32955)
[ 10148.0s]   [4,13] level 0: 242 pivots (col 2569/32955, rows 32955)
[ 10153.5s]   [4,13] level 0: 243 pivots (col 2575/32955, rows 32955)
[ 10157.9s]   [4,13] level 0: 244 pivots (col 2588/32955, rows 32955)
[ 10163.6s]   [4,13] level 0: 245 pivots (col 2601/32955, rows 32955)
[ 10168.7s]   [4,13] level 0: 246 pivots (col 2614/32955, rows 32955)
[ 10174.7s]   [4,13] level 0: 247 pivots (col 2627/32955, rows 32955)
[ 10179.9s]   [4,13] level 0: 248 pivots (col 2640/32955, rows 32955)
[ 10185.4s]   [4,13] level 0: 249 pivots (col 2653/32955, rows 32955)
[ 10190.9s]   [4,13] level 0: 250 pivots (col 2705/32955, rows 32955)
[ 10196.5s]   [4,13] level 0: 251 pivots (col 2874/32955, rows 32955)
[ 10203.5s]   [4,13] level 0: 252 pivots (col 4395/32955, rows 32955)
[ 10209.7s]   [4,13] level 0: 253 pivots (col 4396/32955, rows 32955)
[ 10215.1s]   [4,13] level 0: 254 pivots (col 4397/32955, rows 32955)
[ 10220.2s]   [4,13] level 0: 255 pivots (col 4398/32955, rows 32955)
[ 10225.1s]   [4,13] level 0: 256 pivots (col 4399/32955, rows 32955)
[ 10230.2s]   [4,13] level 0: 257 pivots (col 4400/32955, rows 32955)
[ 10234.9s]   [4,13] level 0: 258 pivots (col 4401/32955, rows 32955)
[ 10239.7s]   [4,13] level 0: 259 pivots (col 4402/32955, rows 32955)
[ 10245.5s]   [4,13] level 0: 260 pivots (col 4403/32955, rows 32955)
[ 10252.7s]   [4,13] level 0: 261 pivots (col 4404/32955, rows 32955)
[ 10297.8s]   [4,13] level 0: 262 pivots (col 4405/32955, rows 32955)
[ 10350.4s]   [4,13] level 0: 263 pivots (col 4408/32955, rows 32955)
[ 10396.0s]   [4,13] level 0: 264 pivots (col 4409/32955, rows 32955)
[ 10403.3s]   [4,13] level 0: 265 pivots (col 4410/32955, rows 32955)
[ 10409.7s]   [4,13] level 0: 266 pivots (col 4411/32955, rows 32955)
[ 10453.2s]   [4,13] level 0: 267 pivots (col 4412/32955, rows 32955)
[ 10497.7s]   [4,13] level 0: 268 pivots (col 4413/32955, rows 32955)
[ 10515.5s]   [4,13] level 0: 269 pivots (col 4414/32955, rows 32955)
[ 10521.4s]   [4,13] level 0: 270 pivots (col 4415/32955, rows 32955)
[ 10527.6s]   [4,13] level 0: 271 pivots (col 4416/32955, rows 32955)
[ 10534.2s]   [4,13] level 0: 272 pivots (col 4421/32955, rows 32955)
[ 10539.9s]   [4,13] level 0: 273 pivots (col 4422/32955, rows 32955)
[ 10544.7s]   [4,13] level 0: 274 pivots (col 4423/32955, rows 32955)
[ 10550.9s]   [4,13] level 0: 275 pivots (col 4424/32955, rows 32955)
[ 10556.9s]   [4,13] level 0: 276 pivots (col 4425/32955, rows 32955)
[ 10563.0s]   [4,13] level 0: 277 pivots (col 4426/32955, rows 32955)
[ 10567.8s]   [4,13] level 0: 278 pivots (col 4427/32955, rows 32955)
[ 10573.0s]   [4,13] level 0: 279 pivots (col 4428/32955, rows 32955)
[ 10578.8s]   [4,13] level 0: 280 pivots (col 4434/32955, rows 32955)
[ 10584.9s]   [4,13] level 0: 281 pivots (col 4447/32955, rows 32955)
[ 10591.2s]   [4,13] level 0: 282 pivots (col 4460/32955, rows 32955)
[ 10597.1s]   [4,13] level 0: 283 pivots (col 4473/32955, rows 32955)
[ 10602.8s]   [4,13] level 0: 284 pivots (col 4486/32955, rows 32955)
[ 10609.6s]   [4,13] level 0: 285 pivots (col 4499/32955, rows 32955)
[ 10615.1s]   [4,13] level 0: 286 pivots (col 4512/32955, rows 32955)
[ 10619.9s]   [4,13] level 0: 287 pivots (col 4564/32955, rows 32955)
[ 10624.6s]   [4,13] level 0: 288 pivots (col 4565/32955, rows 32955)
[ 10629.5s]   [4,13] level 0: 289 pivots (col 4566/32955, rows 32955)
[ 10634.5s]   [4,13] level 0: 290 pivots (col 4567/32955, rows 32955)
[ 10639.2s]   [4,13] level 0: 291 pivots (col 4568/32955, rows 32955)
[ 10643.9s]   [4,13] level 0: 292 pivots (col 4569/32955, rows 32955)
[ 10648.7s]   [4,13] level 0: 293 pivots (col 4570/32955, rows 32955)
[ 10653.5s]   [4,13] level 0: 294 pivots (col 4571/32955, rows 32955)
[ 10658.3s]   [4,13] level 0: 295 pivots (col 4572/32955, rows 32955)
[ 10662.9s]   [4,13] level 0: 296 pivots (col 4573/32955, rows 32955)
[ 10667.7s]   [4,13] level 0: 297 pivots (col 4574/32955, rows 32955)
[ 10672.4s]   [4,13] level 0: 298 pivots (col 4577/32955, rows 32955)
[ 10677.1s]   [4,13] level 0: 299 pivots (col 4578/32955, rows 32955)
[ 10681.9s]   [4,13] level 0: 300 pivots (col 4579/32955, rows 32955)
[ 10686.6s]   [4,13] level 0: 301 pivots (col 4580/32955, rows 32955)
[ 10691.3s]   [4,13] level 0: 302 pivots (col 4581/32955, rows 32955)
[ 10696.1s]   [4,13] level 0: 303 pivots (col 4582/32955, rows 32955)
[ 10700.8s]   [4,13] level 0: 304 pivots (col 4583/32955, rows 32955)
[ 10705.6s]   [4,13] level 0: 305 pivots (col 4584/32955, rows 32955)
[ 10711.0s]   [4,13] level 0: 306 pivots (col 4585/32955, rows 32955)
[ 10716.7s]   [4,13] level 0: 307 pivots (col 4590/32955, rows 32955)
[ 10721.5s]   [4,13] level 0: 308 pivots (col 4591/32955, rows 32955)
[ 10726.8s]   [4,13] level 0: 309 pivots (col 4592/32955, rows 32955)
[ 10731.8s]   [4,13] level 0: 310 pivots (col 4593/32955, rows 32955)
[ 10736.6s]   [4,13] level 0: 311 pivots (col 4594/32955, rows 32955)
[ 10741.8s]   [4,13] level 0: 312 pivots (col 4595/32955, rows 32955)
[ 10747.0s]   [4,13] level 0: 313 pivots (col 4596/32955, rows 32955)
[ 10752.0s]   [4,13] level 0: 314 pivots (col 4597/32955, rows 32955)
[ 10756.6s]   [4,13] level 0: 315 pivots (col 4603/32955, rows 32955)
[ 10762.5s]   [4,13] level 0: 316 pivots (col 4616/32955, rows 32955)
[ 10768.0s]   [4,13] level 0: 317 pivots (col 4629/32955, rows 32955)
[ 10773.3s]   [4,13] level 0: 318 pivots (col 4642/32955, rows 32955)
[ 10780.3s]   [4,13] level 0: 319 pivots (col 4655/32955, rows 32955)
[ 10786.3s]   [4,13] level 0: 320 pivots (col 4668/32955, rows 32955)
[ 10793.2s]   [4,13] level 0: 321 pivots (col 4681/32955, rows 32955)
[ 10799.0s]   [4,13] level 0: 322 pivots (col 4733/32955, rows 32955)
[ 10804.6s]   [4,13] level 0: 323 pivots (col 4734/32955, rows 32955)
[ 10810.2s]   [4,13] level 0: 324 pivots (col 4735/32955, rows 32955)
[ 10816.5s]   [4,13] level 0: 325 pivots (col 4736/32955, rows 32955)
[ 10823.0s]   [4,13] level 0: 326 pivots (col 4737/32955, rows 32955)
[ 10828.8s]   [4,13] level 0: 327 pivots (col 4738/32955, rows 32955)
[ 10833.5s]   [4,13] level 0: 328 pivots (col 4739/32955, rows 32955)
[ 10839.6s]   [4,13] level 0: 329 pivots (col 4740/32955, rows 32955)
[ 10845.1s]   [4,13] level 0: 330 pivots (col 4741/32955, rows 32955)
[ 10850.6s]   [4,13] level 0: 331 pivots (col 4742/32955, rows 32955)
[ 10855.5s]   [4,13] level 0: 332 pivots (col 4743/32955, rows 32955)
[ 10860.7s]   [4,13] level 0: 333 pivots (col 4746/32955, rows 32955)
[ 10866.1s]   [4,13] level 0: 334 pivots (col 4747/32955, rows 32955)
[ 10871.1s]   [4,13] level 0: 335 pivots (col 4748/32955, rows 32955)
[ 10876.0s]   [4,13] level 0: 336 pivots (col 4749/32955, rows 32955)
[ 10881.2s]   [4,13] level 0: 337 pivots (col 4750/32955, rows 32955)
[ 10886.7s]   [4,13] level 0: 338 pivots (col 4751/32955, rows 32955)
[ 10891.6s]   [4,13] level 0: 339 pivots (col 4752/32955, rows 32955)
[ 10896.5s]   [4,13] level 0: 340 pivots (col 4753/32955, rows 32955)
[ 10902.0s]   [4,13] level 0: 341 pivots (col 4754/32955, rows 32955)
[ 10908.1s]   [4,13] level 0: 342 pivots (col 4759/32955, rows 32955)
[ 10912.8s]   [4,13] level 0: 343 pivots (col 4760/32955, rows 32955)
[ 10917.9s]   [4,13] level 0: 344 pivots (col 4761/32955, rows 32955)
[ 10922.8s]   [4,13] level 0: 345 pivots (col 4762/32955, rows 32955)
[ 10927.9s]   [4,13] level 0: 346 pivots (col 4763/32955, rows 32955)
[ 10933.3s]   [4,13] level 0: 347 pivots (col 4764/32955, rows 32955)
[ 10938.8s]   [4,13] level 0: 348 pivots (col 4765/32955, rows 32955)
[ 10944.2s]   [4,13] level 0: 349 pivots (col 4766/32955, rows 32955)
[ 10949.9s]   [4,13] level 0: 350 pivots (col 4772/32955, rows 32955)
[ 10955.5s]   [4,13] level 0: 351 pivots (col 4785/32955, rows 32955)
[ 10961.8s]   [4,13] level 0: 352 pivots (col 4798/32955, rows 32955)
[ 10975.9s]   [4,13] level 0: 353 pivots (col 4811/32955, rows 32955)
[ 10981.0s]   [4,13] level 0: 354 pivots (col 4824/32955, rows 32955)
[ 10987.1s]   [4,13] level 0: 355 pivots (col 4837/32955, rows 32955)
[ 10992.8s]   [4,13] level 0: 356 pivots (col 4850/32955, rows 32955)
[ 10997.6s]   [4,13] level 0: 357 pivots (col 4902/32955, rows 32955)
[ 11002.3s]   [4,13] level 0: 358 pivots (col 5071/32955, rows 32955)
[ 11008.8s]   [4,13] level 0: 359 pivots (col 6592/32955, rows 32955)
[ 11015.8s]   [4,13] level 0: 360 pivots (col 6593/32955, rows 32955)
[ 11020.9s]   [4,13] level 0: 361 pivots (col 6594/32955, rows 32955)
[ 11026.2s]   [4,13] level 0: 362 pivots (col 6595/32955, rows 32955)
[ 11032.5s]   [4,13] level 0: 363 pivots (col 6596/32955, rows 32955)
[ 11038.3s]   [4,13] level 0: 364 pivots (col 6597/32955, rows 32955)
[ 11043.2s]   [4,13] level 0: 365 pivots (col 6598/32955, rows 32955)
[ 11048.9s]   [4,13] level 0: 366 pivots (col 6599/32955, rows 32955)
[ 11053.8s]   [4,13] level 0: 367 pivots (col 6600/32955, rows 32955)
[ 11058.8s]   [4,13] level 0: 368 pivots (col 6601/32955, rows 32955)
[ 11064.5s]   [4,13] level 0: 369 pivots (col 6602/32955, rows 32955)
[ 11070.3s]   [4,13] level 0: 370 pivots (col 6603/32955, rows 32955)
[ 11075.4s]   [4,13] level 0: 371 pivots (col 6605/32955, rows 32955)
[ 11081.0s]   [4,13] level 0: 372 pivots (col 6606/32955, rows 32955)
[ 11087.9s]   [4,13] level 0: 373 pivots (col 6607/32955, rows 32955)
[ 11094.3s]   [4,13] level 0: 374 pivots (col 6608/32955, rows 32955)
[ 11100.8s]   [4,13] level 0: 375 pivots (col 6609/32955, rows 32955)
[ 11107.3s]   [4,13] level 0: 376 pivots (col 6610/32955, rows 32955)
[ 11113.7s]   [4,13] level 0: 377 pivots (col 6611/32955, rows 32955)
[ 11152.3s]   [4,13] level 0: 378 pivots (col 6612/32955, rows 32955)
[ 11198.4s]   [4,13] level 0: 379 pivots (col 6613/32955, rows 32955)
[ 11254.6s]   [4,13] level 0: 380 pivots (col 6614/32955, rows 32955)
[ 11292.1s]   [4,13] level 0: 381 pivots (col 6615/32955, rows 32955)
[ 11297.9s]   [4,13] level 0: 382 pivots (col 6618/32955, rows 32955)
[ 11303.4s]   [4,13] level 0: 383 pivots (col 6619/32955, rows 32955)
[ 11309.8s]   [4,13] level 0: 384 pivots (col 6620/32955, rows 32955)
[ 11314.9s]   [4,13] level 0: 385 pivots (col 6621/32955, rows 32955)
[ 11320.6s]   [4,13] level 0: 386 pivots (col 6622/32955, rows 32955)
[ 11327.1s]   [4,13] level 0: 387 pivots (col 6623/32955, rows 32955)
[ 11333.3s]   [4,13] level 0: 388 pivots (col 6624/32955, rows 32955)
[ 11339.7s]   [4,13] level 0: 389 pivots (col 6625/32955, rows 32955)
[ 11346.4s]   [4,13] level 0: 390 pivots (col 6626/32955, rows 32955)
[ 11352.1s]   [4,13] level 0: 391 pivots (col 6627/32955, rows 32955)
[ 11358.5s]   [4,13] level 0: 392 pivots (col 6631/32955, rows 32955)
[ 11364.9s]   [4,13] level 0: 393 pivots (col 6644/32955, rows 32955)
[ 11370.2s]   [4,13] level 0: 394 pivots (col 6657/32955, rows 32955)
[ 11376.1s]   [4,13] level 0: 395 pivots (col 6670/32955, rows 32955)
[ 11383.4s]   [4,13] level 0: 396 pivots (col 6683/32955, rows 32955)
[ 11390.2s]   [4,13] level 0: 397 pivots (col 6696/32955, rows 32955)
[ 11396.8s]   [4,13] level 0: 398 pivots (col 6709/32955, rows 32955)
[ 11402.3s]   [4,13] level 0: 399 pivots (col 6722/32955, rows 32955)
[ 11407.4s]   [4,13] level 0: 400 pivots (col 6735/32955, rows 32955)
[ 11413.3s]   [4,13] level 0: 401 pivots (col 6761/32955, rows 32955)
[ 11423.0s]   [4,13] level 0: 402 pivots (col 6762/32955, rows 32955)
[ 11434.3s]   [4,13] level 0: 403 pivots (col 6763/32955, rows 32955)
[ 11440.5s]   [4,13] level 0: 404 pivots (col 6764/32955, rows 32955)
[ 11447.1s]   [4,13] level 0: 405 pivots (col 6765/32955, rows 32955)
[ 11454.3s]   [4,13] level 0: 406 pivots (col 6766/32955, rows 32955)
[ 11459.8s]   [4,13] level 0: 407 pivots (col 6767/32955, rows 32955)
[ 11465.8s]   [4,13] level 0: 408 pivots (col 6768/32955, rows 32955)
[ 11472.5s]   [4,13] level 0: 409 pivots (col 6769/32955, rows 32955)
[ 11478.1s]   [4,13] level 0: 410 pivots (col 6770/32955, rows 32955)
[ 11483.6s]   [4,13] level 0: 411 pivots (col 6771/32955, rows 32955)
[ 11490.8s]   [4,13] level 0: 412 pivots (col 6774/32955, rows 32955)
[ 11507.6s]   [4,13] level 0: 413 pivots (col 6775/32955, rows 32955)
[ 11514.4s]   [4,13] level 0: 414 pivots (col 6776/32955, rows 32955)
[ 11521.0s]   [4,13] level 0: 415 pivots (col 6777/32955, rows 32955)
[ 11526.9s]   [4,13] level 0: 416 pivots (col 6778/32955, rows 32955)
[ 11534.1s]   [4,13] level 0: 417 pivots (col 6779/32955, rows 32955)
[ 11540.7s]   [4,13] level 0: 418 pivots (col 6780/32955, rows 32955)
[ 11546.9s]   [4,13] level 0: 419 pivots (col 6781/32955, rows 32955)
[ 11553.6s]   [4,13] level 0: 420 pivots (col 6782/32955, rows 32955)
[ 11559.7s]   [4,13] level 0: 421 pivots (col 6783/32955, rows 32955)
[ 11565.8s]   [4,13] level 0: 422 pivots (col 6787/32955, rows 32955)
[ 11572.1s]   [4,13] level 0: 423 pivots (col 6788/32955, rows 32955)
[ 11578.1s]   [4,13] level 0: 424 pivots (col 6789/32955, rows 32955)
[ 11584.6s]   [4,13] level 0: 425 pivots (col 6790/32955, rows 32955)
[ 11591.5s]   [4,13] level 0: 426 pivots (col 6791/32955, rows 32955)
[ 11602.0s]   [4,13] level 0: 427 pivots (col 6792/32955, rows 32955)
[ 11608.8s]   [4,13] level 0: 428 pivots (col 6793/32955, rows 32955)
[ 11614.8s]   [4,13] level 0: 429 pivots (col 6794/32955, rows 32955)
[ 11619.9s]   [4,13] level 0: 430 pivots (col 6795/32955, rows 32955)
[ 11625.5s]   [4,13] level 0: 431 pivots (col 6800/32955, rows 32955)
[ 11631.5s]   [4,13] level 0: 432 pivots (col 6813/32955, rows 32955)
[ 11636.6s]   [4,13] level 0: 433 pivots (col 6826/32955, rows 32955)
[ 11642.4s]   [4,13] level 0: 434 pivots (col 6839/32955, rows 32955)
[ 11647.9s]   [4,13] level 0: 435 pivots (col 6852/32955, rows 32955)
[ 11652.9s]   [4,13] level 0: 436 pivots (col 6865/32955, rows 32955)
[ 11657.9s]   [4,13] level 0: 437 pivots (col 6878/32955, rows 32955)
[ 11664.8s]   [4,13] level 0: 438 pivots (col 6891/32955, rows 32955)
[ 11671.0s]   [4,13] level 0: 439 pivots (col 6930/32955, rows 32955)
[ 11677.5s]   [4,13] level 0: 440 pivots (col 6931/32955, rows 32955)
[ 11683.0s]   [4,13] level 0: 441 pivots (col 6932/32955, rows 32955)
[ 11688.3s]   [4,13] level 0: 442 pivots (col 6933/32955, rows 32955)
[ 11694.1s]   [4,13] level 0: 443 pivots (col 6934/32955, rows 32955)
[ 11699.8s]   [4,13] level 0: 444 pivots (col 6935/32955, rows 32955)
[ 11705.0s]   [4,13] level 0: 445 pivots (col 6936/32955, rows 32955)
[ 11710.4s]   [4,13] level 0: 446 pivots (col 6937/32955, rows 32955)
[ 11717.1s]   [4,13] level 0: 447 pivots (col 6938/32955, rows 32955)
[ 11733.7s]   [4,13] level 0: 448 pivots (col 6939/32955, rows 32955)
[ 11740.6s]   [4,13] level 0: 449 pivots (col 6943/32955, rows 32955)
[ 11746.3s]   [4,13] level 0: 450 pivots (col 6944/32955, rows 32955)
[ 11751.3s]   [4,13] level 0: 451 pivots (col 6945/32955, rows 32955)
[ 11757.1s]   [4,13] level 0: 452 pivots (col 6946/32955, rows 32955)
[ 11781.7s]   [4,13] level 0: 453 pivots (col 6947/32955, rows 32955)
[ 11789.4s]   [4,13] level 0: 454 pivots (col 6948/32955, rows 32955)
[ 11795.2s]   [4,13] level 0: 455 pivots (col 6949/32955, rows 32955)
[ 11801.3s]   [4,13] level 0: 456 pivots (col 6950/32955, rows 32955)
[ 11807.7s]   [4,13] level 0: 457 pivots (col 6951/32955, rows 32955)
[ 11814.4s]   [4,13] level 0: 458 pivots (col 6956/32955, rows 32955)
[ 11825.3s]   [4,13] level 0: 459 pivots (col 6969/32955, rows 32955)
[ 11879.7s]   [4,13] level 0: 460 pivots (col 6982/32955, rows 32955)
[ 11927.9s]   [4,13] level 0: 461 pivots (col 6995/32955, rows 32955)
[ 11974.0s]   [4,13] level 0: 462 pivots (col 7008/32955, rows 32955)
[ 11980.1s]   [4,13] level 0: 463 pivots (col 7021/32955, rows 32955)
[ 11987.4s]   [4,13] level 0: 464 pivots (col 7034/32955, rows 32955)
[ 12043.3s]   [4,13] level 0: 465 pivots (col 7099/32955, rows 32955)
[ 12074.6s]   [4,13] level 0: 466 pivots (col 7268/32955, rows 32955)
[ 12080.9s]   [4,13] level 0: 467 pivots (col 7437/32955, rows 32955)
[ 12087.2s]   [4,13] level 0: 468 pivots (col 7606/32955, rows 32955)
[ 12093.4s]   [4,13] level 0: 469 pivots (col 7775/32955, rows 32955)
[ 12099.2s]   [4,13] level 0: 470 pivots (col 7944/32955, rows 32955)
[ 12104.8s]   [4,13] level 0: 471 pivots (col 8113/32955, rows 32955)
[ 12111.5s]   [4,13] level 0: 472 pivots (col 8282/32955, rows 32955)
[ 12117.9s]   [4,13] level 0: 473 pivots (col 8789/32955, rows 32955)
[ 12124.4s]   [4,13] level 0: 474 pivots (col 8790/32955, rows 32955)
[ 12130.6s]   [4,13] level 0: 475 pivots (col 8791/32955, rows 32955)
[ 12137.8s]   [4,13] level 0: 476 pivots (col 8792/32955, rows 32955)
[ 12154.8s]   [4,13] level 0: 477 pivots (col 8793/32955, rows 32955)
[ 12197.6s]   [4,13] level 0: 478 pivots (col 8794/32955, rows 32955)
[ 12204.7s]   [4,13] level 0: 479 pivots (col 8795/32955, rows 32955)
[ 12219.4s]   [4,13] level 0: 480 pivots (col 8796/32955, rows 32955)
[ 12225.0s]   [4,13] level 0: 481 pivots (col 8797/32955, rows 32955)
[ 12231.1s]   [4,13] level 0: 482 pivots (col 8798/32955, rows 32955)
[ 12236.7s]   [4,13] level 0: 483 pivots (col 8799/32955, rows 32955)
[ 12241.8s]   [4,13] level 0: 484 pivots (col 8800/32955, rows 32955)
[ 12248.4s]   [4,13] level 0: 485 pivots (col 8802/32955, rows 32955)
[ 12255.1s]   [4,13] level 0: 486 pivots (col 8803/32955, rows 32955)
[ 12262.0s]   [4,13] level 0: 487 pivots (col 8804/32955, rows 32955)
[ 12267.5s]   [4,13] level 0: 488 pivots (col 8805/32955, rows 32955)
[ 12272.7s]   [4,13] level 0: 489 pivots (col 8806/32955, rows 32955)
[ 12278.7s]   [4,13] level 0: 490 pivots (col 8807/32955, rows 32955)
[ 12283.9s]   [4,13] level 0: 491 pivots (col 8808/32955, rows 32955)
[ 12290.8s]   [4,13] level 0: 492 pivots (col 8809/32955, rows 32955)
[ 12297.1s]   [4,13] level 0: 493 pivots (col 8810/32955, rows 32955)
[ 12303.2s]   [4,13] level 0: 494 pivots (col 8811/32955, rows 32955)
[ 12310.0s]   [4,13] level 0: 495 pivots (col 8812/32955, rows 32955)
[ 12316.9s]   [4,13] level 0: 496 pivots (col 8815/32955, rows 32955)
[ 12323.2s]   [4,13] level 0: 497 pivots (col 8816/32955, rows 32955)
[ 12329.7s]   [4,13] level 0: 498 pivots (col 8817/32955, rows 32955)
[ 12335.0s]   [4,13] level 0: 499 pivots (col 8818/32955, rows 32955)
[ 12340.5s]   [4,13] level 0: 500 pivots (col 8819/32955, rows 32955)
[ 12347.3s]   [4,13] level 0: 501 pivots (col 8820/32955, rows 32955)
[ 12354.0s]   [4,13] level 0: 502 pivots (col 8821/32955, rows 32955)
[ 12360.8s]   [4,13] level 0: 503 pivots (col 8822/32955, rows 32955)
[ 12368.3s]   [4,13] level 0: 504 pivots (col 8823/32955, rows 32955)
[ 12416.8s]   [4,13] level 0: 505 pivots (col 8828/32955, rows 32955)
[ 12448.7s]   [4,13] level 0: 506 pivots (col 8841/32955, rows 32955)
[ 12455.9s]   [4,13] level 0: 507 pivots (col 8854/32955, rows 32955)
[ 12462.9s]   [4,13] level 0: 508 pivots (col 8867/32955, rows 32955)
[ 12513.9s]   [4,13] level 0: 509 pivots (col 8880/32955, rows 32955)
[ 12539.5s]   [4,13] level 0: 510 pivots (col 8893/32955, rows 32955)
[ 12545.8s]   [4,13] level 0: 511 pivots (col 8906/32955, rows 32955)
[ 12552.9s]   [4,13] level 0: 512 pivots (col 8919/32955, rows 32955)
[ 12559.5s]   [4,13] level 0: 513 pivots (col 8958/32955, rows 32955)
[ 12566.5s]   [4,13] level 0: 514 pivots (col 8959/32955, rows 32955)
[ 12624.3s]   [4,13] level 0: 515 pivots (col 8960/32955, rows 32955)
[ 12680.3s]   [4,13] level 0: 516 pivots (col 8961/32955, rows 32955)
[ 12714.8s]   [4,13] level 0: 517 pivots (col 8962/32955, rows 32955)
[ 12720.8s]   [4,13] level 0: 518 pivots (col 8963/32955, rows 32955)
[ 12727.0s]   [4,13] level 0: 519 pivots (col 8964/32955, rows 32955)
[ 12734.0s]   [4,13] level 0: 520 pivots (col 8965/32955, rows 32955)
[ 12740.4s]   [4,13] level 0: 521 pivots (col 8966/32955, rows 32955)
[ 12747.1s]   [4,13] level 0: 522 pivots (col 8967/32955, rows 32955)
[ 12754.2s]   [4,13] level 0: 523 pivots (col 8968/32955, rows 32955)
[ 12760.6s]   [4,13] level 0: 524 pivots (col 8971/32955, rows 32955)
[ 12767.3s]   [4,13] level 0: 525 pivots (col 8972/32955, rows 32955)
[ 12774.0s]   [4,13] level 0: 526 pivots (col 8973/32955, rows 32955)
[ 12780.6s]   [4,13] level 0: 527 pivots (col 8974/32955, rows 32955)
[ 12787.4s]   [4,13] level 0: 528 pivots (col 8975/32955, rows 32955)
[ 12793.4s]   [4,13] level 0: 529 pivots (col 8976/32955, rows 32955)
[ 12829.1s]   [4,13] level 0: 530 pivots (col 8977/32955, rows 32955)
[ 12859.6s]   [4,13] level 0: 531 pivots (col 8978/32955, rows 32955)
[ 12866.0s]   [4,13] level 0: 532 pivots (col 8979/32955, rows 32955)
[ 12871.9s]   [4,13] level 0: 533 pivots (col 8980/32955, rows 32955)
[ 12877.6s]   [4,13] level 0: 534 pivots (col 8984/32955, rows 32955)
