[     0.0s] legolaselpeloterov3 - BOTH. ALL OF IT. Gates first.
[     0.0s] building Gram (4,3): 405 planes (raw int8 0 MB)
[     0.0s] Gram (4,3) built
[     0.0s]   [g1] level 0 done: 19 divisors; residual 386x386
[     0.0s]   [g1] level 1 done: 1 divisors; residual 385x385
[     0.0s]   [g1] level 2 done: 1 divisors; residual 384x384
[     0.0s]   [g1] level 3 done: 0 divisors; residual 384x384
GATE (4,3) p=3: {0: 19, 1: 1, 2: 1, 3: 0}
[     0.0s] GATE (4,3) -> PASS
[     0.0s] building Gram (4,4): 960 planes (raw int8 1 MB)
[     0.0s] Gram (4,4) built
[     0.1s]   [g2] level 0 done: 100 divisors; residual 860x860
[     0.1s]   [g2] level 1 done: 2 divisors; residual 858x858
[     0.1s]   [g2] level 2 done: 4 divisors; residual 854x854
[     0.1s]   [g2] level 3 done: 30 divisors; residual 824x824
[     0.1s]   [g2] level 4 done: 4 divisors; residual 820x820
[     0.1s]   [g2] level 5 done: 2 divisors; residual 818x818
[     0.1s]   [g2] level 6 done: 0 divisors; residual 818x818
[     0.1s]   [g2] level 7 done: 0 divisors; residual 818x818
GATE (4,4) p=2: rank 142 heights {0: 100, 1: 2, 2: 4, 3: 30, 4: 4, 5: 2}
[     0.1s] GATE (4,4) vs AMV Table 1 -> PASS
[     0.1s] building Gram (4,5): 1875 planes (raw int8 3 MB)
[     0.2s] Gram (4,5) built
[     2.6s]   [g3] level 0 done: 166 divisors; residual 1709x1709
[     4.6s]   [g3] level 1: 171 pivots (col 1464/1709, rows 1709)
[     4.7s]   [g3] level 1 done: 174 divisors; residual 1535x1535
[     5.2s]   [g3] level 2 done: 54 divisors; residual 1481x1481
[     5.2s]   [g3] level 3 done: 7 divisors; residual 1474x1474
[     5.2s]   [g3] level 4 done: 0 divisors; residual 1474x1474
[     5.2s]   [g3] level 5 done: 0 divisors; residual 1474x1474
[     5.3s]   [g3] level 6 done: 0 divisors; residual 1474x1474
[     5.3s]   [g3] level 7 done: 0 divisors; residual 1474x1474
GATE (4,5) p=5: rank 401 heights {0: 166, 1: 174, 2: 54, 3: 7}
[     5.3s] GATE (4,5) vs acta v78 s88 -> PASS
[     5.3s] building Gram fam d=11: 1331 planes (raw int8 2 MB)
[     5.3s] Gram fam d=11 built
[     5.5s]   [sf11] level 0 done: 29 divisors; residual 1302x1302
[     5.7s]   [sf11] level 1 done: 243 divisors; residual 1059x1059
[     6.0s]   [sf11] level 2 done: 729 divisors; residual 330x330
[     6.0s]   [sf11] level 3 done: 0 divisors; residual 330x330
[     6.0s]   [sf11] level 4 done: 0 divisors; residual 330x330
SEAL TEST fam d=11: rank 1001 heights {0: 29, 1: 243, 2: 729, 3: 0}
[     6.0s] SEAL TEST flat law 9th degree -> HIT, continuing
[     6.0s] CELL A: (4,11), 19965 planes. SEALED: rank 10901, h_max 6, E 20211. One miss kills the ladder.
[     6.0s] RAM ledger: raw int8 0.37 GB + bufA 1.48 GB; PEAK OF THE NIGHT after bufB = 2.97 GB (guard 5.4)
[     6.0s] building Gram (4,11): 19965 planes (raw int8 380 MB)
[     8.0s]   Gram (4,11) rows 4579/19965
[    10.0s]   Gram (4,11) rows 10803/19965
[    11.1s] Gram (4,11) built
[    13.5s]   [4,11] rank pass: 9 pivots (col 9/19965)
[    15.8s]   [4,11] rank pass: 14 pivots (col 14/19965)
[    17.8s]   [4,11] rank pass: 23 pivots (col 24/19965)
[    20.0s]   [4,11] rank pass: 30 pivots (col 31/19965)
[    22.4s]   [4,11] rank pass: 36 pivots (col 38/19965)
[    24.4s]   [4,11] rank pass: 44 pivots (col 47/19965)
[    26.6s]   [4,11] rank pass: 53 pivots (col 57/19965)
[    28.6s]   [4,11] rank pass: 62 pivots (col 67/19965)
[    30.6s]   [4,11] rank pass: 72 pivots (col 78/19965)
[    32.6s]   [4,11] rank pass: 86 pivots (col 93/19965)
[    34.7s]   [4,11] rank pass: 103 pivots (col 123/19965)
[    36.8s]   [4,11] rank pass: 112 pivots (col 133/19965)
[    38.8s]   [4,11] rank pass: 118 pivots (col 139/19965)
[    40.9s]   [4,11] rank pass: 125 pivots (col 147/19965)
[    43.2s]   [4,11] rank pass: 133 pivots (col 156/19965)
[    45.3s]   [4,11] rank pass: 136 pivots (col 159/19965)
[    47.3s]   [4,11] rank pass: 143 pivots (col 167/19965)
[    49.6s]   [4,11] rank pass: 148 pivots (col 172/19965)
[    52.0s]   [4,11] rank pass: 156 pivots (col 181/19965)
[    54.2s]   [4,11] rank pass: 164 pivots (col 190/19965)
[    56.3s]   [4,11] rank pass: 170 pivots (col 196/19965)
[    58.4s]   [4,11] rank pass: 178 pivots (col 205/19965)
[    60.5s]   [4,11] rank pass: 190 pivots (col 218/19965)
[    62.5s]   [4,11] rank pass: 202 pivots (col 243/19965)
[    64.5s]   [4,11] rank pass: 209 pivots (col 250/19965)
[    66.9s]   [4,11] rank pass: 216 pivots (col 258/19965)
[    69.0s]   [4,11] rank pass: 223 pivots (col 266/19965)
[    71.2s]   [4,11] rank pass: 228 pivots (col 271/19965)
[    73.6s]   [4,11] rank pass: 235 pivots (col 279/19965)
[    75.6s]   [4,11] rank pass: 241 pivots (col 285/19965)
[    77.9s]   [4,11] rank pass: 246 pivots (col 291/19965)
[    80.1s]   [4,11] rank pass: 253 pivots (col 299/19965)
[    83.0s]   [4,11] rank pass: 258 pivots (col 304/19965)
[    85.3s]   [4,11] rank pass: 264 pivots (col 311/19965)
[    87.6s]   [4,11] rank pass: 269 pivots (col 316/19965)
[    90.0s]   [4,11] rank pass: 276 pivots (col 324/19965)
[    92.1s]   [4,11] rank pass: 285 pivots (col 334/19965)
[    94.2s]   [4,11] rank pass: 295 pivots (col 345/19965)
[    96.5s]   [4,11] rank pass: 304 pivots (col 366/19965)
[    98.9s]   [4,11] rank pass: 312 pivots (col 375/19965)
[   101.2s]   [4,11] rank pass: 316 pivots (col 379/19965)
[   103.5s]   [4,11] rank pass: 323 pivots (col 387/19965)
[   105.8s]   [4,11] rank pass: 328 pivots (col 392/19965)
[   108.2s]   [4,11] rank pass: 334 pivots (col 399/19965)
[   110.2s]   [4,11] rank pass: 337 pivots (col 402/19965)
[   112.2s]   [4,11] rank pass: 342 pivots (col 408/19965)
[   114.7s]   [4,11] rank pass: 346 pivots (col 412/19965)
[   116.7s]   [4,11] rank pass: 351 pivots (col 417/19965)
[   119.5s]   [4,11] rank pass: 354 pivots (col 421/19965)
[   122.3s]   [4,11] rank pass: 356 pivots (col 423/19965)
[   124.3s]   [4,11] rank pass: 359 pivots (col 426/19965)
[   126.4s]   [4,11] rank pass: 365 pivots (col 433/19965)
[   128.6s]   [4,11] rank pass: 371 pivots (col 439/19965)
[   130.7s]   [4,11] rank pass: 377 pivots (col 446/19965)
[   132.9s]   [4,11] rank pass: 385 pivots (col 455/19965)
[   135.0s]   [4,11] rank pass: 394 pivots (col 465/19965)
[   137.3s]   [4,11] rank pass: 404 pivots (col 487/19965)
[   139.5s]   [4,11] rank pass: 412 pivots (col 496/19965)
[   141.6s]   [4,11] rank pass: 417 pivots (col 501/19965)
[   143.9s]   [4,11] rank pass: 424 pivots (col 509/19965)
[   146.1s]   [4,11] rank pass: 429 pivots (col 514/19965)
[   148.4s]   [4,11] rank pass: 435 pivots (col 521/19965)
[   150.4s]   [4,11] rank pass: 440 pivots (col 526/19965)
[   152.5s]   [4,11] rank pass: 445 pivots (col 532/19965)
[   154.6s]   [4,11] rank pass: 450 pivots (col 537/19965)
[   157.1s]   [4,11] rank pass: 456 pivots (col 544/19965)
[   159.4s]   [4,11] rank pass: 462 pivots (col 551/19965)
[   161.6s]   [4,11] rank pass: 467 pivots (col 556/19965)
[   163.8s]   [4,11] rank pass: 474 pivots (col 564/19965)
[   166.0s]   [4,11] rank pass: 480 pivots (col 570/19965)
[   168.2s]   [4,11] rank pass: 488 pivots (col 579/19965)
[   170.4s]   [4,11] rank pass: 499 pivots (col 591/19965)
[   172.6s]   [4,11] rank pass: 507 pivots (col 611/19965)
[   174.7s]   [4,11] rank pass: 515 pivots (col 620/19965)
[   177.0s]   [4,11] rank pass: 522 pivots (col 628/19965)
[   179.2s]   [4,11] rank pass: 527 pivots (col 633/19965)
[   181.3s]   [4,11] rank pass: 533 pivots (col 640/19965)
[   183.6s]   [4,11] rank pass: 538 pivots (col 645/19965)
[   185.9s]   [4,11] rank pass: 544 pivots (col 652/19965)
[   188.1s]   [4,11] rank pass: 549 pivots (col 657/19965)
[   190.4s]   [4,11] rank pass: 555 pivots (col 664/19965)
[   192.5s]   [4,11] rank pass: 560 pivots (col 669/19965)
[   194.7s]   [4,11] rank pass: 565 pivots (col 675/19965)
[   196.8s]   [4,11] rank pass: 571 pivots (col 681/19965)
[   198.9s]   [4,11] rank pass: 577 pivots (col 688/19965)
[   201.0s]   [4,11] rank pass: 585 pivots (col 697/19965)
[   203.3s]   [4,11] rank pass: 595 pivots (col 708/19965)
[   205.4s]   [4,11] rank pass: 605 pivots (col 730/19965)
[   207.5s]   [4,11] rank pass: 614 pivots (col 740/19965)
[   209.5s]   [4,11] rank pass: 620 pivots (col 746/19965)
[   211.7s]   [4,11] rank pass: 627 pivots (col 754/19965)
[   214.2s]   [4,11] rank pass: 634 pivots (col 762/19965)
[   216.3s]   [4,11] rank pass: 639 pivots (col 767/19965)
[   218.5s]   [4,11] rank pass: 645 pivots (col 774/19965)
[   220.6s]   [4,11] rank pass: 651 pivots (col 780/19965)
[   223.0s]   [4,11] rank pass: 657 pivots (col 787/19965)
[   225.1s]   [4,11] rank pass: 663 pivots (col 794/19965)
[   227.4s]   [4,11] rank pass: 669 pivots (col 800/19965)
[   229.6s]   [4,11] rank pass: 676 pivots (col 808/19965)
[   231.6s]   [4,11] rank pass: 684 pivots (col 817/19965)
[   233.7s]   [4,11] rank pass: 693 pivots (col 827/19965)
[   235.8s]   [4,11] rank pass: 705 pivots (col 851/19965)
[   238.0s]   [4,11] rank pass: 716 pivots (col 863/19965)
[   240.1s]   [4,11] rank pass: 725 pivots (col 873/19965)
[   242.3s]   [4,11] rank pass: 733 pivots (col 882/19965)
[   244.5s]   [4,11] rank pass: 739 pivots (col 888/19965)
[   246.6s]   [4,11] rank pass: 746 pivots (col 896/19965)
[   248.7s]   [4,11] rank pass: 753 pivots (col 904/19965)
[   250.9s]   [4,11] rank pass: 759 pivots (col 910/19965)
[   253.0s]   [4,11] rank pass: 766 pivots (col 918/19965)
[   255.2s]   [4,11] rank pass: 774 pivots (col 927/19965)
[   257.3s]   [4,11] rank pass: 781 pivots (col 934/19965)
[   259.4s]   [4,11] rank pass: 790 pivots (col 944/19965)
[   261.5s]   [4,11] rank pass: 805 pivots (col 972/19965)
[   263.7s]   [4,11] rank pass: 819 pivots (col 987/19965)
[   265.8s]   [4,11] rank pass: 829 pivots (col 998/19965)
[   268.0s]   [4,11] rank pass: 838 pivots (col 1008/19965)
[   270.2s]   [4,11] rank pass: 847 pivots (col 1018/19965)
[   272.3s]   [4,11] rank pass: 855 pivots (col 1027/19965)
[   274.3s]   [4,11] rank pass: 863 pivots (col 1036/19965)
[   276.4s]   [4,11] rank pass: 870 pivots (col 1043/19965)
[   278.4s]   [4,11] rank pass: 878 pivots (col 1052/19965)
[   280.5s]   [4,11] rank pass: 889 pivots (col 1064/19965)
[   282.6s]   [4,11] rank pass: 909 pivots (col 1097/19965)
[   284.7s]   [4,11] rank pass: 927 pivots (col 1117/19965)
[   286.7s]   [4,11] rank pass: 939 pivots (col 1130/19965)
[   288.8s]   [4,11] rank pass: 951 pivots (col 1143/19965)
[   290.9s]   [4,11] rank pass: 960 pivots (col 1153/19965)
[   293.0s]   [4,11] rank pass: 973 pivots (col 1168/19965)
[   295.1s]   [4,11] rank pass: 987 pivots (col 1183/19965)
[   297.2s]   [4,11] rank pass: 1005 pivots (col 1335/19965)
[   299.2s]   [4,11] rank pass: 1017 pivots (col 1348/19965)
[   301.4s]   [4,11] rank pass: 1024 pivots (col 1356/19965)
[   303.6s]   [4,11] rank pass: 1032 pivots (col 1365/19965)
[   305.8s]   [4,11] rank pass: 1040 pivots (col 1373/19965)
[   308.0s]   [4,11] rank pass: 1049 pivots (col 1383/19965)
[   310.0s]   [4,11] rank pass: 1058 pivots (col 1393/19965)
[   312.1s]   [4,11] rank pass: 1068 pivots (col 1404/19965)
[   314.2s]   [4,11] rank pass: 1080 pivots (col 1417/19965)
[   316.2s]   [4,11] rank pass: 1094 pivots (col 1455/19965)
[   318.4s]   [4,11] rank pass: 1105 pivots (col 1467/19965)
[   320.6s]   [4,11] rank pass: 1112 pivots (col 1475/19965)
[   322.8s]   [4,11] rank pass: 1119 pivots (col 1482/19965)
[   324.8s]   [4,11] rank pass: 1126 pivots (col 1490/19965)
[   327.0s]   [4,11] rank pass: 1134 pivots (col 1499/19965)
[   329.0s]   [4,11] rank pass: 1142 pivots (col 1508/19965)
[   331.1s]   [4,11] rank pass: 1151 pivots (col 1517/19965)
[   333.2s]   [4,11] rank pass: 1161 pivots (col 1528/19965)
[   335.2s]   [4,11] rank pass: 1172 pivots (col 1541/19965)
[   337.3s]   [4,11] rank pass: 1185 pivots (col 1577/19965)
[   339.5s]   [4,11] rank pass: 1195 pivots (col 1588/19965)
[   341.7s]   [4,11] rank pass: 1202 pivots (col 1596/19965)
[   343.9s]   [4,11] rank pass: 1209 pivots (col 1603/19965)
[   345.9s]   [4,11] rank pass: 1216 pivots (col 1611/19965)
[   348.1s]   [4,11] rank pass: 1224 pivots (col 1620/19965)
[   350.2s]   [4,11] rank pass: 1232 pivots (col 1629/19965)
[   352.3s]   [4,11] rank pass: 1241 pivots (col 1638/19965)
[   354.4s]   [4,11] rank pass: 1251 pivots (col 1649/19965)
[   356.5s]   [4,11] rank pass: 1262 pivots (col 1662/19965)
[   358.6s]   [4,11] rank pass: 1275 pivots (col 1698/19965)
[   360.9s]   [4,11] rank pass: 1285 pivots (col 1709/19965)
[   363.1s]   [4,11] rank pass: 1292 pivots (col 1717/19965)
[   365.3s]   [4,11] rank pass: 1299 pivots (col 1724/19965)
[   367.4s]   [4,11] rank pass: 1306 pivots (col 1732/19965)
[   369.6s]   [4,11] rank pass: 1314 pivots (col 1741/19965)
[   371.7s]   [4,11] rank pass: 1322 pivots (col 1750/19965)
[   373.9s]   [4,11] rank pass: 1331 pivots (col 1759/19965)
[   376.1s]   [4,11] rank pass: 1341 pivots (col 1770/19965)
[   378.2s]   [4,11] rank pass: 1352 pivots (col 1783/19965)
[   380.3s]   [4,11] rank pass: 1365 pivots (col 1819/19965)
[   382.6s]   [4,11] rank pass: 1375 pivots (col 1830/19965)
[   384.8s]   [4,11] rank pass: 1382 pivots (col 1838/19965)
[   386.9s]   [4,11] rank pass: 1389 pivots (col 1845/19965)
[   388.9s]   [4,11] rank pass: 1396 pivots (col 1853/19965)
[   391.1s]   [4,11] rank pass: 1404 pivots (col 1862/19965)
[   393.2s]   [4,11] rank pass: 1412 pivots (col 1871/19965)
[   395.4s]   [4,11] rank pass: 1421 pivots (col 1880/19965)
[   397.6s]   [4,11] rank pass: 1431 pivots (col 1891/19965)
[   399.7s]   [4,11] rank pass: 1442 pivots (col 1904/19965)
[   401.8s]   [4,11] rank pass: 1455 pivots (col 1940/19965)
[   404.0s]   [4,11] rank pass: 1465 pivots (col 1951/19965)
[   406.1s]   [4,11] rank pass: 1472 pivots (col 1959/19965)
[   408.1s]   [4,11] rank pass: 1479 pivots (col 1966/19965)
[   410.4s]   [4,11] rank pass: 1487 pivots (col 1975/19965)
[   412.6s]   [4,11] rank pass: 1495 pivots (col 1984/19965)
[   414.7s]   [4,11] rank pass: 1503 pivots (col 1993/19965)
[   416.9s]   [4,11] rank pass: 1512 pivots (col 2003/19965)
[   419.0s]   [4,11] rank pass: 1522 pivots (col 2014/19965)
[   421.0s]   [4,11] rank pass: 1533 pivots (col 2026/19965)
[   423.0s]   [4,11] rank pass: 1546 pivots (col 2062/19965)
[   425.1s]   [4,11] rank pass: 1556 pivots (col 2073/19965)
[   427.1s]   [4,11] rank pass: 1563 pivots (col 2081/19965)
[   429.1s]   [4,11] rank pass: 1570 pivots (col 2088/19965)
[   431.3s]   [4,11] rank pass: 1578 pivots (col 2097/19965)
[   433.5s]   [4,11] rank pass: 1586 pivots (col 2106/19965)
[   435.7s]   [4,11] rank pass: 1595 pivots (col 2116/19965)
[   437.7s]   [4,11] rank pass: 1604 pivots (col 2126/19965)
[   439.7s]   [4,11] rank pass: 1614 pivots (col 2137/19965)
[   441.8s]   [4,11] rank pass: 1626 pivots (col 2150/19965)
[   443.9s]   [4,11] rank pass: 1642 pivots (col 2190/19965)
[   445.9s]   [4,11] rank pass: 1650 pivots (col 2198/19965)
[   448.1s]   [4,11] rank pass: 1658 pivots (col 2207/19965)
[   450.3s]   [4,11] rank pass: 1666 pivots (col 2216/19965)
[   452.3s]   [4,11] rank pass: 1674 pivots (col 2225/19965)
[   454.4s]   [4,11] rank pass: 1683 pivots (col 2235/19965)
[   456.6s]   [4,11] rank pass: 1693 pivots (col 2246/19965)
[   458.7s]   [4,11] rank pass: 1704 pivots (col 2258/19965)
[   460.8s]   [4,11] rank pass: 1717 pivots (col 2272/19965)
[   463.0s]   [4,11] rank pass: 1736 pivots (col 2315/19965)
[   465.2s]   [4,11] rank pass: 1744 pivots (col 2324/19965)
[   467.3s]   [4,11] rank pass: 1752 pivots (col 2333/19965)
[   469.5s]   [4,11] rank pass: 1761 pivots (col 2342/19965)
[   471.5s]   [4,11] rank pass: 1770 pivots (col 2352/19965)
[   473.5s]   [4,11] rank pass: 1780 pivots (col 2363/19965)
[   475.6s]   [4,11] rank pass: 1791 pivots (col 2375/19965)
[   477.7s]   [4,11] rank pass: 1804 pivots (col 2390/19965)
[   479.8s]   [4,11] rank pass: 1827 pivots (col 2437/19965)
[   482.1s]   [4,11] rank pass: 1836 pivots (col 2447/19965)
[   484.2s]   [4,11] rank pass: 1845 pivots (col 2457/19965)
[   486.3s]   [4,11] rank pass: 1855 pivots (col 2468/19965)
[   488.5s]   [4,11] rank pass: 1866 pivots (col 2480/19965)
[   490.6s]   [4,11] rank pass: 1878 pivots (col 2493/19965)
[   492.7s]   [4,11] rank pass: 1892 pivots (col 2509/19965)
[   494.7s]   [4,11] rank pass: 1914 pivots (col 2676/19965)
[   496.8s]   [4,11] rank pass: 1935 pivots (col 2699/19965)
[   498.8s]   [4,11] rank pass: 1969 pivots (col 2736/19965)
[   500.9s]   [4,11] rank pass: 1997 pivots (col 2800/19965)
[   502.9s]   [4,11] rank pass: 2017 pivots (col 2822/19965)
[   505.0s]   [4,11] rank pass: 2048 pivots (col 2856/19965)
[   507.1s]   [4,11] rank pass: 2076 pivots (col 2920/19965)
[   509.1s]   [4,11] rank pass: 2095 pivots (col 2941/19965)
[   511.1s]   [4,11] rank pass: 2122 pivots (col 2971/19965)
[   513.2s]   [4,11] rank pass: 2153 pivots (col 3038/19965)
[   515.2s]   [4,11] rank pass: 2171 pivots (col 3057/19965)
[   517.2s]   [4,11] rank pass: 2194 pivots (col 3083/19965)
[   519.3s]   [4,11] rank pass: 2227 pivots (col 3152/19965)
[   521.3s]   [4,11] rank pass: 2246 pivots (col 3173/19965)
[   523.4s]   [4,11] rank pass: 2266 pivots (col 3195/19965)
[   525.4s]   [4,11] rank pass: 2298 pivots (col 3230/19965)
[   527.4s]   [4,11] rank pass: 2320 pivots (col 3287/19965)
[   529.4s]   [4,11] rank pass: 2340 pivots (col 3309/19965)
[   531.5s]   [4,11] rank pass: 2366 pivots (col 3338/19965)
[   533.5s]   [4,11] rank pass: 2396 pivots (col 3404/19965)
[   535.6s]   [4,11] rank pass: 2416 pivots (col 3426/19965)
[   537.6s]   [4,11] rank pass: 2442 pivots (col 3455/19965)
[   539.7s]   [4,11] rank pass: 2475 pivots (col 3524/19965)
[   541.8s]   [4,11] rank pass: 2496 pivots (col 3547/19965)
[   543.8s]   [4,11] rank pass: 2525 pivots (col 3579/19965)
[   545.9s]   [4,11] rank pass: 2558 pivots (col 3648/19965)
[   547.9s]   [4,11] rank pass: 2581 pivots (col 3673/19965)
[   549.9s]   [4,11] rank pass: 2623 pivots (col 3753/19965)
[   552.0s]   [4,11] rank pass: 2650 pivots (col 3782/19965)
[   554.0s]   [4,11] rank pass: 2685 pivots (col 3821/19965)
[   556.1s]   [4,11] rank pass: 2713 pivots (col 4006/19965)
[   558.1s]   [4,11] rank pass: 2724 pivots (col 4018/19965)
[   560.4s]   [4,11] rank pass: 2734 pivots (col 4029/19965)
[   562.6s]   [4,11] rank pass: 2743 pivots (col 4039/19965)
[   564.6s]   [4,11] rank pass: 2751 pivots (col 4047/19965)
[   566.8s]   [4,11] rank pass: 2759 pivots (col 4056/19965)
[   568.8s]   [4,11] rank pass: 2769 pivots (col 4067/19965)
[   570.9s]   [4,11] rank pass: 2784 pivots (col 4084/19965)
[   572.9s]   [4,11] rank pass: 2804 pivots (col 4117/19965)
[   575.3s]   [4,11] rank pass: 2814 pivots (col 4128/19965)
[   577.6s]   [4,11] rank pass: 2822 pivots (col 4137/19965)
[   579.7s]   [4,11] rank pass: 2827 pivots (col 4142/19965)
[   582.0s]   [4,11] rank pass: 2834 pivots (col 4150/19965)
[   584.0s]   [4,11] rank pass: 2839 pivots (col 4155/19965)
[   586.3s]   [4,11] rank pass: 2845 pivots (col 4162/19965)
[   588.5s]   [4,11] rank pass: 2851 pivots (col 4168/19965)
[   590.7s]   [4,11] rank pass: 2856 pivots (col 4174/19965)
[   593.0s]   [4,11] rank pass: 2862 pivots (col 4181/19965)
[   595.3s]   [4,11] rank pass: 2867 pivots (col 4186/19965)
[   597.8s]   [4,11] rank pass: 2873 pivots (col 4193/19965)
[   600.0s]   [4,11] rank pass: 2878 pivots (col 4198/19965)
[   602.0s]   [4,11] rank pass: 2883 pivots (col 4204/19965)
[   604.2s]   [4,11] rank pass: 2888 pivots (col 4209/19965)
[   606.7s]   [4,11] rank pass: 2894 pivots (col 4216/19965)
[   608.8s]   [4,11] rank pass: 2899 pivots (col 4221/19965)
[   611.1s]   [4,11] rank pass: 2905 pivots (col 4239/19965)
[   613.1s]   [4,11] rank pass: 2910 pivots (col 4244/19965)
[   615.2s]   [4,11] rank pass: 2915 pivots (col 4250/19965)
[   617.2s]   [4,11] rank pass: 2920 pivots (col 4255/19965)
[   619.3s]   [4,11] rank pass: 2925 pivots (col 4261/19965)
[   621.3s]   [4,11] rank pass: 2930 pivots (col 4266/19965)
[   623.4s]   [4,11] rank pass: 2935 pivots (col 4272/19965)
[   625.4s]   [4,11] rank pass: 2940 pivots (col 4277/19965)
[   627.5s]   [4,11] rank pass: 2945 pivots (col 4283/19965)
[   629.5s]   [4,11] rank pass: 2950 pivots (col 4288/19965)
[   631.5s]   [4,11] rank pass: 2955 pivots (col 4294/19965)
[   633.8s]   [4,11] rank pass: 2961 pivots (col 4300/19965)
[   635.9s]   [4,11] rank pass: 2966 pivots (col 4306/19965)
[   638.2s]   [4,11] rank pass: 2972 pivots (col 4313/19965)
[   640.3s]   [4,11] rank pass: 2977 pivots (col 4318/19965)
[   642.6s]   [4,11] rank pass: 2983 pivots (col 4325/19965)
[   644.7s]   [4,11] rank pass: 2988 pivots (col 4330/19965)
[   646.9s]   [4,11] rank pass: 2994 pivots (col 4337/19965)
[   649.2s]   [4,11] rank pass: 3000 pivots (col 4343/19965)
[   651.3s]   [4,11] rank pass: 3006 pivots (col 4361/19965)
[   653.4s]   [4,11] rank pass: 3012 pivots (col 4368/19965)
[   655.5s]   [4,11] rank pass: 3017 pivots (col 4373/19965)
[   657.6s]   [4,11] rank pass: 3023 pivots (col 4380/19965)
[   659.6s]   [4,11] rank pass: 3028 pivots (col 4385/19965)
[   661.8s]   [4,11] rank pass: 3034 pivots (col 4392/19965)
[   664.0s]   [4,11] rank pass: 3040 pivots (col 4398/19965)
[   666.3s]   [4,11] rank pass: 3046 pivots (col 4405/19965)
[   668.4s]   [4,11] rank pass: 3052 pivots (col 4412/19965)
[   670.7s]   [4,11] rank pass: 3058 pivots (col 4418/19965)
[   672.8s]   [4,11] rank pass: 3064 pivots (col 4425/19965)
[   675.1s]   [4,11] rank pass: 3070 pivots (col 4431/19965)
[   677.2s]   [4,11] rank pass: 3076 pivots (col 4438/19965)
[   679.3s]   [4,11] rank pass: 3082 pivots (col 4445/19965)
[   681.5s]   [4,11] rank pass: 3088 pivots (col 4451/19965)
[   683.9s]   [4,11] rank pass: 3095 pivots (col 4459/19965)
[   686.1s]   [4,11] rank pass: 3102 pivots (col 4478/19965)
[   688.3s]   [4,11] rank pass: 3108 pivots (col 4484/19965)
[   690.5s]   [4,11] rank pass: 3115 pivots (col 4492/19965)
[   692.9s]   [4,11] rank pass: 3122 pivots (col 4500/19965)
[   695.0s]   [4,11] rank pass: 3128 pivots (col 4506/19965)
[   697.3s]   [4,11] rank pass: 3135 pivots (col 4514/19965)
[   699.6s]   [4,11] rank pass: 3142 pivots (col 4522/19965)
[   701.7s]   [4,11] rank pass: 3148 pivots (col 4528/19965)
[   703.9s]   [4,11] rank pass: 3155 pivots (col 4536/19965)
[   706.2s]   [4,11] rank pass: 3162 pivots (col 4544/19965)
[   708.2s]   [4,11] rank pass: 3168 pivots (col 4550/19965)
[   710.4s]   [4,11] rank pass: 3175 pivots (col 4558/19965)
[   712.6s]   [4,11] rank pass: 3182 pivots (col 4566/19965)
[   714.6s]   [4,11] rank pass: 3188 pivots (col 4572/19965)
[   716.7s]   [4,11] rank pass: 3195 pivots (col 4580/19965)
[   718.9s]   [4,11] rank pass: 3203 pivots (col 4600/19965)
[   721.1s]   [4,11] rank pass: 3210 pivots (col 4607/19965)
[   723.3s]   [4,11] rank pass: 3217 pivots (col 4615/19965)
[   725.6s]   [4,11] rank pass: 3225 pivots (col 4624/19965)
[   727.6s]   [4,11] rank pass: 3232 pivots (col 4632/19965)
[   729.8s]   [4,11] rank pass: 3239 pivots (col 4639/19965)
[   732.1s]   [4,11] rank pass: 3247 pivots (col 4648/19965)
[   734.3s]   [4,11] rank pass: 3255 pivots (col 4657/19965)
[   736.6s]   [4,11] rank pass: 3263 pivots (col 4666/19965)
[   738.6s]   [4,11] rank pass: 3270 pivots (col 4673/19965)
[   740.9s]   [4,11] rank pass: 3278 pivots (col 4682/19965)
[   743.0s]   [4,11] rank pass: 3286 pivots (col 4691/19965)
[   745.1s]   [4,11] rank pass: 3294 pivots (col 4700/19965)
[   747.4s]   [4,11] rank pass: 3303 pivots (col 4721/19965)
[   749.5s]   [4,11] rank pass: 3311 pivots (col 4729/19965)
[   751.6s]   [4,11] rank pass: 3319 pivots (col 4738/19965)
[   753.6s]   [4,11] rank pass: 3327 pivots (col 4747/19965)
[   755.9s]   [4,11] rank pass: 3336 pivots (col 4757/19965)
[   758.1s]   [4,11] rank pass: 3345 pivots (col 4767/19965)
[   760.3s]   [4,11] rank pass: 3354 pivots (col 4777/19965)
[   762.5s]   [4,11] rank pass: 3363 pivots (col 4787/19965)
[   764.6s]   [4,11] rank pass: 3372 pivots (col 4797/19965)
[   766.8s]   [4,11] rank pass: 3381 pivots (col 4806/19965)
[   768.9s]   [4,11] rank pass: 3390 pivots (col 4816/19965)
[   770.9s]   [4,11] rank pass: 3399 pivots (col 4826/19965)
[   773.0s]   [4,11] rank pass: 3409 pivots (col 4848/19965)
[   775.2s]   [4,11] rank pass: 3419 pivots (col 4859/19965)
[   777.3s]   [4,11] rank pass: 3429 pivots (col 4870/19965)
[   779.4s]   [4,11] rank pass: 3439 pivots (col 4881/19965)
[   781.5s]   [4,11] rank pass: 3449 pivots (col 4892/19965)
[   783.5s]   [4,11] rank pass: 3459 pivots (col 4903/19965)
[   785.5s]   [4,11] rank pass: 3469 pivots (col 4914/19965)
[   787.6s]   [4,11] rank pass: 3480 pivots (col 4926/19965)
[   789.7s]   [4,11] rank pass: 3491 pivots (col 4938/19965)
[   791.7s]   [4,11] rank pass: 3503 pivots (col 4963/19965)
[   793.8s]   [4,11] rank pass: 3515 pivots (col 4976/19965)
[   795.8s]   [4,11] rank pass: 3527 pivots (col 4989/19965)
[   797.9s]   [4,11] rank pass: 3540 pivots (col 5003/19965)
[   800.0s]   [4,11] rank pass: 3555 pivots (col 5020/19965)
[   802.1s]   [4,11] rank pass: 3571 pivots (col 5037/19965)
[   804.1s]   [4,11] rank pass: 3595 pivots (col 5064/19965)
[   806.2s]   [4,11] rank pass: 3615 pivots (col 5339/19965)
[   808.3s]   [4,11] rank pass: 3623 pivots (col 5348/19965)
[   810.3s]   [4,11] rank pass: 3631 pivots (col 5356/19965)
[   812.5s]   [4,11] rank pass: 3640 pivots (col 5366/19965)
[   814.6s]   [4,11] rank pass: 3650 pivots (col 5377/19965)
[   816.8s]   [4,11] rank pass: 3661 pivots (col 5389/19965)
[   818.8s]   [4,11] rank pass: 3673 pivots (col 5403/19965)
[   820.9s]   [4,11] rank pass: 3689 pivots (col 5420/19965)
[   823.0s]   [4,11] rank pass: 3699 pivots (col 5453/19965)
[   825.0s]   [4,11] rank pass: 3706 pivots (col 5461/19965)
[   827.1s]   [4,11] rank pass: 3713 pivots (col 5469/19965)
[   829.2s]   [4,11] rank pass: 3720 pivots (col 5476/19965)
[   831.3s]   [4,11] rank pass: 3727 pivots (col 5484/19965)
[   833.4s]   [4,11] rank pass: 3734 pivots (col 5492/19965)
[   835.4s]   [4,11] rank pass: 3741 pivots (col 5499/19965)
[   837.5s]   [4,11] rank pass: 3748 pivots (col 5507/19965)
[   839.6s]   [4,11] rank pass: 3755 pivots (col 5515/19965)
[   841.6s]   [4,11] rank pass: 3762 pivots (col 5523/19965)
[   843.7s]   [4,11] rank pass: 3769 pivots (col 5530/19965)
[   845.8s]   [4,11] rank pass: 3777 pivots (col 5539/19965)
[   848.1s]   [4,11] rank pass: 3787 pivots (col 5572/19965)
[   850.3s]   [4,11] rank pass: 3795 pivots (col 5581/19965)
[   852.6s]   [4,11] rank pass: 3803 pivots (col 5590/19965)
[   854.8s]   [4,11] rank pass: 3811 pivots (col 5598/19965)
[   857.1s]   [4,11] rank pass: 3819 pivots (col 5607/19965)
[   859.3s]   [4,11] rank pass: 3827 pivots (col 5616/19965)
[   861.5s]   [4,11] rank pass: 3835 pivots (col 5625/19965)
[   863.8s]   [4,11] rank pass: 3843 pivots (col 5634/19965)
[   866.0s]   [4,11] rank pass: 3851 pivots (col 5642/19965)
[   868.2s]   [4,11] rank pass: 3859 pivots (col 5651/19965)
[   870.3s]   [4,11] rank pass: 3867 pivots (col 5660/19965)
[   872.4s]   [4,11] rank pass: 3877 pivots (col 5693/19965)
[   874.5s]   [4,11] rank pass: 3885 pivots (col 5702/19965)
[   876.7s]   [4,11] rank pass: 3893 pivots (col 5711/19965)
[   878.8s]   [4,11] rank pass: 3901 pivots (col 5719/19965)
[   880.9s]   [4,11] rank pass: 3909 pivots (col 5728/19965)
[   883.0s]   [4,11] rank pass: 3917 pivots (col 5737/19965)
[   885.1s]   [4,11] rank pass: 3925 pivots (col 5746/19965)
[   887.2s]   [4,11] rank pass: 3933 pivots (col 5755/19965)
[   889.3s]   [4,11] rank pass: 3941 pivots (col 5763/19965)
[   891.4s]   [4,11] rank pass: 3949 pivots (col 5772/19965)
[   893.6s]   [4,11] rank pass: 3958 pivots (col 5782/19965)
[   895.6s]   [4,11] rank pass: 3968 pivots (col 5815/19965)
[   897.6s]   [4,11] rank pass: 3976 pivots (col 5824/19965)
[   899.9s]   [4,11] rank pass: 3985 pivots (col 5834/19965)
[   902.1s]   [4,11] rank pass: 3994 pivots (col 5844/19965)
[   904.3s]   [4,11] rank pass: 4003 pivots (col 5854/19965)
[   906.6s]   [4,11] rank pass: 4012 pivots (col 5864/19965)
[   908.8s]   [4,11] rank pass: 4021 pivots (col 5873/19965)
[   911.0s]   [4,11] rank pass: 4030 pivots (col 5883/19965)
[   913.2s]   [4,11] rank pass: 4039 pivots (col 5893/19965)
[   915.3s]   [4,11] rank pass: 4048 pivots (col 5903/19965)
[   917.4s]   [4,11] rank pass: 4059 pivots (col 5937/19965)
[   919.5s]   [4,11] rank pass: 4068 pivots (col 5947/19965)
[   921.6s]   [4,11] rank pass: 4077 pivots (col 5957/19965)
[   923.7s]   [4,11] rank pass: 4086 pivots (col 5967/19965)
[   925.8s]   [4,11] rank pass: 4095 pivots (col 5977/19965)
[   927.9s]   [4,11] rank pass: 4104 pivots (col 5987/19965)
[   930.0s]   [4,11] rank pass: 4113 pivots (col 5997/19965)
[   932.1s]   [4,11] rank pass: 4122 pivots (col 6007/19965)
[   934.1s]   [4,11] rank pass: 4131 pivots (col 6016/19965)
[   936.3s]   [4,11] rank pass: 4143 pivots (col 6052/19965)
[   938.4s]   [4,11] rank pass: 4153 pivots (col 6063/19965)
[   940.6s]   [4,11] rank pass: 4163 pivots (col 6074/19965)
[   942.8s]   [4,11] rank pass: 4173 pivots (col 6085/19965)
[   945.0s]   [4,11] rank pass: 4183 pivots (col 6096/19965)
[   947.2s]   [4,11] rank pass: 4193 pivots (col 6107/19965)
[   949.3s]   [4,11] rank pass: 4203 pivots (col 6118/19965)
[   951.5s]   [4,11] rank pass: 4213 pivots (col 6129/19965)
[   953.6s]   [4,11] rank pass: 4223 pivots (col 6140/19965)
[   955.7s]   [4,11] rank pass: 4236 pivots (col 6176/19965)
[   957.7s]   [4,11] rank pass: 4246 pivots (col 6187/19965)
[   959.8s]   [4,11] rank pass: 4256 pivots (col 6198/19965)
[   961.8s]   [4,11] rank pass: 4266 pivots (col 6209/19965)
[   963.9s]   [4,11] rank pass: 4276 pivots (col 6220/19965)
[   965.9s]   [4,11] rank pass: 4286 pivots (col 6231/19965)
[   967.9s]   [4,11] rank pass: 4296 pivots (col 6242/19965)
[   969.9s]   [4,11] rank pass: 4306 pivots (col 6253/19965)
[   972.0s]   [4,11] rank pass: 4317 pivots (col 6265/19965)
[   974.2s]   [4,11] rank pass: 4332 pivots (col 6304/19965)
[   976.2s]   [4,11] rank pass: 4343 pivots (col 6316/19965)
[   978.2s]   [4,11] rank pass: 4355 pivots (col 6329/19965)
[   980.2s]   [4,11] rank pass: 4369 pivots (col 6344/19965)
[   982.3s]   [4,11] rank pass: 4386 pivots (col 6363/19965)
[   984.3s]   [4,11] rank pass: 4411 pivots (col 6390/19965)
[   986.3s]   [4,11] rank pass: 4434 pivots (col 6680/19965)
[   988.4s]   [4,11] rank pass: 4459 pivots (col 6707/19965)
[   990.4s]   [4,11] rank pass: 4497 pivots (col 6782/19965)
[   992.4s]   [4,11] rank pass: 4512 pivots (col 6799/19965)
[   994.4s]   [4,11] rank pass: 4527 pivots (col 6815/19965)
[   996.5s]   [4,11] rank pass: 4543 pivots (col 6833/19965)
[   998.6s]   [4,11] rank pass: 4559 pivots (col 6850/19965)
[  1000.6s]   [4,11] rank pass: 4578 pivots (col 6904/19965)
[  1002.7s]   [4,11] rank pass: 4594 pivots (col 6922/19965)
[  1004.7s]   [4,11] rank pass: 4610 pivots (col 6939/19965)
[  1006.7s]   [4,11] rank pass: 4626 pivots (col 6957/19965)
[  1008.8s]   [4,11] rank pass: 4643 pivots (col 6976/19965)
[  1010.9s]   [4,11] rank pass: 4663 pivots (col 7031/19965)
[  1013.0s]   [4,11] rank pass: 4680 pivots (col 7049/19965)
[  1015.0s]   [4,11] rank pass: 4697 pivots (col 7068/19965)
[  1017.0s]   [4,11] rank pass: 4714 pivots (col 7087/19965)
[  1019.1s]   [4,11] rank pass: 4734 pivots (col 7142/19965)
[  1021.2s]   [4,11] rank pass: 4752 pivots (col 7162/19965)
[  1023.2s]   [4,11] rank pass: 4770 pivots (col 7181/19965)
[  1025.3s]   [4,11] rank pass: 4788 pivots (col 7201/19965)
[  1027.3s]   [4,11] rank pass: 4807 pivots (col 7222/19965)
[  1029.4s]   [4,11] rank pass: 4828 pivots (col 7278/19965)
[  1031.5s]   [4,11] rank pass: 4847 pivots (col 7299/19965)
[  1033.5s]   [4,11] rank pass: 4866 pivots (col 7320/19965)
[  1035.6s]   [4,11] rank pass: 4885 pivots (col 7341/19965)
[  1037.6s]   [4,11] rank pass: 4907 pivots (col 7398/19965)
[  1039.7s]   [4,11] rank pass: 4927 pivots (col 7420/19965)
[  1041.7s]   [4,11] rank pass: 4947 pivots (col 7442/19965)
[  1043.8s]   [4,11] rank pass: 4968 pivots (col 7465/19965)
[  1045.8s]   [4,11] rank pass: 4990 pivots (col 7522/19965)
[  1047.8s]   [4,11] rank pass: 5011 pivots (col 7545/19965)
[  1049.8s]   [4,11] rank pass: 5032 pivots (col 7569/19965)
[  1051.9s]   [4,11] rank pass: 5057 pivots (col 7629/19965)
[  1053.9s]   [4,11] rank pass: 5081 pivots (col 7655/19965)
[  1055.9s]   [4,11] rank pass: 5119 pivots (col 7697/19965)
[  1058.0s]   [4,11] rank pass: 5152 pivots (col 8009/19965)
[  1060.0s]   [4,11] rank pass: 5168 pivots (col 8026/19965)
[  1062.0s]   [4,11] rank pass: 5185 pivots (col 8045/19965)
[  1064.1s]   [4,11] rank pass: 5203 pivots (col 8065/19965)
[  1066.1s]   [4,11] rank pass: 5226 pivots (col 8090/19965)
[  1068.2s]   [4,11] rank pass: 5245 pivots (col 8122/19965)
[  1070.3s]   [4,11] rank pass: 5259 pivots (col 8137/19965)
[  1072.5s]   [4,11] rank pass: 5273 pivots (col 8153/19965)
[  1074.6s]   [4,11] rank pass: 5286 pivots (col 8167/19965)
[  1076.6s]   [4,11] rank pass: 5299 pivots (col 8181/19965)
[  1078.7s]   [4,11] rank pass: 5313 pivots (col 8197/19965)
[  1080.8s]   [4,11] rank pass: 5327 pivots (col 8212/19965)
[  1082.8s]   [4,11] rank pass: 5343 pivots (col 8241/19965)
[  1084.9s]   [4,11] rank pass: 5357 pivots (col 8256/19965)
[  1086.9s]   [4,11] rank pass: 5372 pivots (col 8273/19965)
[  1089.1s]   [4,11] rank pass: 5387 pivots (col 8289/19965)
[  1091.2s]   [4,11] rank pass: 5403 pivots (col 8307/19965)
[  1093.3s]   [4,11] rank pass: 5418 pivots (col 8323/19965)
[  1095.3s]   [4,11] rank pass: 5436 pivots (col 8354/19965)
[  1097.4s]   [4,11] rank pass: 5453 pivots (col 8373/19965)
[  1099.4s]   [4,11] rank pass: 5469 pivots (col 8390/19965)
[  1101.5s]   [4,11] rank pass: 5487 pivots (col 8410/19965)
[  1103.5s]   [4,11] rank pass: 5505 pivots (col 8430/19965)
[  1105.6s]   [4,11] rank pass: 5524 pivots (col 8451/19965)
[  1107.6s]   [4,11] rank pass: 5545 pivots (col 8485/19965)
[  1109.6s]   [4,11] rank pass: 5565 pivots (col 8507/19965)
[  1111.6s]   [4,11] rank pass: 5586 pivots (col 8530/19965)
[  1113.7s]   [4,11] rank pass: 5608 pivots (col 8554/19965)
[  1115.8s]   [4,11] rank pass: 5634 pivots (col 8594/19965)
[  1117.8s]   [4,11] rank pass: 5659 pivots (col 8621/19965)
[  1119.8s]   [4,11] rank pass: 5686 pivots (col 8651/19965)
[  1121.9s]   [4,11] rank pass: 5715 pivots (col 8683/19965)
[  1123.9s]   [4,11] rank pass: 5749 pivots (col 8731/19965)
[  1126.0s]   [4,11] rank pass: 5786 pivots (col 8772/19965)
[  1128.0s]   [4,11] rank pass: 5828 pivots (col 8818/19965)
[  1130.0s]   [4,11] rank pass: 5888 pivots (col 8895/19965)
[  1132.1s]   [4,11] rank pass: 5947 pivots (col 9334/19965)
[  1134.2s]   [4,11] rank pass: 5958 pivots (col 9346/19965)
[  1136.2s]   [4,11] rank pass: 5969 pivots (col 9358/19965)
[  1138.4s]   [4,11] rank pass: 5981 pivots (col 9371/19965)
[  1140.4s]   [4,11] rank pass: 5993 pivots (col 9385/19965)
[  1142.6s]   [4,11] rank pass: 6006 pivots (col 9399/19965)
[  1144.7s]   [4,11] rank pass: 6022 pivots (col 9439/19965)
[  1146.8s]   [4,11] rank pass: 6034 pivots (col 9452/19965)
[  1148.9s]   [4,11] rank pass: 6045 pivots (col 9464/19965)
[  1150.9s]   [4,11] rank pass: 6056 pivots (col 9476/19965)
[  1152.9s]   [4,11] rank pass: 6067 pivots (col 9488/19965)
[  1154.9s]   [4,11] rank pass: 6078 pivots (col 9500/19965)
[  1156.9s]   [4,11] rank pass: 6089 pivots (col 9512/19965)
[  1159.1s]   [4,11] rank pass: 6101 pivots (col 9525/19965)
[  1161.2s]   [4,11] rank pass: 6113 pivots (col 9561/19965)
[  1163.3s]   [4,11] rank pass: 6125 pivots (col 9574/19965)
[  1165.4s]   [4,11] rank pass: 6137 pivots (col 9587/19965)
[  1167.5s]   [4,11] rank pass: 6149 pivots (col 9600/19965)
[  1169.5s]   [4,11] rank pass: 6161 pivots (col 9613/19965)
[  1171.5s]   [4,11] rank pass: 6173 pivots (col 9627/19965)
[  1173.6s]   [4,11] rank pass: 6185 pivots (col 9640/19965)
[  1175.6s]   [4,11] rank pass: 6197 pivots (col 9653/19965)
[  1177.7s]   [4,11] rank pass: 6210 pivots (col 9689/19965)
[  1179.8s]   [4,11] rank pass: 6223 pivots (col 9704/19965)
[  1181.9s]   [4,11] rank pass: 6236 pivots (col 9718/19965)
[  1183.9s]   [4,11] rank pass: 6249 pivots (col 9732/19965)
[  1186.0s]   [4,11] rank pass: 6262 pivots (col 9747/19965)
[  1188.0s]   [4,11] rank pass: 6275 pivots (col 9761/19965)
[  1190.1s]   [4,11] rank pass: 6288 pivots (col 9775/19965)
[  1192.1s]   [4,11] rank pass: 6302 pivots (col 9813/19965)
[  1194.2s]   [4,11] rank pass: 6316 pivots (col 9828/19965)
[  1196.3s]   [4,11] rank pass: 6330 pivots (col 9843/19965)
[  1198.3s]   [4,11] rank pass: 6344 pivots (col 9859/19965)
[  1200.4s]   [4,11] rank pass: 6358 pivots (col 9874/19965)
[  1202.4s]   [4,11] rank pass: 6372 pivots (col 9890/19965)
[  1204.5s]   [4,11] rank pass: 6387 pivots (col 9928/19965)
[  1206.5s]   [4,11] rank pass: 6402 pivots (col 9945/19965)
[  1208.6s]   [4,11] rank pass: 6417 pivots (col 9961/19965)
[  1210.6s]   [4,11] rank pass: 6432 pivots (col 9978/19965)
[  1212.6s]   [4,11] rank pass: 6447 pivots (col 9994/19965)
[  1214.6s]   [4,11] rank pass: 6462 pivots (col 10011/19965)
[  1216.7s]   [4,11] rank pass: 6478 pivots (col 10050/19965)
[  1218.7s]   [4,11] rank pass: 6494 pivots (col 10068/19965)
[  1220.8s]   [4,11] rank pass: 6511 pivots (col 10086/19965)
[  1222.9s]   [4,11] rank pass: 6528 pivots (col 10105/19965)
[  1225.0s]   [4,11] rank pass: 6545 pivots (col 10124/19965)
[  1227.1s]   [4,11] rank pass: 6562 pivots (col 10165/19965)
[  1229.2s]   [4,11] rank pass: 6580 pivots (col 10184/19965)
[  1231.2s]   [4,11] rank pass: 6598 pivots (col 10204/19965)
[  1233.2s]   [4,11] rank pass: 6617 pivots (col 10225/19965)
[  1235.2s]   [4,11] rank pass: 6638 pivots (col 10248/19965)
[  1237.3s]   [4,11] rank pass: 6674 pivots (col 10662/19965)
[  1239.3s]   [4,11] rank pass: 6713 pivots (col 10705/19965)
[  1241.3s]   [4,11] rank pass: 6760 pivots (col 10789/19965)
[  1243.4s]   [4,11] rank pass: 6789 pivots (col 10821/19965)
[  1245.4s]   [4,11] rank pass: 6818 pivots (col 10853/19965)
[  1247.5s]   [4,11] rank pass: 6848 pivots (col 10919/19965)
[  1249.5s]   [4,11] rank pass: 6879 pivots (col 10953/19965)
[  1251.6s]   [4,11] rank pass: 6910 pivots (col 11020/19965)
[  1253.6s]   [4,11] rank pass: 6942 pivots (col 11056/19965)
[  1255.6s]   [4,11] rank pass: 6975 pivots (col 11092/19965)
[  1257.6s]   [4,11] rank pass: 7010 pivots (col 11163/19965)
[  1259.6s]   [4,11] rank pass: 7045 pivots (col 11202/19965)
[  1261.7s]   [4,11] rank pass: 7082 pivots (col 11276/19965)
[  1263.7s]   [4,11] rank pass: 7120 pivots (col 11317/19965)
[  1265.7s]   [4,11] rank pass: 7160 pivots (col 11394/19965)
[  1267.7s]   [4,11] rank pass: 7201 pivots (col 11439/19965)
[  1269.8s]   [4,11] rank pass: 7245 pivots (col 11521/19965)
[  1271.8s]   [4,11] rank pass: 7310 pivots (col 11988/19965)
[  1273.9s]   [4,11] rank pass: 7329 pivots (col 12009/19965)
[  1275.9s]   [4,11] rank pass: 7347 pivots (col 12029/19965)
[  1278.0s]   [4,11] rank pass: 7365 pivots (col 12049/19965)
[  1280.0s]   [4,11] rank pass: 7383 pivots (col 12069/19965)
[  1282.1s]   [4,11] rank pass: 7405 pivots (col 12104/19965)
[  1284.1s]   [4,11] rank pass: 7423 pivots (col 12124/19965)
[  1286.2s]   [4,11] rank pass: 7441 pivots (col 12143/19965)
[  1288.2s]   [4,11] rank pass: 7459 pivots (col 12163/19965)
[  1290.2s]   [4,11] rank pass: 7477 pivots (col 12183/19965)
[  1292.2s]   [4,11] rank pass: 7496 pivots (col 12204/19965)
[  1294.3s]   [4,11] rank pass: 7518 pivots (col 12239/19965)
[  1296.4s]   [4,11] rank pass: 7539 pivots (col 12262/19965)
[  1298.4s]   [4,11] rank pass: 7560 pivots (col 12285/19965)
[  1300.5s]   [4,11] rank pass: 7581 pivots (col 12308/19965)
[  1302.5s]   [4,11] rank pass: 7605 pivots (col 12346/19965)
[  1304.6s]   [4,11] rank pass: 7629 pivots (col 12372/19965)
[  1306.6s]   [4,11] rank pass: 7653 pivots (col 12399/19965)
[  1308.6s]   [4,11] rank pass: 7678 pivots (col 12426/19965)
[  1310.7s]   [4,11] rank pass: 7705 pivots (col 12467/19965)
[  1312.7s]   [4,11] rank pass: 7733 pivots (col 12498/19965)
[  1314.7s]   [4,11] rank pass: 7762 pivots (col 12530/19965)
[  1316.7s]   [4,11] rank pass: 7791 pivots (col 12561/19965)
[  1318.7s]   [4,11] rank pass: 7825 pivots (col 12610/19965)
[  1320.8s]   [4,11] rank pass: 7859 pivots (col 12647/19965)
[  1322.8s]   [4,11] rank pass: 7894 pivots (col 12686/19965)
[  1324.8s]   [4,11] rank pass: 7936 pivots (col 12743/19965)
[  1326.8s]   [4,11] rank pass: 7994 pivots (col 12807/19965)
[  1328.8s]   [4,11] rank pass: 8051 pivots (col 13342/19965)
[  1330.8s]   [4,11] rank pass: 8082 pivots (col 13377/19965)
[  1332.9s]   [4,11] rank pass: 8118 pivots (col 13438/19965)
[  1334.9s]   [4,11] rank pass: 8150 pivots (col 13473/19965)
[  1337.0s]   [4,11] rank pass: 8182 pivots (col 13509/19965)
[  1339.0s]   [4,11] rank pass: 8217 pivots (col 13569/19965)
[  1341.1s]   [4,11] rank pass: 8253 pivots (col 13609/19965)
[  1343.1s]   [4,11] rank pass: 8290 pivots (col 13649/19965)
[  1345.1s]   [4,11] rank pass: 8331 pivots (col 13716/19965)
[  1347.2s]   [4,11] rank pass: 8372 pivots (col 13762/19965)
[  1349.2s]   [4,11] rank pass: 8418 pivots (col 13834/19965)
[  1351.2s]   [4,11] rank pass: 8465 pivots (col 13886/19965)
[  1353.2s]   [4,11] rank pass: 8519 pivots (col 13967/19965)
[  1355.2s]   [4,11] rank pass: 8577 pivots (col 14053/19965)
[  1357.3s]   [4,11] rank pass: 8676 pivots (col 14657/19965)
[  1359.3s]   [4,11] rank pass: 8773 pivots (col 14797/19965)
[  1361.3s]   [4,11] rank pass: 8850 pivots (col 14914/19965)
[  1363.3s]   [4,11] rank pass: 8937 pivots (col 15043/19965)
[  1365.3s]   [4,11] rank pass: 9037 pivots (col 15186/19965)
[  1367.3s]   [4,11] rank pass: 9159 pivots (col 15386/19965)
[  1369.3s]   [4,11] rank pass: 9256 pivots (col 16010/19965)
[  1371.3s]   [4,11] rank pass: 9299 pivots (col 16057/19965)
[  1373.3s]   [4,11] rank pass: 9343 pivots (col 16117/19965)
[  1375.4s]   [4,11] rank pass: 9383 pivots (col 16161/19965)
[  1377.4s]   [4,11] rank pass: 9427 pivots (col 16220/19965)
[  1379.4s]   [4,11] rank pass: 9476 pivots (col 16274/19965)
[  1381.4s]   [4,11] rank pass: 9530 pivots (col 16344/19965)
[  1383.5s]   [4,11] rank pass: 9593 pivots (col 16414/19965)
[  1385.5s]   [4,11] rank pass: 9669 pivots (col 16508/19965)
[  1387.5s]   [4,11] rank pass: 9766 pivots (col 16626/19965)
[  1389.5s]   [4,11] rank pass: 9906 pivots (col 17352/19965)
[  1391.5s]   [4,11] rank pass: 10009 pivots (col 17487/19965)
[  1393.5s]   [4,11] rank pass: 10119 pivots (col 17630/19965)
[  1395.5s]   [4,11] rank pass: 10275 pivots (col 17846/19965)
[  1397.5s]   [4,11] rank pass: 10581 pivots (col 18842/19965)
[  1398.7s] rank = 10901 | SEAL 10901: HIT
[  1401.4s]   [4,11] level 0: 12 pivots (col 12/19965, rows 19965)
[  1403.5s]   [4,11] level 0: 23 pivots (col 24/19965, rows 19965)
[  1405.6s]   [4,11] level 0: 33 pivots (col 56/19965, rows 19965)
[  1407.7s]   [4,11] level 0: 45 pivots (col 129/19965, rows 19965)
[  1410.0s]   [4,11] level 0: 50 pivots (col 135/19965, rows 19965)
[  1412.5s]   [4,11] level 0: 55 pivots (col 140/19965, rows 19965)
[  1414.6s]   [4,11] level 0: 57 pivots (col 144/19965, rows 19965)
[  1417.1s]   [4,11] level 0: 59 pivots (col 146/19965, rows 19965)
[  1419.7s]   [4,11] level 0: 61 pivots (col 148/19965, rows 19965)
[  1422.2s]   [4,11] level 0: 63 pivots (col 150/19965, rows 19965)
[  1424.5s]   [4,11] level 0: 65 pivots (col 155/19965, rows 19965)
[  1426.7s]   [4,11] level 0: 67 pivots (col 177/19965, rows 19965)
[  1429.0s]   [4,11] level 0: 69 pivots (col 199/19965, rows 19965)
[  1431.3s]   [4,11] level 0: 71 pivots (col 221/19965, rows 19965)
[  1433.4s]   [4,11] level 0: 73 pivots (col 244/19965, rows 19965)
[  1435.9s]   [4,11] level 0: 75 pivots (col 246/19965, rows 19965)
[  1438.3s]   [4,11] level 0: 77 pivots (col 248/19965, rows 19965)
[  1440.6s]   [4,11] level 0: 79 pivots (col 250/19965, rows 19965)
[  1442.7s]   [4,11] level 0: 81 pivots (col 254/19965, rows 19965)
[  1445.0s]   [4,11] level 0: 83 pivots (col 256/19965, rows 19965)
[  1447.1s]   [4,11] level 0: 85 pivots (col 258/19965, rows 19965)
[  1449.1s]   [4,11] level 0: 87 pivots (col 260/19965, rows 19965)
[  1451.9s]   [4,11] level 0: 90 pivots (col 266/19965, rows 19965)
[  1454.9s]   [4,11] level 0: 93 pivots (col 269/19965, rows 19965)
[  1457.7s]   [4,11] level 0: 96 pivots (col 276/19965, rows 19965)
[  1460.2s]   [4,11] level 0: 99 pivots (col 309/19965, rows 19965)
[  1462.5s]   [4,11] level 0: 102 pivots (col 364/19965, rows 19965)
[  1464.7s]   [4,11] level 0: 108 pivots (col 1090/19965, rows 19965)
[  1466.7s]   [4,11] level 0: 110 pivots (col 1333/19965, rows 19965)
[  1468.9s]   [4,11] level 0: 112 pivots (col 1335/19965, rows 19965)
[  1471.1s]   [4,11] level 0: 114 pivots (col 1337/19965, rows 19965)
[  1473.4s]   [4,11] level 0: 116 pivots (col 1339/19965, rows 19965)
[  1475.7s]   [4,11] level 0: 118 pivots (col 1341/19965, rows 19965)
[  1478.0s]   [4,11] level 0: 120 pivots (col 1344/19965, rows 19965)
[  1480.3s]   [4,11] level 0: 122 pivots (col 1346/19965, rows 19965)
[  1482.6s]   [4,11] level 0: 124 pivots (col 1348/19965, rows 19965)
[  1484.8s]   [4,11] level 0: 126 pivots (col 1350/19965, rows 19965)
[  1487.1s]   [4,11] level 0: 128 pivots (col 1354/19965, rows 19965)
[  1489.4s]   [4,11] level 0: 130 pivots (col 1356/19965, rows 19965)
[  1491.6s]   [4,11] level 0: 132 pivots (col 1358/19965, rows 19965)
[  1493.7s]   [4,11] level 0: 134 pivots (col 1360/19965, rows 19965)
[  1495.9s]   [4,11] level 0: 136 pivots (col 1376/19965, rows 19965)
[  1498.0s]   [4,11] level 0: 138 pivots (col 1398/19965, rows 19965)
[  1500.0s]   [4,11] level 0: 140 pivots (col 1420/19965, rows 19965)
[  1502.9s]   [4,11] level 0: 142 pivots (col 1454/19965, rows 19965)
[  1506.1s]   [4,11] level 0: 144 pivots (col 1456/19965, rows 19965)
[  1509.4s]   [4,11] level 0: 146 pivots (col 1458/19965, rows 19965)
[  1512.8s]   [4,11] level 0: 148 pivots (col 1460/19965, rows 19965)
[  1515.1s]   [4,11] level 0: 150 pivots (col 1462/19965, rows 19965)
[  1518.5s]   [4,11] level 0: 152 pivots (col 1465/19965, rows 19965)
[  1521.9s]   [4,11] level 0: 154 pivots (col 1467/19965, rows 19965)
[  1525.2s]   [4,11] level 0: 156 pivots (col 1469/19965, rows 19965)
[  1528.5s]   [4,11] level 0: 158 pivots (col 1471/19965, rows 19965)
[  1531.8s]   [4,11] level 0: 160 pivots (col 1475/19965, rows 19965)
[  1535.0s]   [4,11] level 0: 162 pivots (col 1477/19965, rows 19965)
[  1538.2s]   [4,11] level 0: 164 pivots (col 1479/19965, rows 19965)
[  1541.5s]   [4,11] level 0: 166 pivots (col 1481/19965, rows 19965)
[  1544.7s]   [4,11] level 0: 168 pivots (col 1497/19965, rows 19965)
[  1547.9s]   [4,11] level 0: 170 pivots (col 1519/19965, rows 19965)
[  1551.1s]   [4,11] level 0: 172 pivots (col 1541/19965, rows 19965)
[  1554.4s]   [4,11] level 0: 174 pivots (col 1575/19965, rows 19965)
[  1557.6s]   [4,11] level 0: 176 pivots (col 1577/19965, rows 19965)
[  1560.8s]   [4,11] level 0: 178 pivots (col 1579/19965, rows 19965)
[  1564.0s]   [4,11] level 0: 180 pivots (col 1581/19965, rows 19965)
[  1567.3s]   [4,11] level 0: 182 pivots (col 1585/19965, rows 19965)
[  1570.5s]   [4,11] level 0: 184 pivots (col 1587/19965, rows 19965)
[  1573.7s]   [4,11] level 0: 186 pivots (col 1589/19965, rows 19965)
[  1576.9s]   [4,11] level 0: 188 pivots (col 1591/19965, rows 19965)
[  1580.0s]   [4,11] level 0: 190 pivots (col 1597/19965, rows 19965)
[  1583.1s]   [4,11] level 0: 192 pivots (col 1599/19965, rows 19965)
[  1586.3s]   [4,11] level 0: 194 pivots (col 1601/19965, rows 19965)
[  1589.4s]   [4,11] level 0: 196 pivots (col 1618/19965, rows 19965)
[  1592.5s]   [4,11] level 0: 198 pivots (col 1640/19965, rows 19965)
[  1595.6s]   [4,11] level 0: 200 pivots (col 1695/19965, rows 19965)
[  1598.9s]   [4,11] level 0: 202 pivots (col 2663/19965, rows 19965)
[  1602.2s]   [4,11] level 0: 204 pivots (col 2665/19965, rows 19965)
[  1605.6s]   [4,11] level 0: 206 pivots (col 2667/19965, rows 19965)
[  1609.0s]   [4,11] level 0: 208 pivots (col 2669/19965, rows 19965)
[  1612.4s]   [4,11] level 0: 210 pivots (col 2671/19965, rows 19965)
[  1615.8s]   [4,11] level 0: 212 pivots (col 2675/19965, rows 19965)
[  1619.2s]   [4,11] level 0: 214 pivots (col 2677/19965, rows 19965)
[  1622.5s]   [4,11] level 0: 216 pivots (col 2679/19965, rows 19965)
[  1625.9s]   [4,11] level 0: 218 pivots (col 2685/19965, rows 19965)
[  1629.3s]   [4,11] level 0: 220 pivots (col 2687/19965, rows 19965)
[  1632.7s]   [4,11] level 0: 222 pivots (col 2689/19965, rows 19965)
[  1636.0s]   [4,11] level 0: 224 pivots (col 2696/19965, rows 19965)
[  1639.4s]   [4,11] level 0: 226 pivots (col 2718/19965, rows 19965)
[  1642.8s]   [4,11] level 0: 228 pivots (col 2740/19965, rows 19965)
[  1646.2s]   [4,11] level 0: 230 pivots (col 2785/19965, rows 19965)
[  1649.5s]   [4,11] level 0: 232 pivots (col 2787/19965, rows 19965)
[  1652.9s]   [4,11] level 0: 234 pivots (col 2789/19965, rows 19965)
[  1656.3s]   [4,11] level 0: 236 pivots (col 2791/19965, rows 19965)
[  1659.6s]   [4,11] level 0: 238 pivots (col 2795/19965, rows 19965)
[  1663.0s]   [4,11] level 0: 240 pivots (col 2797/19965, rows 19965)
[  1666.3s]   [4,11] level 0: 242 pivots (col 2799/19965, rows 19965)
[  1669.7s]   [4,11] level 0: 244 pivots (col 2801/19965, rows 19965)
[  1673.0s]   [4,11] level 0: 246 pivots (col 2807/19965, rows 19965)
[  1676.4s]   [4,11] level 0: 248 pivots (col 2809/19965, rows 19965)
[  1679.7s]   [4,11] level 0: 250 pivots (col 2811/19965, rows 19965)
[  1683.0s]   [4,11] level 0: 252 pivots (col 2828/19965, rows 19965)
[  1686.4s]   [4,11] level 0: 254 pivots (col 2850/19965, rows 19965)
[  1689.7s]   [4,11] level 0: 256 pivots (col 2905/19965, rows 19965)
[  1693.0s]   [4,11] level 0: 258 pivots (col 2907/19965, rows 19965)
[  1696.4s]   [4,11] level 0: 260 pivots (col 2909/19965, rows 19965)
[  1699.7s]   [4,11] level 0: 262 pivots (col 2911/19965, rows 19965)
[  1703.0s]   [4,11] level 0: 264 pivots (col 2913/19965, rows 19965)
[  1706.3s]   [4,11] level 0: 266 pivots (col 2917/19965, rows 19965)
[  1709.7s]   [4,11] level 0: 268 pivots (col 2919/19965, rows 19965)
[  1713.0s]   [4,11] level 0: 270 pivots (col 2921/19965, rows 19965)
[  1716.2s]   [4,11] level 0: 272 pivots (col 2927/19965, rows 19965)
[  1719.5s]   [4,11] level 0: 274 pivots (col 2929/19965, rows 19965)
[  1722.8s]   [4,11] level 0: 276 pivots (col 2931/19965, rows 19965)
[  1726.1s]   [4,11] level 0: 278 pivots (col 2938/19965, rows 19965)
[  1729.4s]   [4,11] level 0: 280 pivots (col 2960/19965, rows 19965)
[  1732.7s]   [4,11] level 0: 282 pivots (col 2982/19965, rows 19965)
[  1735.9s]   [4,11] level 0: 284 pivots (col 3147/19965, rows 19965)
[  1739.4s]   [4,11] level 0: 286 pivots (col 3995/19965, rows 19965)
[  1742.8s]   [4,11] level 0: 288 pivots (col 3997/19965, rows 19965)
[  1746.4s]   [4,11] level 0: 290 pivots (col 3999/19965, rows 19965)
[  1749.9s]   [4,11] level 0: 292 pivots (col 4001/19965, rows 19965)
[  1753.5s]   [4,11] level 0: 294 pivots (col 4003/19965, rows 19965)
[  1757.0s]   [4,11] level 0: 296 pivots (col 4006/19965, rows 19965)
[  1760.6s]   [4,11] level 0: 298 pivots (col 4008/19965, rows 19965)
[  1764.2s]   [4,11] level 0: 300 pivots (col 4010/19965, rows 19965)
[  1767.8s]   [4,11] level 0: 302 pivots (col 4012/19965, rows 19965)
[  1771.3s]   [4,11] level 0: 304 pivots (col 4016/19965, rows 19965)
[  1774.9s]   [4,11] level 0: 306 pivots (col 4018/19965, rows 19965)
[  1778.5s]   [4,11] level 0: 308 pivots (col 4020/19965, rows 19965)
[  1782.1s]   [4,11] level 0: 310 pivots (col 4022/19965, rows 19965)
[  1785.6s]   [4,11] level 0: 312 pivots (col 4027/19965, rows 19965)
[  1789.2s]   [4,11] level 0: 314 pivots (col 4049/19965, rows 19965)
[  1792.8s]   [4,11] level 0: 316 pivots (col 4071/19965, rows 19965)
[  1796.4s]   [4,11] level 0: 318 pivots (col 4093/19965, rows 19965)
[  1800.0s]   [4,11] level 0: 320 pivots (col 4116/19965, rows 19965)
[  1803.5s]   [4,11] level 0: 322 pivots (col 4118/19965, rows 19965)
[  1807.1s]   [4,11] level 0: 324 pivots (col 4120/19965, rows 19965)
[  1810.7s]   [4,11] level 0: 326 pivots (col 4122/19965, rows 19965)
[  1814.3s]   [4,11] level 0: 328 pivots (col 4126/19965, rows 19965)
[  1817.8s]   [4,11] level 0: 330 pivots (col 4128/19965, rows 19965)
[  1821.4s]   [4,11] level 0: 332 pivots (col 4130/19965, rows 19965)
[  1825.0s]   [4,11] level 0: 334 pivots (col 4132/19965, rows 19965)
[  1828.6s]   [4,11] level 0: 336 pivots (col 4137/19965, rows 19965)
[  1832.2s]   [4,11] level 0: 338 pivots (col 4139/19965, rows 19965)
[  1835.8s]   [4,11] level 0: 340 pivots (col 4141/19965, rows 19965)
[  1839.4s]   [4,11] level 0: 342 pivots (col 4143/19965, rows 19965)
[  1843.0s]   [4,11] level 0: 344 pivots (col 4159/19965, rows 19965)
[  1846.6s]   [4,11] level 0: 346 pivots (col 4181/19965, rows 19965)
[  1850.1s]   [4,11] level 0: 348 pivots (col 4203/19965, rows 19965)
[  1853.7s]   [4,11] level 0: 350 pivots (col 4237/19965, rows 19965)
[  1857.2s]   [4,11] level 0: 352 pivots (col 4239/19965, rows 19965)
[  1860.8s]   [4,11] level 0: 354 pivots (col 4241/19965, rows 19965)
[  1864.5s]   [4,11] level 0: 356 pivots (col 4243/19965, rows 19965)
[  1868.2s]   [4,11] level 0: 358 pivots (col 4248/19965, rows 19965)
[  1871.7s]   [4,11] level 0: 360 pivots (col 4250/19965, rows 19965)
[  1875.3s]   [4,11] level 0: 362 pivots (col 4252/19965, rows 19965)
[  1878.8s]   [4,11] level 0: 364 pivots (col 4258/19965, rows 19965)
[  1882.5s]   [4,11] level 0: 366 pivots (col 4280/19965, rows 19965)
[  1886.1s]   [4,11] level 0: 368 pivots (col 4302/19965, rows 19965)
[  1889.6s]   [4,11] level 0: 370 pivots (col 4478/19965, rows 19965)
[  1893.2s]   [4,11] level 0: 372 pivots (col 4720/19965, rows 19965)
[  1896.8s]   [4,11] level 0: 374 pivots (col 4962/19965, rows 19965)
[  1900.4s]   [4,11] level 0: 376 pivots (col 5326/19965, rows 19965)
[  1903.9s]   [4,11] level 0: 378 pivots (col 5328/19965, rows 19965)
[  1907.5s]   [4,11] level 0: 380 pivots (col 5330/19965, rows 19965)
[  1911.1s]   [4,11] level 0: 382 pivots (col 5332/19965, rows 19965)
[  1914.7s]   [4,11] level 0: 384 pivots (col 5334/19965, rows 19965)
[  1918.3s]   [4,11] level 0: 386 pivots (col 5337/19965, rows 19965)
[  1921.9s]   [4,11] level 0: 388 pivots (col 5339/19965, rows 19965)
[  1925.5s]   [4,11] level 0: 390 pivots (col 5341/19965, rows 19965)
[  1929.1s]   [4,11] level 0: 392 pivots (col 5343/19965, rows 19965)
[  1932.7s]   [4,11] level 0: 394 pivots (col 5347/19965, rows 19965)
[  1936.2s]   [4,11] level 0: 396 pivots (col 5349/19965, rows 19965)
[  1939.8s]   [4,11] level 0: 398 pivots (col 5351/19965, rows 19965)
[  1943.4s]   [4,11] level 0: 400 pivots (col 5353/19965, rows 19965)
[  1947.0s]   [4,11] level 0: 402 pivots (col 5369/19965, rows 19965)
[  1950.6s]   [4,11] level 0: 404 pivots (col 5391/19965, rows 19965)
[  1954.2s]   [4,11] level 0: 406 pivots (col 5413/19965, rows 19965)
[  1957.8s]   [4,11] level 0: 408 pivots (col 5447/19965, rows 19965)
[  1961.3s]   [4,11] level 0: 410 pivots (col 5449/19965, rows 19965)
[  1964.9s]   [4,11] level 0: 412 pivots (col 5451/19965, rows 19965)
[  1968.5s]   [4,11] level 0: 414 pivots (col 5453/19965, rows 19965)
[  1972.1s]   [4,11] level 0: 416 pivots (col 5457/19965, rows 19965)
[  1975.6s]   [4,11] level 0: 418 pivots (col 5459/19965, rows 19965)
[  1979.2s]   [4,11] level 0: 420 pivots (col 5461/19965, rows 19965)
[  1982.8s]   [4,11] level 0: 422 pivots (col 5463/19965, rows 19965)
[  1986.4s]   [4,11] level 0: 424 pivots (col 5468/19965, rows 19965)
[  1989.9s]   [4,11] level 0: 426 pivots (col 5470/19965, rows 19965)
[  1993.5s]   [4,11] level 0: 428 pivots (col 5472/19965, rows 19965)
[  1997.2s]   [4,11] level 0: 430 pivots (col 5479/19965, rows 19965)
[  2000.7s]   [4,11] level 0: 432 pivots (col 5501/19965, rows 19965)
[  2004.3s]   [4,11] level 0: 434 pivots (col 5523/19965, rows 19965)
[  2007.8s]   [4,11] level 0: 436 pivots (col 5568/19965, rows 19965)
[  2011.4s]   [4,11] level 0: 438 pivots (col 5570/19965, rows 19965)
[  2015.0s]   [4,11] level 0: 440 pivots (col 5572/19965, rows 19965)
[  2018.5s]   [4,11] level 0: 442 pivots (col 5574/19965, rows 19965)
[  2022.1s]   [4,11] level 0: 444 pivots (col 5579/19965, rows 19965)
[  2025.7s]   [4,11] level 0: 446 pivots (col 5581/19965, rows 19965)
[  2029.2s]   [4,11] level 0: 448 pivots (col 5583/19965, rows 19965)
[  2032.8s]   [4,11] level 0: 450 pivots (col 5589/19965, rows 19965)
[  2036.3s]   [4,11] level 0: 452 pivots (col 5611/19965, rows 19965)
[  2039.9s]   [4,11] level 0: 454 pivots (col 5633/19965, rows 19965)
[  2043.5s]   [4,11] level 0: 456 pivots (col 6656/19965, rows 19965)
[  2047.0s]   [4,11] level 0: 458 pivots (col 6658/19965, rows 19965)
[  2050.6s]   [4,11] level 0: 460 pivots (col 6660/19965, rows 19965)
[  2054.1s]   [4,11] level 0: 462 pivots (col 6662/19965, rows 19965)
[  2057.7s]   [4,11] level 0: 464 pivots (col 6664/19965, rows 19965)
[  2061.2s]   [4,11] level 0: 466 pivots (col 6668/19965, rows 19965)
[  2064.8s]   [4,11] level 0: 468 pivots (col 6670/19965, rows 19965)
[  2068.3s]   [4,11] level 0: 470 pivots (col 6672/19965, rows 19965)
[  2071.9s]   [4,11] level 0: 472 pivots (col 6678/19965, rows 19965)
[  2075.4s]   [4,11] level 0: 474 pivots (col 6680/19965, rows 19965)
[  2079.0s]   [4,11] level 0: 476 pivots (col 6682/19965, rows 19965)
[  2082.5s]   [4,11] level 0: 478 pivots (col 6689/19965, rows 19965)
[  2086.2s]   [4,11] level 0: 480 pivots (col 6711/19965, rows 19965)
[  2089.7s]   [4,11] level 0: 482 pivots (col 6733/19965, rows 19965)
[  2093.3s]   [4,11] level 0: 484 pivots (col 6778/19965, rows 19965)
[  2096.8s]   [4,11] level 0: 486 pivots (col 6780/19965, rows 19965)
[  2100.4s]   [4,11] level 0: 488 pivots (col 6782/19965, rows 19965)
[  2103.9s]   [4,11] level 0: 490 pivots (col 6784/19965, rows 19965)
[  2107.4s]   [4,11] level 0: 492 pivots (col 6788/19965, rows 19965)
[  2111.1s]   [4,11] level 0: 494 pivots (col 6790/19965, rows 19965)
[  2114.6s]   [4,11] level 0: 496 pivots (col 6792/19965, rows 19965)
[  2118.2s]   [4,11] level 0: 498 pivots (col 6794/19965, rows 19965)
[  2121.7s]   [4,11] level 0: 500 pivots (col 6800/19965, rows 19965)
[  2125.2s]   [4,11] level 0: 502 pivots (col 6802/19965, rows 19965)
[  2128.8s]   [4,11] level 0: 504 pivots (col 6804/19965, rows 19965)
[  2132.3s]   [4,11] level 0: 506 pivots (col 6821/19965, rows 19965)
[  2135.9s]   [4,11] level 0: 508 pivots (col 6843/19965, rows 19965)
[  2139.4s]   [4,11] level 0: 510 pivots (col 6898/19965, rows 19965)
[  2142.9s]   [4,11] level 0: 512 pivots (col 6900/19965, rows 19965)
[  2146.5s]   [4,11] level 0: 514 pivots (col 6902/19965, rows 19965)
[  2150.0s]   [4,11] level 0: 516 pivots (col 6904/19965, rows 19965)
[  2153.5s]   [4,11] level 0: 518 pivots (col 6910/19965, rows 19965)
[  2157.1s]   [4,11] level 0: 520 pivots (col 6912/19965, rows 19965)
[  2160.6s]   [4,11] level 0: 522 pivots (col 6914/19965, rows 19965)
[  2164.3s]   [4,11] level 0: 524 pivots (col 6931/19965, rows 19965)
[  2167.9s]   [4,11] level 0: 526 pivots (col 6953/19965, rows 19965)
[  2171.4s]   [4,11] level 0: 528 pivots (col 7019/19965, rows 19965)
[  2175.0s]   [4,11] level 0: 530 pivots (col 7988/19965, rows 19965)
[  2178.5s]   [4,11] level 0: 532 pivots (col 7990/19965, rows 19965)
[  2182.1s]   [4,11] level 0: 534 pivots (col 7992/19965, rows 19965)
[  2185.6s]   [4,11] level 0: 536 pivots (col 7994/19965, rows 19965)
[  2189.1s]   [4,11] level 0: 538 pivots (col 7998/19965, rows 19965)
[  2192.7s]   [4,11] level 0: 540 pivots (col 8000/19965, rows 19965)
[  2196.2s]   [4,11] level 0: 542 pivots (col 8002/19965, rows 19965)
[  2199.8s]   [4,11] level 0: 544 pivots (col 8004/19965, rows 19965)
[  2203.3s]   [4,11] level 0: 546 pivots (col 8009/19965, rows 19965)
[  2206.8s]   [4,11] level 0: 548 pivots (col 8011/19965, rows 19965)
[  2210.3s]   [4,11] level 0: 550 pivots (col 8013/19965, rows 19965)
[  2213.9s]   [4,11] level 0: 552 pivots (col 8015/19965, rows 19965)
[  2217.4s]   [4,11] level 0: 554 pivots (col 8031/19965, rows 19965)
[  2221.0s]   [4,11] level 0: 556 pivots (col 8053/19965, rows 19965)
[  2224.6s]   [4,11] level 0: 558 pivots (col 8075/19965, rows 19965)
[  2228.2s]   [4,11] level 0: 560 pivots (col 8109/19965, rows 19965)
[  2231.7s]   [4,11] level 0: 562 pivots (col 8111/19965, rows 19965)
[  2235.3s]   [4,11] level 0: 564 pivots (col 8113/19965, rows 19965)
[  2238.9s]   [4,11] level 0: 566 pivots (col 8115/19965, rows 19965)
[  2242.4s]   [4,11] level 0: 568 pivots (col 8120/19965, rows 19965)
[  2246.0s]   [4,11] level 0: 570 pivots (col 8122/19965, rows 19965)
[  2249.5s]   [4,11] level 0: 572 pivots (col 8124/19965, rows 19965)
[  2253.0s]   [4,11] level 0: 574 pivots (col 8130/19965, rows 19965)
[  2256.5s]   [4,11] level 0: 576 pivots (col 8132/19965, rows 19965)
[  2260.1s]   [4,11] level 0: 578 pivots (col 8134/19965, rows 19965)
[  2263.6s]   [4,11] level 0: 580 pivots (col 8141/19965, rows 19965)
[  2267.1s]   [4,11] level 0: 582 pivots (col 8163/19965, rows 19965)
[  2270.6s]   [4,11] level 0: 584 pivots (col 8229/19965, rows 19965)
[  2274.2s]   [4,11] level 0: 586 pivots (col 8231/19965, rows 19965)
[  2277.7s]   [4,11] level 0: 588 pivots (col 8233/19965, rows 19965)
[  2281.2s]   [4,11] level 0: 590 pivots (col 8235/19965, rows 19965)
[  2284.7s]   [4,11] level 0: 592 pivots (col 8241/19965, rows 19965)
[  2288.2s]   [4,11] level 0: 594 pivots (col 8243/19965, rows 19965)
[  2291.8s]   [4,11] level 0: 596 pivots (col 8245/19965, rows 19965)
[  2295.4s]   [4,11] level 0: 598 pivots (col 8262/19965, rows 19965)
[  2298.9s]   [4,11] level 0: 600 pivots (col 8284/19965, rows 19965)
[  2302.5s]   [4,11] level 0: 602 pivots (col 8471/19965, rows 19965)
[  2306.0s]   [4,11] level 0: 604 pivots (col 8713/19965, rows 19965)
[  2309.5s]   [4,11] level 0: 606 pivots (col 9318/19965, rows 19965)
[  2313.1s]   [4,11] level 0: 608 pivots (col 9320/19965, rows 19965)
[  2316.6s]   [4,11] level 0: 610 pivots (col 9322/19965, rows 19965)
[  2320.1s]   [4,11] level 0: 612 pivots (col 9324/19965, rows 19965)
[  2323.6s]   [4,11] level 0: 614 pivots (col 9326/19965, rows 19965)
[  2327.1s]   [4,11] level 0: 616 pivots (col 9330/19965, rows 19965)
[  2330.7s]   [4,11] level 0: 618 pivots (col 9332/19965, rows 19965)
[  2334.2s]   [4,11] level 0: 620 pivots (col 9334/19965, rows 19965)
[  2337.7s]   [4,11] level 0: 622 pivots (col 9336/19965, rows 19965)
[  2341.2s]   [4,11] level 0: 624 pivots (col 9341/19965, rows 19965)
[  2344.7s]   [4,11] level 0: 626 pivots (col 9343/19965, rows 19965)
[  2348.3s]   [4,11] level 0: 628 pivots (col 9345/19965, rows 19965)
[  2351.8s]   [4,11] level 0: 630 pivots (col 9351/19965, rows 19965)
[  2355.3s]   [4,11] level 0: 632 pivots (col 9373/19965, rows 19965)
[  2358.8s]   [4,11] level 0: 634 pivots (col 9395/19965, rows 19965)
[  2362.3s]   [4,11] level 0: 636 pivots (col 9439/19965, rows 19965)
[  2365.8s]   [4,11] level 0: 638 pivots (col 9441/19965, rows 19965)
[  2369.3s]   [4,11] level 0: 640 pivots (col 9443/19965, rows 19965)
[  2372.8s]   [4,11] level 0: 642 pivots (col 9445/19965, rows 19965)
[  2376.3s]   [4,11] level 0: 644 pivots (col 9450/19965, rows 19965)
[  2379.8s]   [4,11] level 0: 646 pivots (col 9452/19965, rows 19965)
[  2383.3s]   [4,11] level 0: 648 pivots (col 9454/19965, rows 19965)
[  2386.8s]   [4,11] level 0: 650 pivots (col 9456/19965, rows 19965)
[  2390.3s]   [4,11] level 0: 652 pivots (col 9462/19965, rows 19965)
[  2393.8s]   [4,11] level 0: 654 pivots (col 9464/19965, rows 19965)
[  2397.3s]   [4,11] level 0: 656 pivots (col 9466/19965, rows 19965)
[  2400.8s]   [4,11] level 0: 658 pivots (col 9483/19965, rows 19965)
[  2404.4s]   [4,11] level 0: 660 pivots (col 9505/19965, rows 19965)
[  2407.9s]   [4,11] level 0: 662 pivots (col 9560/19965, rows 19965)
[  2411.4s]   [4,11] level 0: 664 pivots (col 9562/19965, rows 19965)
[  2414.9s]   [4,11] level 0: 666 pivots (col 9564/19965, rows 19965)
[  2418.4s]   [4,11] level 0: 668 pivots (col 9566/19965, rows 19965)
[  2421.9s]   [4,11] level 0: 670 pivots (col 9572/19965, rows 19965)
[  2425.4s]   [4,11] level 0: 672 pivots (col 9574/19965, rows 19965)
[  2428.9s]   [4,11] level 0: 674 pivots (col 9576/19965, rows 19965)
[  2432.4s]   [4,11] level 0: 676 pivots (col 10649/19965, rows 19965)
[  2435.9s]   [4,11] level 0: 678 pivots (col 10651/19965, rows 19965)
[  2439.4s]   [4,11] level 0: 680 pivots (col 10653/19965, rows 19965)
[  2442.9s]   [4,11] level 0: 682 pivots (col 10655/19965, rows 19965)
[  2446.4s]   [4,11] level 0: 684 pivots (col 10657/19965, rows 19965)
[  2449.9s]   [4,11] level 0: 686 pivots (col 10661/19965, rows 19965)
[  2453.4s]   [4,11] level 0: 688 pivots (col 10663/19965, rows 19965)
[  2456.9s]   [4,11] level 0: 690 pivots (col 10665/19965, rows 19965)
[  2460.4s]   [4,11] level 0: 692 pivots (col 10671/19965, rows 19965)
[  2463.9s]   [4,11] level 0: 694 pivots (col 10673/19965, rows 19965)
[  2467.4s]   [4,11] level 0: 696 pivots (col 10675/19965, rows 19965)
[  2470.9s]   [4,11] level 0: 698 pivots (col 10682/19965, rows 19965)
[  2474.4s]   [4,11] level 0: 700 pivots (col 10704/19965, rows 19965)
[  2477.9s]   [4,11] level 0: 702 pivots (col 10726/19965, rows 19965)
[  2481.4s]   [4,11] level 0: 704 pivots (col 10771/19965, rows 19965)
[  2484.9s]   [4,11] level 0: 706 pivots (col 10773/19965, rows 19965)
[  2488.4s]   [4,11] level 0: 708 pivots (col 10775/19965, rows 19965)
[  2491.9s]   [4,11] level 0: 710 pivots (col 10777/19965, rows 19965)
[  2495.4s]   [4,11] level 0: 712 pivots (col 10782/19965, rows 19965)
[  2498.8s]   [4,11] level 0: 714 pivots (col 10784/19965, rows 19965)
[  2502.3s]   [4,11] level 0: 716 pivots (col 10786/19965, rows 19965)
[  2505.8s]   [4,11] level 0: 718 pivots (col 10792/19965, rows 19965)
[  2509.3s]   [4,11] level 0: 720 pivots (col 10794/19965, rows 19965)
[  2512.8s]   [4,11] level 0: 722 pivots (col 10796/19965, rows 19965)
[  2516.2s]   [4,11] level 0: 724 pivots (col 10803/19965, rows 19965)
[  2519.7s]   [4,11] level 0: 726 pivots (col 10825/19965, rows 19965)
[  2523.2s]   [4,11] level 0: 728 pivots (col 10847/19965, rows 19965)
[  2526.7s]   [4,11] level 0: 730 pivots (col 10892/19965, rows 19965)
[  2530.2s]   [4,11] level 0: 732 pivots (col 10894/19965, rows 19965)
[  2533.6s]   [4,11] level 0: 734 pivots (col 10896/19965, rows 19965)
[  2537.1s]   [4,11] level 0: 736 pivots (col 10903/19965, rows 19965)
[  2540.6s]   [4,11] level 0: 738 pivots (col 10905/19965, rows 19965)
[  2544.1s]   [4,11] level 0: 740 pivots (col 11012/19965, rows 19965)
[  2547.6s]   [4,11] level 0: 742 pivots (col 11981/19965, rows 19965)
[  2551.1s]   [4,11] level 0: 744 pivots (col 11983/19965, rows 19965)
[  2554.5s]   [4,11] level 0: 746 pivots (col 11985/19965, rows 19965)
[  2558.0s]   [4,11] level 0: 748 pivots (col 11987/19965, rows 19965)
[  2561.5s]   [4,11] level 0: 750 pivots (col 11991/19965, rows 19965)
[  2565.0s]   [4,11] level 0: 752 pivots (col 11993/19965, rows 19965)
[  2568.5s]   [4,11] level 0: 754 pivots (col 11995/19965, rows 19965)
[  2571.9s]   [4,11] level 0: 756 pivots (col 11997/19965, rows 19965)
[  2575.4s]   [4,11] level 0: 758 pivots (col 12003/19965, rows 19965)
[  2578.9s]   [4,11] level 0: 760 pivots (col 12005/19965, rows 19965)
[  2582.3s]   [4,11] level 0: 762 pivots (col 12007/19965, rows 19965)
[  2585.9s]   [4,11] level 0: 764 pivots (col 12024/19965, rows 19965)
[  2589.4s]   [4,11] level 0: 766 pivots (col 12046/19965, rows 19965)
[  2592.9s]   [4,11] level 0: 768 pivots (col 12101/19965, rows 19965)
[  2596.4s]   [4,11] level 0: 770 pivots (col 12103/19965, rows 19965)
[  2599.8s]   [4,11] level 0: 772 pivots (col 12105/19965, rows 19965)
[  2603.3s]   [4,11] level 0: 774 pivots (col 12107/19965, rows 19965)
[  2606.8s]   [4,11] level 0: 776 pivots (col 12113/19965, rows 19965)
[  2610.3s]   [4,11] level 0: 778 pivots (col 12115/19965, rows 19965)
[  2613.7s]   [4,11] level 0: 780 pivots (col 12117/19965, rows 19965)
[  2617.2s]   [4,11] level 0: 782 pivots (col 12124/19965, rows 19965)
[  2620.6s]   [4,11] level 0: 784 pivots (col 12126/19965, rows 19965)
[  2624.1s]   [4,11] level 0: 786 pivots (col 12134/19965, rows 19965)
[  2627.6s]   [4,11] level 0: 788 pivots (col 12156/19965, rows 19965)
[  2631.0s]   [4,11] level 0: 790 pivots (col 12222/19965, rows 19965)
[  2634.5s]   [4,11] level 0: 792 pivots (col 12224/19965, rows 19965)
[  2638.0s]   [4,11] level 0: 794 pivots (col 12226/19965, rows 19965)
[  2641.4s]   [4,11] level 0: 796 pivots (col 12233/19965, rows 19965)
[  2644.9s]   [4,11] level 0: 798 pivots (col 12235/19965, rows 19965)
[  2648.5s]   [4,11] level 0: 800 pivots (col 12237/19965, rows 19965)
[  2652.0s]   [4,11] level 0: 802 pivots (col 12464/19965, rows 19965)
[  2655.4s]   [4,11] level 0: 804 pivots (col 12706/19965, rows 19965)
[  2658.9s]   [4,11] level 0: 806 pivots (col 13311/19965, rows 19965)
[  2662.4s]   [4,11] level 0: 808 pivots (col 13313/19965, rows 19965)
[  2665.8s]   [4,11] level 0: 810 pivots (col 13315/19965, rows 19965)
[  2669.3s]   [4,11] level 0: 812 pivots (col 13317/19965, rows 19965)
[  2672.7s]   [4,11] level 0: 814 pivots (col 13322/19965, rows 19965)
[  2676.2s]   [4,11] level 0: 816 pivots (col 13324/19965, rows 19965)
[  2679.6s]   [4,11] level 0: 818 pivots (col 13326/19965, rows 19965)
[  2683.1s]   [4,11] level 0: 820 pivots (col 13328/19965, rows 19965)
[  2686.6s]   [4,11] level 0: 822 pivots (col 13334/19965, rows 19965)
[  2690.0s]   [4,11] level 0: 824 pivots (col 13336/19965, rows 19965)
[  2693.5s]   [4,11] level 0: 826 pivots (col 13338/19965, rows 19965)
[  2697.0s]   [4,11] level 0: 828 pivots (col 13355/19965, rows 19965)
[  2700.4s]   [4,11] level 0: 830 pivots (col 13377/19965, rows 19965)
[  2703.9s]   [4,11] level 0: 832 pivots (col 13432/19965, rows 19965)
[  2707.3s]   [4,11] level 0: 834 pivots (col 13434/19965, rows 19965)
[  2710.8s]   [4,11] level 0: 836 pivots (col 13436/19965, rows 19965)
[  2714.2s]   [4,11] level 0: 838 pivots (col 13438/19965, rows 19965)
[  2717.7s]   [4,11] level 0: 840 pivots (col 13444/19965, rows 19965)
[  2721.1s]   [4,11] level 0: 842 pivots (col 13446/19965, rows 19965)
[  2724.6s]   [4,11] level 0: 844 pivots (col 13448/19965, rows 19965)
[  2728.0s]   [4,11] level 0: 846 pivots (col 13455/19965, rows 19965)
[  2731.5s]   [4,11] level 0: 848 pivots (col 13457/19965, rows 19965)
[  2734.9s]   [4,11] level 0: 850 pivots (col 13465/19965, rows 19965)
[  2738.3s]   [4,11] level 0: 852 pivots (col 13487/19965, rows 19965)
[  2741.8s]   [4,11] level 0: 854 pivots (col 13553/19965, rows 19965)
[  2745.2s]   [4,11] level 0: 856 pivots (col 13555/19965, rows 19965)
[  2748.7s]   [4,11] level 0: 858 pivots (col 13557/19965, rows 19965)
[  2752.1s]   [4,11] level 0: 860 pivots (col 13564/19965, rows 19965)
[  2755.6s]   [4,11] level 0: 862 pivots (col 13566/19965, rows 19965)
[  2759.0s]   [4,11] level 0: 864 pivots (col 13568/19965, rows 19965)
[  2762.5s]   [4,11] level 0: 866 pivots (col 14642/19965, rows 19965)
[  2765.9s]   [4,11] level 0: 868 pivots (col 14644/19965, rows 19965)
[  2769.4s]   [4,11] level 0: 870 pivots (col 14646/19965, rows 19965)
[  2772.8s]   [4,11] level 0: 872 pivots (col 14648/19965, rows 19965)
[  2776.4s]   [4,11] level 0: 874 pivots (col 14653/19965, rows 19965)
[  2780.2s]   [4,11] level 0: 876 pivots (col 14655/19965, rows 19965)
[  2783.7s]   [4,11] level 0: 878 pivots (col 14657/19965, rows 19965)
[  2787.3s]   [4,11] level 0: 880 pivots (col 14659/19965, rows 19965)
[  2790.8s]   [4,11] level 0: 882 pivots (col 14665/19965, rows 19965)
[  2794.3s]   [4,11] level 0: 884 pivots (col 14667/19965, rows 19965)
[  2797.7s]   [4,11] level 0: 886 pivots (col 14669/19965, rows 19965)
[  2801.1s]   [4,11] level 0: 888 pivots (col 14686/19965, rows 19965)
[  2804.6s]   [4,11] level 0: 890 pivots (col 14708/19965, rows 19965)
[  2808.0s]   [4,11] level 0: 892 pivots (col 14763/19965, rows 19965)
[  2811.5s]   [4,11] level 0: 894 pivots (col 14765/19965, rows 19965)
[  2814.9s]   [4,11] level 0: 896 pivots (col 14767/19965, rows 19965)
[  2818.3s]   [4,11] level 0: 898 pivots (col 14769/19965, rows 19965)
[  2821.8s]   [4,11] level 0: 900 pivots (col 14775/19965, rows 19965)
[  2825.2s]   [4,11] level 0: 902 pivots (col 14777/19965, rows 19965)
[  2828.8s]   [4,11] level 0: 904 pivots (col 14779/19965, rows 19965)
[  2832.2s]   [4,11] level 0: 906 pivots (col 14786/19965, rows 19965)
[  2835.7s]   [4,11] level 0: 908 pivots (col 14788/19965, rows 19965)
[  2839.1s]   [4,11] level 0: 910 pivots (col 14796/19965, rows 19965)
[  2842.5s]   [4,11] level 0: 912 pivots (col 14818/19965, rows 19965)
[  2846.0s]   [4,11] level 0: 914 pivots (col 14884/19965, rows 19965)
[  2849.4s]   [4,11] level 0: 916 pivots (col 14886/19965, rows 19965)
[  2852.8s]   [4,11] level 0: 918 pivots (col 14888/19965, rows 19965)
[  2856.3s]   [4,11] level 0: 920 pivots (col 14895/19965, rows 19965)
[  2859.7s]   [4,11] level 0: 922 pivots (col 14897/19965, rows 19965)
[  2863.1s]   [4,11] level 0: 924 pivots (col 15005/19965, rows 19965)
[  2866.6s]   [4,11] level 0: 926 pivots (col 15974/19965, rows 19965)
[  2870.0s]   [4,11] level 0: 928 pivots (col 15976/19965, rows 19965)
[  2873.4s]   [4,11] level 0: 930 pivots (col 15978/19965, rows 19965)
[  2876.8s]   [4,11] level 0: 932 pivots (col 15980/19965, rows 19965)
[  2880.3s]   [4,11] level 0: 934 pivots (col 15985/19965, rows 19965)
[  2883.7s]   [4,11] level 0: 936 pivots (col 15987/19965, rows 19965)
[  2887.1s]   [4,11] level 0: 938 pivots (col 15989/19965, rows 19965)
[  2890.5s]   [4,11] level 0: 940 pivots (col 15995/19965, rows 19965)
[  2894.0s]   [4,11] level 0: 942 pivots (col 15997/19965, rows 19965)
[  2897.4s]   [4,11] level 0: 944 pivots (col 15999/19965, rows 19965)
[  2900.9s]   [4,11] level 0: 946 pivots (col 16006/19965, rows 19965)
[  2904.3s]   [4,11] level 0: 948 pivots (col 16028/19965, rows 19965)
[  2907.7s]   [4,11] level 0: 950 pivots (col 16050/19965, rows 19965)
[  2911.1s]   [4,11] level 0: 952 pivots (col 16095/19965, rows 19965)
[  2914.5s]   [4,11] level 0: 954 pivots (col 16097/19965, rows 19965)
[  2917.9s]   [4,11] level 0: 956 pivots (col 16099/19965, rows 19965)
[  2921.4s]   [4,11] level 0: 958 pivots (col 16105/19965, rows 19965)
[  2924.8s]   [4,11] level 0: 960 pivots (col 16107/19965, rows 19965)
[  2928.2s]   [4,11] level 0: 962 pivots (col 16109/19965, rows 19965)
[  2931.6s]   [4,11] level 0: 964 pivots (col 16116/19965, rows 19965)
[  2935.0s]   [4,11] level 0: 966 pivots (col 16118/19965, rows 19965)
[  2938.5s]   [4,11] level 0: 968 pivots (col 16120/19965, rows 19965)
[  2941.9s]   [4,11] level 0: 970 pivots (col 16138/19965, rows 19965)
[  2945.3s]   [4,11] level 0: 972 pivots (col 16215/19965, rows 19965)
[  2948.8s]   [4,11] level 0: 974 pivots (col 16217/19965, rows 19965)
[  2952.2s]   [4,11] level 0: 976 pivots (col 16219/19965, rows 19965)
[  2955.6s]   [4,11] level 0: 978 pivots (col 16226/19965, rows 19965)
[  2959.0s]   [4,11] level 0: 980 pivots (col 16228/19965, rows 19965)
[  2962.4s]   [4,11] level 0: 982 pivots (col 16230/19965, rows 19965)
[  2965.8s]   [4,11] level 0: 984 pivots (col 16457/19965, rows 19965)
[  2969.2s]   [4,11] level 0: 986 pivots (col 16699/19965, rows 19965)
[  2972.7s]   [4,11] level 0: 988 pivots (col 17304/19965, rows 19965)
[  2976.1s]   [4,11] level 0: 990 pivots (col 17306/19965, rows 19965)
[  2979.5s]   [4,11] level 0: 992 pivots (col 17308/19965, rows 19965)
[  2982.9s]   [4,11] level 0: 994 pivots (col 17310/19965, rows 19965)
[  2986.3s]   [4,11] level 0: 996 pivots (col 17315/19965, rows 19965)
[  2989.7s]   [4,11] level 0: 998 pivots (col 17317/19965, rows 19965)
[  2993.1s]   [4,11] level 0: 1000 pivots (col 17319/19965, rows 19965)
[  2996.5s]   [4,11] level 0: 1002 pivots (col 17321/19965, rows 19965)
[  2999.9s]   [4,11] level 0: 1004 pivots (col 17327/19965, rows 19965)
[  3003.3s]   [4,11] level 0: 1006 pivots (col 17329/19965, rows 19965)
[  3006.7s]   [4,11] level 0: 1008 pivots (col 17337/19965, rows 19965)
[  3010.1s]   [4,11] level 0: 1010 pivots (col 17359/19965, rows 19965)
[  3013.5s]   [4,11] level 0: 1012 pivots (col 17425/19965, rows 19965)
[  3016.9s]   [4,11] level 0: 1014 pivots (col 17427/19965, rows 19965)
[  3020.3s]   [4,11] level 0: 1016 pivots (col 17429/19965, rows 19965)
[  3023.7s]   [4,11] level 0: 1018 pivots (col 17431/19965, rows 19965)
[  3027.1s]   [4,11] level 0: 1020 pivots (col 17437/19965, rows 19965)
[  3030.5s]   [4,11] level 0: 1022 pivots (col 17439/19965, rows 19965)
[  3033.9s]   [4,11] level 0: 1024 pivots (col 17441/19965, rows 19965)
[  3037.3s]   [4,11] level 0: 1026 pivots (col 17448/19965, rows 19965)
[  3040.7s]   [4,11] level 0: 1028 pivots (col 17450/19965, rows 19965)
[  3044.1s]   [4,11] level 0: 1030 pivots (col 17458/19965, rows 19965)
[  3047.5s]   [4,11] level 0: 1032 pivots (col 17480/19965, rows 19965)
[  3050.9s]   [4,11] level 0: 1034 pivots (col 17547/19965, rows 19965)
[  3054.3s]   [4,11] level 0: 1036 pivots (col 17549/19965, rows 19965)
[  3057.6s]   [4,11] level 0: 1038 pivots (col 17551/19965, rows 19965)
[  3061.0s]   [4,11] level 0: 1040 pivots (col 17558/19965, rows 19965)
[  3064.4s]   [4,11] level 0: 1042 pivots (col 17560/19965, rows 19965)
[  3067.9s]   [4,11] level 0: 1044 pivots (col 18635/19965, rows 19965)
[  3071.2s]   [4,11] level 0: 1046 pivots (col 18637/19965, rows 19965)
[  3074.6s]   [4,11] level 0: 1048 pivots (col 18639/19965, rows 19965)
[  3078.0s]   [4,11] level 0: 1050 pivots (col 18641/19965, rows 19965)
[  3081.4s]   [4,11] level 0: 1052 pivots (col 18647/19965, rows 19965)
[  3084.8s]   [4,11] level 0: 1054 pivots (col 18649/19965, rows 19965)
[  3088.2s]   [4,11] level 0: 1056 pivots (col 18651/19965, rows 19965)
[  3091.6s]   [4,11] level 0: 1058 pivots (col 18658/19965, rows 19965)
[  3094.9s]   [4,11] level 0: 1060 pivots (col 18660/19965, rows 19965)
[  3098.3s]   [4,11] level 0: 1062 pivots (col 18668/19965, rows 19965)
[  3101.7s]   [4,11] level 0: 1064 pivots (col 18690/19965, rows 19965)
[  3105.1s]   [4,11] level 0: 1066 pivots (col 18756/19965, rows 19965)
[  3108.5s]   [4,11] level 0: 1068 pivots (col 18758/19965, rows 19965)
[  3111.9s]   [4,11] level 0: 1070 pivots (col 18760/19965, rows 19965)
[  3115.2s]   [4,11] level 0: 1072 pivots (col 18767/19965, rows 19965)
[  3118.6s]   [4,11] level 0: 1074 pivots (col 18769/19965, rows 19965)
[  3122.0s]   [4,11] level 0: 1076 pivots (col 18771/19965, rows 19965)
[  3125.5s]   [4,11] level 0: 1078 pivots (col 18778/19965, rows 19965)
[  3128.9s]   [4,11] level 0: 1080 pivots (col 18780/19965, rows 19965)
[  3132.2s]   [4,11] level 0: 1082 pivots (col 18789/19965, rows 19965)
[  3135.6s]   [4,11] level 0: 1084 pivots (col 18811/19965, rows 19965)
[  3139.0s]   [4,11] level 0: 1086 pivots (col 18878/19965, rows 19965)
[  3142.4s]   [4,11] level 0: 1088 pivots (col 18880/19965, rows 19965)
[  3145.7s]   [4,11] level 0: 1090 pivots (col 18889/19965, rows 19965)
[  3149.1s]   [4,11] level 0: 1092 pivots (col 18891/19965, rows 19965)
[  3151.6s]   [4,11] level 0 done: 1093 divisors; residual 18872x18872
[  3154.0s]   [4,11] level 1: 2 pivots (col 4/18872, rows 18872)
[  3157.3s]   [4,11] level 1: 4 pivots (col 6/18872, rows 18872)
[  3160.7s]   [4,11] level 1: 6 pivots (col 8/18872, rows 18872)
[  3164.1s]   [4,11] level 1: 8 pivots (col 10/18872, rows 18872)
[  3167.4s]   [4,11] level 1: 10 pivots (col 12/18872, rows 18872)
[  3170.7s]   [4,11] level 1: 12 pivots (col 15/18872, rows 18872)
[  3174.0s]   [4,11] level 1: 14 pivots (col 17/18872, rows 18872)
[  3177.3s]   [4,11] level 1: 16 pivots (col 19/18872, rows 18872)
[  3180.6s]   [4,11] level 1: 18 pivots (col 21/18872, rows 18872)
[  3183.9s]   [4,11] level 1: 20 pivots (col 24/18872, rows 18872)
[  3187.4s]   [4,11] level 1: 22 pivots (col 26/18872, rows 18872)
[  3190.6s]   [4,11] level 1: 24 pivots (col 28/18872, rows 18872)
[  3194.0s]   [4,11] level 1: 26 pivots (col 30/18872, rows 18872)
[  3197.3s]   [4,11] level 1: 28 pivots (col 32/18872, rows 18872)
[  3200.6s]   [4,11] level 1: 30 pivots (col 35/18872, rows 18872)
[  3203.9s]   [4,11] level 1: 32 pivots (col 37/18872, rows 18872)
[  3207.2s]   [4,11] level 1: 34 pivots (col 39/18872, rows 18872)
[  3210.5s]   [4,11] level 1: 36 pivots (col 41/18872, rows 18872)
[  3213.8s]   [4,11] level 1: 38 pivots (col 44/18872, rows 18872)
[  3217.1s]   [4,11] level 1: 40 pivots (col 46/18872, rows 18872)
[  3220.4s]   [4,11] level 1: 42 pivots (col 48/18872, rows 18872)
[  3223.6s]   [4,11] level 1: 44 pivots (col 50/18872, rows 18872)
[  3226.9s]   [4,11] level 1: 46 pivots (col 52/18872, rows 18872)
[  3230.2s]   [4,11] level 1: 48 pivots (col 55/18872, rows 18872)
[  3233.5s]   [4,11] level 1: 50 pivots (col 57/18872, rows 18872)
[  3236.8s]   [4,11] level 1: 52 pivots (col 65/18872, rows 18872)
[  3240.2s]   [4,11] level 1: 54 pivots (col 86/18872, rows 18872)
[  3243.5s]   [4,11] level 1: 56 pivots (col 89/18872, rows 18872)
[  3246.8s]   [4,11] level 1: 58 pivots (col 92/18872, rows 18872)
[  3250.1s]   [4,11] level 1: 60 pivots (col 94/18872, rows 18872)
[  3253.4s]   [4,11] level 1: 62 pivots (col 96/18872, rows 18872)
[  3256.7s]   [4,11] level 1: 64 pivots (col 98/18872, rows 18872)
[  3259.9s]   [4,11] level 1: 66 pivots (col 101/18872, rows 18872)
[  3263.2s]   [4,11] level 1: 68 pivots (col 103/18872, rows 18872)
[  3266.5s]   [4,11] level 1: 70 pivots (col 105/18872, rows 18872)
[  3269.8s]   [4,11] level 1: 72 pivots (col 107/18872, rows 18872)
[  3273.1s]   [4,11] level 1: 74 pivots (col 109/18872, rows 18872)
[  3276.3s]   [4,11] level 1: 76 pivots (col 112/18872, rows 18872)
[  3279.6s]   [4,11] level 1: 78 pivots (col 114/18872, rows 18872)
[  3282.9s]   [4,11] level 1: 80 pivots (col 116/18872, rows 18872)
[  3286.2s]   [4,11] level 1: 82 pivots (col 118/18872, rows 18872)
[  3289.5s]   [4,11] level 1: 84 pivots (col 121/18872, rows 18872)
[  3293.0s]   [4,11] level 1: 86 pivots (col 123/18872, rows 18872)
[  3296.3s]   [4,11] level 1: 88 pivots (col 125/18872, rows 18872)
[  3299.6s]   [4,11] level 1: 90 pivots (col 127/18872, rows 18872)
[  3302.9s]   [4,11] level 1: 92 pivots (col 129/18872, rows 18872)
[  3306.1s]   [4,11] level 1: 94 pivots (col 132/18872, rows 18872)
[  3309.4s]   [4,11] level 1: 96 pivots (col 134/18872, rows 18872)
[  3312.7s]   [4,11] level 1: 98 pivots (col 136/18872, rows 18872)
[  3316.0s]   [4,11] level 1: 100 pivots (col 138/18872, rows 18872)
[  3319.2s]   [4,11] level 1: 102 pivots (col 142/18872, rows 18872)
[  3322.5s]   [4,11] level 1: 104 pivots (col 151/18872, rows 18872)
[  3325.8s]   [4,11] level 1: 106 pivots (col 172/18872, rows 18872)
[  3329.1s]   [4,11] level 1: 108 pivots (col 175/18872, rows 18872)
[  3332.3s]   [4,11] level 1: 110 pivots (col 178/18872, rows 18872)
[  3335.6s]   [4,11] level 1: 112 pivots (col 181/18872, rows 18872)
[  3338.8s]   [4,11] level 1: 114 pivots (col 183/18872, rows 18872)
[  3342.2s]   [4,11] level 1: 116 pivots (col 185/18872, rows 18872)
[  3345.5s]   [4,11] level 1: 118 pivots (col 187/18872, rows 18872)
[  3348.7s]   [4,11] level 1: 120 pivots (col 189/18872, rows 18872)
[  3352.0s]   [4,11] level 1: 122 pivots (col 192/18872, rows 18872)
[  3355.2s]   [4,11] level 1: 124 pivots (col 194/18872, rows 18872)
[  3358.5s]   [4,11] level 1: 126 pivots (col 196/18872, rows 18872)
[  3361.8s]   [4,11] level 1: 128 pivots (col 198/18872, rows 18872)
[  3365.0s]   [4,11] level 1: 130 pivots (col 201/18872, rows 18872)
[  3368.4s]   [4,11] level 1: 132 pivots (col 203/18872, rows 18872)
[  3371.6s]   [4,11] level 1: 134 pivots (col 205/18872, rows 18872)
[  3374.9s]   [4,11] level 1: 136 pivots (col 207/18872, rows 18872)
[  3378.1s]   [4,11] level 1: 138 pivots (col 209/18872, rows 18872)
[  3381.4s]   [4,11] level 1: 140 pivots (col 212/18872, rows 18872)
[  3384.7s]   [4,11] level 1: 142 pivots (col 214/18872, rows 18872)
[  3387.9s]   [4,11] level 1: 144 pivots (col 216/18872, rows 18872)
[  3391.2s]   [4,11] level 1: 146 pivots (col 218/18872, rows 18872)
[  3394.4s]   [4,11] level 1: 148 pivots (col 222/18872, rows 18872)
[  3397.7s]   [4,11] level 1: 150 pivots (col 224/18872, rows 18872)
[  3400.9s]   [4,11] level 1: 152 pivots (col 226/18872, rows 18872)
[  3404.2s]   [4,11] level 1: 154 pivots (col 231/18872, rows 18872)
[  3407.5s]   [4,11] level 1: 156 pivots (col 233/18872, rows 18872)
[  3410.7s]   [4,11] level 1: 158 pivots (col 242/18872, rows 18872)
[  3414.0s]   [4,11] level 1: 160 pivots (col 263/18872, rows 18872)
[  3417.2s]   [4,11] level 1: 162 pivots (col 265/18872, rows 18872)
[  3420.5s]   [4,11] level 1: 164 pivots (col 267/18872, rows 18872)
[  3423.7s]   [4,11] level 1: 166 pivots (col 269/18872, rows 18872)
[  3427.0s]   [4,11] level 1: 168 pivots (col 271/18872, rows 18872)
[  3430.3s]   [4,11] level 1: 170 pivots (col 274/18872, rows 18872)
[  3433.5s]   [4,11] level 1: 172 pivots (col 276/18872, rows 18872)
[  3436.8s]   [4,11] level 1: 174 pivots (col 278/18872, rows 18872)
[  3440.1s]   [4,11] level 1: 176 pivots (col 280/18872, rows 18872)
[  3443.3s]   [4,11] level 1: 178 pivots (col 282/18872, rows 18872)
[  3446.6s]   [4,11] level 1: 180 pivots (col 285/18872, rows 18872)
[  3449.8s]   [4,11] level 1: 182 pivots (col 287/18872, rows 18872)
[  3453.1s]   [4,11] level 1: 184 pivots (col 289/18872, rows 18872)
[  3456.3s]   [4,11] level 1: 186 pivots (col 291/18872, rows 18872)
[  3459.6s]   [4,11] level 1: 188 pivots (col 293/18872, rows 18872)
[  3462.9s]   [4,11] level 1: 190 pivots (col 296/18872, rows 18872)
[  3466.1s]   [4,11] level 1: 192 pivots (col 298/18872, rows 18872)
[  3469.3s]   [4,11] level 1: 194 pivots (col 300/18872, rows 18872)
[  3472.6s]   [4,11] level 1: 196 pivots (col 302/18872, rows 18872)
[  3475.8s]   [4,11] level 1: 198 pivots (col 304/18872, rows 18872)
[  3479.0s]   [4,11] level 1: 200 pivots (col 307/18872, rows 18872)
[  3482.3s]   [4,11] level 1: 202 pivots (col 309/18872, rows 18872)
[  3485.8s]   [4,11] level 1: 204 pivots (col 311/18872, rows 18872)
[  3489.0s]   [4,11] level 1: 206 pivots (col 313/18872, rows 18872)
[  3492.3s]   [4,11] level 1: 208 pivots (col 315/18872, rows 18872)
[  3494.3s]   [4,11] level 1: 209 pivots (col 317/18872, rows 18872)
[  3497.8s]   [4,11] level 1: 211 pivots (col 319/18872, rows 18872)
[  3501.3s]   [4,11] level 1: 213 pivots (col 321/18872, rows 18872)
[  3504.6s]   [4,11] level 1: 215 pivots (col 323/18872, rows 18872)
[  3507.8s]   [4,11] level 1: 217 pivots (col 325/18872, rows 18872)
[  3511.0s]   [4,11] level 1: 219 pivots (col 329/18872, rows 18872)
[  3514.3s]   [4,11] level 1: 221 pivots (col 331/18872, rows 18872)
[  3517.5s]   [4,11] level 1: 223 pivots (col 339/18872, rows 18872)
[  3520.7s]   [4,11] level 1: 225 pivots (col 341/18872, rows 18872)
[  3524.0s]   [4,11] level 1: 227 pivots (col 350/18872, rows 18872)
[  3527.3s]   [4,11] level 1: 229 pivots (col 352/18872, rows 18872)
[  3530.5s]   [4,11] level 1: 231 pivots (col 383/18872, rows 18872)
[  3533.7s]   [4,11] level 1: 233 pivots (col 385/18872, rows 18872)
[  3536.9s]   [4,11] level 1: 235 pivots (col 387/18872, rows 18872)
[  3540.1s]   [4,11] level 1: 237 pivots (col 389/18872, rows 18872)
[  3543.4s]   [4,11] level 1: 239 pivots (col 391/18872, rows 18872)
[  3546.6s]   [4,11] level 1: 241 pivots (col 394/18872, rows 18872)
[  3549.8s]   [4,11] level 1: 243 pivots (col 396/18872, rows 18872)
[  3553.1s]   [4,11] level 1: 245 pivots (col 398/18872, rows 18872)
[  3556.3s]   [4,11] level 1: 247 pivots (col 400/18872, rows 18872)
[  3559.5s]   [4,11] level 1: 249 pivots (col 402/18872, rows 18872)
[  3562.7s]   [4,11] level 1: 251 pivots (col 405/18872, rows 18872)
[  3565.9s]   [4,11] level 1: 253 pivots (col 407/18872, rows 18872)
[  3569.2s]   [4,11] level 1: 255 pivots (col 409/18872, rows 18872)
[  3572.4s]   [4,11] level 1: 257 pivots (col 411/18872, rows 18872)
[  3575.6s]   [4,11] level 1: 259 pivots (col 415/18872, rows 18872)
[  3578.8s]   [4,11] level 1: 261 pivots (col 417/18872, rows 18872)
[  3582.0s]   [4,11] level 1: 263 pivots (col 419/18872, rows 18872)
[  3585.2s]   [4,11] level 1: 265 pivots (col 421/18872, rows 18872)
[  3588.4s]   [4,11] level 1: 267 pivots (col 423/18872, rows 18872)
[  3591.6s]   [4,11] level 1: 269 pivots (col 427/18872, rows 18872)
[  3594.8s]   [4,11] level 1: 271 pivots (col 429/18872, rows 18872)
[  3598.0s]   [4,11] level 1: 273 pivots (col 431/18872, rows 18872)
[  3601.2s]   [4,11] level 1: 275 pivots (col 433/18872, rows 18872)
[  3604.4s]   [4,11] level 1: 277 pivots (col 437/18872, rows 18872)
[  3607.6s]   [4,11] level 1: 279 pivots (col 439/18872, rows 18872)
[  3610.8s]   [4,11] level 1: 281 pivots (col 441/18872, rows 18872)
[  3614.0s]   [4,11] level 1: 283 pivots (col 449/18872, rows 18872)
[  3617.3s]   [4,11] level 1: 285 pivots (col 451/18872, rows 18872)
[  3620.6s]   [4,11] level 1: 287 pivots (col 459/18872, rows 18872)
[  3623.8s]   [4,11] level 1: 289 pivots (col 461/18872, rows 18872)
[  3627.0s]   [4,11] level 1: 291 pivots (col 471/18872, rows 18872)
[  3630.2s]   [4,11] level 1: 293 pivots (col 503/18872, rows 18872)
[  3633.4s]   [4,11] level 1: 295 pivots (col 505/18872, rows 18872)
[  3636.6s]   [4,11] level 1: 297 pivots (col 507/18872, rows 18872)
[  3639.9s]   [4,11] level 1: 299 pivots (col 509/18872, rows 18872)
[  3643.2s]   [4,11] level 1: 301 pivots (col 511/18872, rows 18872)
[  3646.6s]   [4,11] level 1: 303 pivots (col 514/18872, rows 18872)
[  3649.8s]   [4,11] level 1: 305 pivots (col 516/18872, rows 18872)
[  3653.0s]   [4,11] level 1: 307 pivots (col 518/18872, rows 18872)
[  3656.2s]   [4,11] level 1: 309 pivots (col 520/18872, rows 18872)
[  3659.4s]   [4,11] level 1: 311 pivots (col 522/18872, rows 18872)
[  3662.6s]   [4,11] level 1: 313 pivots (col 525/18872, rows 18872)
[  3665.9s]   [4,11] level 1: 315 pivots (col 527/18872, rows 18872)
[  3669.1s]   [4,11] level 1: 317 pivots (col 529/18872, rows 18872)
[  3672.3s]   [4,11] level 1: 319 pivots (col 531/18872, rows 18872)
[  3675.5s]   [4,11] level 1: 321 pivots (col 535/18872, rows 18872)
[  3678.7s]   [4,11] level 1: 323 pivots (col 557/18872, rows 18872)
[  3681.9s]   [4,11] level 1: 325 pivots (col 579/18872, rows 18872)
[  3685.1s]   [4,11] level 1: 327 pivots (col 601/18872, rows 18872)
[  3688.3s]   [4,11] level 1: 329 pivots (col 624/18872, rows 18872)
[  3691.5s]   [4,11] level 1: 331 pivots (col 626/18872, rows 18872)
[  3694.7s]   [4,11] level 1: 333 pivots (col 628/18872, rows 18872)
[  3697.9s]   [4,11] level 1: 335 pivots (col 630/18872, rows 18872)
[  3701.1s]   [4,11] level 1: 337 pivots (col 633/18872, rows 18872)
[  3704.3s]   [4,11] level 1: 339 pivots (col 635/18872, rows 18872)
[  3707.5s]   [4,11] level 1: 341 pivots (col 637/18872, rows 18872)
[  3710.7s]   [4,11] level 1: 343 pivots (col 639/18872, rows 18872)
[  3713.9s]   [4,11] level 1: 345 pivots (col 641/18872, rows 18872)
[  3717.1s]   [4,11] level 1: 347 pivots (col 644/18872, rows 18872)
[  3720.2s]   [4,11] level 1: 349 pivots (col 646/18872, rows 18872)
[  3723.5s]   [4,11] level 1: 351 pivots (col 648/18872, rows 18872)
[  3726.7s]   [4,11] level 1: 353 pivots (col 650/18872, rows 18872)
[  3729.9s]   [4,11] level 1: 355 pivots (col 655/18872, rows 18872)
[  3733.1s]   [4,11] level 1: 357 pivots (col 677/18872, rows 18872)
[  3736.3s]   [4,11] level 1: 359 pivots (col 699/18872, rows 18872)
[  3739.5s]   [4,11] level 1: 361 pivots (col 721/18872, rows 18872)
[  3742.7s]   [4,11] level 1: 363 pivots (col 744/18872, rows 18872)
[  3745.8s]   [4,11] level 1: 365 pivots (col 746/18872, rows 18872)
[  3749.0s]   [4,11] level 1: 367 pivots (col 748/18872, rows 18872)
[  3752.2s]   [4,11] level 1: 369 pivots (col 750/18872, rows 18872)
[  3755.4s]   [4,11] level 1: 371 pivots (col 753/18872, rows 18872)
[  3758.6s]   [4,11] level 1: 373 pivots (col 755/18872, rows 18872)
[  3761.8s]   [4,11] level 1: 375 pivots (col 757/18872, rows 18872)
[  3765.0s]   [4,11] level 1: 377 pivots (col 759/18872, rows 18872)
[  3768.1s]   [4,11] level 1: 379 pivots (col 761/18872, rows 18872)
[  3771.3s]   [4,11] level 1: 381 pivots (col 765/18872, rows 18872)
[  3774.5s]   [4,11] level 1: 383 pivots (col 767/18872, rows 18872)
[  3777.7s]   [4,11] level 1: 385 pivots (col 769/18872, rows 18872)
[  3780.8s]   [4,11] level 1: 387 pivots (col 771/18872, rows 18872)
[  3784.0s]   [4,11] level 1: 389 pivots (col 786/18872, rows 18872)
[  3787.2s]   [4,11] level 1: 391 pivots (col 808/18872, rows 18872)
[  3790.4s]   [4,11] level 1: 393 pivots (col 830/18872, rows 18872)
[  3793.6s]   [4,11] level 1: 395 pivots (col 863/18872, rows 18872)
[  3796.8s]   [4,11] level 1: 397 pivots (col 865/18872, rows 18872)
[  3800.0s]   [4,11] level 1: 399 pivots (col 873/18872, rows 18872)
[  3803.2s]   [4,11] level 1: 401 pivots (col 875/18872, rows 18872)
[  3806.3s]   [4,11] level 1: 403 pivots (col 884/18872, rows 18872)
[  3809.5s]   [4,11] level 1: 405 pivots (col 886/18872, rows 18872)
[  3812.7s]   [4,11] level 1: 407 pivots (col 906/18872, rows 18872)
[  3815.9s]   [4,11] level 1: 409 pivots (col 984/18872, rows 18872)
[  3819.0s]   [4,11] level 1: 411 pivots (col 993/18872, rows 18872)
[  3822.2s]   [4,11] level 1: 413 pivots (col 995/18872, rows 18872)
[  3825.4s]   [4,11] level 1: 415 pivots (col 1005/18872, rows 18872)
[  3828.5s]   [4,11] level 1: 417 pivots (col 1015/18872, rows 18872)
[  3831.7s]   [4,11] level 1: 419 pivots (col 1227/18872, rows 18872)
[  3834.9s]   [4,11] level 1: 421 pivots (col 1229/18872, rows 18872)
[  3838.1s]   [4,11] level 1: 423 pivots (col 1232/18872, rows 18872)
[  3841.2s]   [4,11] level 1: 425 pivots (col 1234/18872, rows 18872)
[  3844.4s]   [4,11] level 1: 427 pivots (col 1236/18872, rows 18872)
[  3847.6s]   [4,11] level 1: 429 pivots (col 1238/18872, rows 18872)
[  3850.7s]   [4,11] level 1: 431 pivots (col 1241/18872, rows 18872)
[  3853.9s]   [4,11] level 1: 433 pivots (col 1243/18872, rows 18872)
[  3857.1s]   [4,11] level 1: 435 pivots (col 1245/18872, rows 18872)
[  3860.2s]   [4,11] level 1: 437 pivots (col 1247/18872, rows 18872)
[  3863.4s]   [4,11] level 1: 439 pivots (col 1249/18872, rows 18872)
[  3866.5s]   [4,11] level 1: 441 pivots (col 1252/18872, rows 18872)
[  3869.7s]   [4,11] level 1: 443 pivots (col 1254/18872, rows 18872)
[  3872.9s]   [4,11] level 1: 445 pivots (col 1256/18872, rows 18872)
[  3876.0s]   [4,11] level 1: 447 pivots (col 1258/18872, rows 18872)
[  3879.2s]   [4,11] level 1: 449 pivots (col 1261/18872, rows 18872)
[  3882.6s]   [4,11] level 1: 451 pivots (col 1263/18872, rows 18872)
[  3884.6s]   [4,11] level 1: 452 pivots (col 1264/18872, rows 18872)
[  3887.9s]   [4,11] level 1: 454 pivots (col 1266/18872, rows 18872)
[  3891.1s]   [4,11] level 1: 456 pivots (col 1268/18872, rows 18872)
[  3894.3s]   [4,11] level 1: 458 pivots (col 1271/18872, rows 18872)
[  3897.5s]   [4,11] level 1: 460 pivots (col 1273/18872, rows 18872)
[  3900.6s]   [4,11] level 1: 462 pivots (col 1275/18872, rows 18872)
[  3903.8s]   [4,11] level 1: 464 pivots (col 1277/18872, rows 18872)
[  3907.0s]   [4,11] level 1: 466 pivots (col 1279/18872, rows 18872)
[  3910.1s]   [4,11] level 1: 468 pivots (col 1282/18872, rows 18872)
[  3913.3s]   [4,11] level 1: 470 pivots (col 1314/18872, rows 18872)
[  3916.5s]   [4,11] level 1: 472 pivots (col 1317/18872, rows 18872)
[  3919.6s]   [4,11] level 1: 474 pivots (col 1320/18872, rows 18872)
[  3922.8s]   [4,11] level 1: 476 pivots (col 1322/18872, rows 18872)
[  3925.9s]   [4,11] level 1: 478 pivots (col 1324/18872, rows 18872)
[  3929.1s]   [4,11] level 1: 480 pivots (col 1326/18872, rows 18872)
[  3932.2s]   [4,11] level 1: 482 pivots (col 1328/18872, rows 18872)
[  3935.4s]   [4,11] level 1: 484 pivots (col 1331/18872, rows 18872)
[  3938.6s]   [4,11] level 1: 486 pivots (col 1333/18872, rows 18872)
[  3941.7s]   [4,11] level 1: 488 pivots (col 1335/18872, rows 18872)
[  3944.9s]   [4,11] level 1: 490 pivots (col 1337/18872, rows 18872)
[  3948.0s]   [4,11] level 1: 492 pivots (col 1340/18872, rows 18872)
[  3951.1s]   [4,11] level 1: 494 pivots (col 1342/18872, rows 18872)
[  3954.3s]   [4,11] level 1: 496 pivots (col 1344/18872, rows 18872)
[  3957.4s]   [4,11] level 1: 498 pivots (col 1346/18872, rows 18872)
[  3960.6s]   [4,11] level 1: 500 pivots (col 1348/18872, rows 18872)
[  3964.1s]   [4,11] level 1: 502 pivots (col 1351/18872, rows 18872)
[  3967.2s]   [4,11] level 1: 504 pivots (col 1353/18872, rows 18872)
[  3970.4s]   [4,11] level 1: 506 pivots (col 1355/18872, rows 18872)
[  3973.5s]   [4,11] level 1: 508 pivots (col 1357/18872, rows 18872)
[  3976.6s]   [4,11] level 1: 510 pivots (col 1360/18872, rows 18872)
[  3979.8s]   [4,11] level 1: 512 pivots (col 1362/18872, rows 18872)
[  3982.9s]   [4,11] level 1: 514 pivots (col 1364/18872, rows 18872)
[  3986.0s]   [4,11] level 1: 516 pivots (col 1366/18872, rows 18872)
[  3989.2s]   [4,11] level 1: 518 pivots (col 1370/18872, rows 18872)
[  3992.3s]   [4,11] level 1: 520 pivots (col 1372/18872, rows 18872)
[  3995.5s]   [4,11] level 1: 522 pivots (col 1404/18872, rows 18872)
[  3998.6s]   [4,11] level 1: 524 pivots (col 1406/18872, rows 18872)
[  4001.8s]   [4,11] level 1: 526 pivots (col 1409/18872, rows 18872)
[  4004.9s]   [4,11] level 1: 528 pivots (col 1411/18872, rows 18872)
[  4008.1s]   [4,11] level 1: 530 pivots (col 1414/18872, rows 18872)
[  4011.2s]   [4,11] level 1: 532 pivots (col 1416/18872, rows 18872)
[  4014.3s]   [4,11] level 1: 534 pivots (col 1418/18872, rows 18872)
[  4017.5s]   [4,11] level 1: 536 pivots (col 1420/18872, rows 18872)
[  4020.6s]   [4,11] level 1: 538 pivots (col 1423/18872, rows 18872)
[  4023.7s]   [4,11] level 1: 540 pivots (col 1425/18872, rows 18872)
[  4026.9s]   [4,11] level 1: 542 pivots (col 1427/18872, rows 18872)
[  4030.0s]   [4,11] level 1: 544 pivots (col 1429/18872, rows 18872)
[  4033.4s]   [4,11] level 1: 546 pivots (col 1431/18872, rows 18872)
[  4036.5s]   [4,11] level 1: 548 pivots (col 1434/18872, rows 18872)
[  4039.6s]   [4,11] level 1: 550 pivots (col 1436/18872, rows 18872)
[  4042.8s]   [4,11] level 1: 552 pivots (col 1438/18872, rows 18872)
[  4045.9s]   [4,11] level 1: 554 pivots (col 1440/18872, rows 18872)
[  4049.0s]   [4,11] level 1: 556 pivots (col 1443/18872, rows 18872)
[  4052.1s]   [4,11] level 1: 558 pivots (col 1445/18872, rows 18872)
[  4055.3s]   [4,11] level 1: 560 pivots (col 1447/18872, rows 18872)
[  4058.4s]   [4,11] level 1: 562 pivots (col 1449/18872, rows 18872)
[  4061.5s]   [4,11] level 1: 564 pivots (col 1453/18872, rows 18872)
[  4064.6s]   [4,11] level 1: 566 pivots (col 1455/18872, rows 18872)
[  4067.8s]   [4,11] level 1: 568 pivots (col 1457/18872, rows 18872)
[  4070.9s]   [4,11] level 1: 570 pivots (col 1459/18872, rows 18872)
[  4074.0s]   [4,11] level 1: 572 pivots (col 1464/18872, rows 18872)
[  4077.4s]   [4,11] level 1: 574 pivots (col 1466/18872, rows 18872)
[  4080.5s]   [4,11] level 1: 576 pivots (col 1497/18872, rows 18872)
[  4083.7s]   [4,11] level 1: 578 pivots (col 1499/18872, rows 18872)
[  4086.8s]   [4,11] level 1: 580 pivots (col 1501/18872, rows 18872)
[  4089.9s]   [4,11] level 1: 582 pivots (col 1503/18872, rows 18872)
[  4093.1s]   [4,11] level 1: 584 pivots (col 1506/18872, rows 18872)
[  4096.3s]   [4,11] level 1: 586 pivots (col 1508/18872, rows 18872)
[  4099.4s]   [4,11] level 1: 588 pivots (col 1510/18872, rows 18872)
[  4102.5s]   [4,11] level 1: 590 pivots (col 1512/18872, rows 18872)
[  4105.6s]   [4,11] level 1: 592 pivots (col 1514/18872, rows 18872)
[  4108.8s]   [4,11] level 1: 594 pivots (col 1517/18872, rows 18872)
[  4111.9s]   [4,11] level 1: 596 pivots (col 1519/18872, rows 18872)
[  4115.0s]   [4,11] level 1: 598 pivots (col 1521/18872, rows 18872)
[  4118.1s]   [4,11] level 1: 600 pivots (col 1523/18872, rows 18872)
[  4121.2s]   [4,11] level 1: 602 pivots (col 1525/18872, rows 18872)
[  4124.3s]   [4,11] level 1: 604 pivots (col 1528/18872, rows 18872)
[  4127.5s]   [4,11] level 1: 606 pivots (col 1530/18872, rows 18872)
[  4130.6s]   [4,11] level 1: 608 pivots (col 1532/18872, rows 18872)
[  4133.7s]   [4,11] level 1: 610 pivots (col 1534/18872, rows 18872)
[  4136.8s]   [4,11] level 1: 612 pivots (col 1536/18872, rows 18872)
[  4139.9s]   [4,11] level 1: 614 pivots (col 1539/18872, rows 18872)
[  4143.0s]   [4,11] level 1: 616 pivots (col 1541/18872, rows 18872)
[  4146.2s]   [4,11] level 1: 618 pivots (col 1543/18872, rows 18872)
[  4149.3s]   [4,11] level 1: 620 pivots (col 1545/18872, rows 18872)
[  4152.4s]   [4,11] level 1: 622 pivots (col 1547/18872, rows 18872)
[  4155.5s]   [4,11] level 1: 624 pivots (col 1550/18872, rows 18872)
[  4158.6s]   [4,11] level 1: 626 pivots (col 1552/18872, rows 18872)
[  4161.7s]   [4,11] level 1: 628 pivots (col 1554/18872, rows 18872)
[  4164.8s]   [4,11] level 1: 630 pivots (col 1556/18872, rows 18872)
[  4167.9s]   [4,11] level 1: 632 pivots (col 1558/18872, rows 18872)
[  4171.0s]   [4,11] level 1: 634 pivots (col 1562/18872, rows 18872)
[  4174.1s]   [4,11] level 1: 636 pivots (col 1564/18872, rows 18872)
[  4177.2s]   [4,11] level 1: 638 pivots (col 1572/18872, rows 18872)
[  4180.3s]   [4,11] level 1: 640 pivots (col 1574/18872, rows 18872)
[  4183.4s]   [4,11] level 1: 642 pivots (col 1584/18872, rows 18872)
[  4186.5s]   [4,11] level 1: 644 pivots (col 1617/18872, rows 18872)
[  4189.6s]   [4,11] level 1: 646 pivots (col 1619/18872, rows 18872)
[  4192.7s]   [4,11] level 1: 648 pivots (col 1621/18872, rows 18872)
[  4195.8s]   [4,11] level 1: 650 pivots (col 1623/18872, rows 18872)
[  4198.9s]   [4,11] level 1: 652 pivots (col 1626/18872, rows 18872)
[  4202.0s]   [4,11] level 1: 654 pivots (col 1628/18872, rows 18872)
[  4205.1s]   [4,11] level 1: 656 pivots (col 1630/18872, rows 18872)
[  4208.2s]   [4,11] level 1: 658 pivots (col 1632/18872, rows 18872)
[  4211.3s]   [4,11] level 1: 660 pivots (col 1634/18872, rows 18872)
[  4214.4s]   [4,11] level 1: 662 pivots (col 1638/18872, rows 18872)
[  4217.5s]   [4,11] level 1: 664 pivots (col 1640/18872, rows 18872)
[  4220.6s]   [4,11] level 1: 666 pivots (col 1642/18872, rows 18872)
[  4223.7s]   [4,11] level 1: 668 pivots (col 1644/18872, rows 18872)
[  4226.8s]   [4,11] level 1: 670 pivots (col 1648/18872, rows 18872)
[  4229.9s]   [4,11] level 1: 672 pivots (col 1650/18872, rows 18872)
[  4232.9s]   [4,11] level 1: 674 pivots (col 1652/18872, rows 18872)
[  4236.0s]   [4,11] level 1: 676 pivots (col 1654/18872, rows 18872)
[  4239.1s]   [4,11] level 1: 678 pivots (col 1656/18872, rows 18872)
[  4242.2s]   [4,11] level 1: 680 pivots (col 1660/18872, rows 18872)
[  4245.3s]   [4,11] level 1: 682 pivots (col 1662/18872, rows 18872)
[  4248.4s]   [4,11] level 1: 684 pivots (col 1664/18872, rows 18872)
[  4251.4s]   [4,11] level 1: 686 pivots (col 1666/18872, rows 18872)
[  4254.5s]   [4,11] level 1: 688 pivots (col 1671/18872, rows 18872)
[  4257.6s]   [4,11] level 1: 690 pivots (col 1673/18872, rows 18872)
[  4260.7s]   [4,11] level 1: 692 pivots (col 1681/18872, rows 18872)
[  4263.8s]   [4,11] level 1: 694 pivots (col 1683/18872, rows 18872)
[  4266.9s]   [4,11] level 1: 696 pivots (col 1692/18872, rows 18872)
[  4270.0s]   [4,11] level 1: 698 pivots (col 1703/18872, rows 18872)
[  4273.0s]   [4,11] level 1: 700 pivots (col 1737/18872, rows 18872)
[  4276.1s]   [4,11] level 1: 702 pivots (col 1739/18872, rows 18872)
[  4279.2s]   [4,11] level 1: 704 pivots (col 1741/18872, rows 18872)
[  4282.3s]   [4,11] level 1: 706 pivots (col 1743/18872, rows 18872)
[  4285.4s]   [4,11] level 1: 708 pivots (col 1745/18872, rows 18872)
[  4288.5s]   [4,11] level 1: 710 pivots (col 1748/18872, rows 18872)
[  4291.5s]   [4,11] level 1: 712 pivots (col 1750/18872, rows 18872)
[  4294.6s]   [4,11] level 1: 714 pivots (col 1752/18872, rows 18872)
[  4297.7s]   [4,11] level 1: 716 pivots (col 1754/18872, rows 18872)
[  4300.8s]   [4,11] level 1: 718 pivots (col 1758/18872, rows 18872)
[  4303.9s]   [4,11] level 1: 720 pivots (col 1760/18872, rows 18872)
[  4306.9s]   [4,11] level 1: 722 pivots (col 1762/18872, rows 18872)
[  4310.0s]   [4,11] level 1: 724 pivots (col 1764/18872, rows 18872)
[  4313.1s]   [4,11] level 1: 726 pivots (col 1780/18872, rows 18872)
[  4316.2s]   [4,11] level 1: 728 pivots (col 1802/18872, rows 18872)
[  4319.2s]   [4,11] level 1: 730 pivots (col 1824/18872, rows 18872)
[  4322.3s]   [4,11] level 1: 732 pivots (col 1858/18872, rows 18872)
[  4325.4s]   [4,11] level 1: 734 pivots (col 1860/18872, rows 18872)
[  4328.5s]   [4,11] level 1: 736 pivots (col 1862/18872, rows 18872)
[  4331.5s]   [4,11] level 1: 738 pivots (col 1864/18872, rows 18872)
[  4334.6s]   [4,11] level 1: 740 pivots (col 1866/18872, rows 18872)
[  4337.7s]   [4,11] level 1: 742 pivots (col 1869/18872, rows 18872)
[  4340.7s]   [4,11] level 1: 744 pivots (col 1871/18872, rows 18872)
[  4343.8s]   [4,11] level 1: 746 pivots (col 1873/18872, rows 18872)
[  4346.9s]   [4,11] level 1: 748 pivots (col 1875/18872, rows 18872)
[  4350.0s]   [4,11] level 1: 750 pivots (col 1879/18872, rows 18872)
[  4353.0s]   [4,11] level 1: 752 pivots (col 1881/18872, rows 18872)
[  4356.1s]   [4,11] level 1: 754 pivots (col 1883/18872, rows 18872)
[  4359.1s]   [4,11] level 1: 756 pivots (col 1885/18872, rows 18872)
[  4362.2s]   [4,11] level 1: 758 pivots (col 1901/18872, rows 18872)
[  4365.3s]   [4,11] level 1: 760 pivots (col 1923/18872, rows 18872)
[  4368.4s]   [4,11] level 1: 762 pivots (col 1945/18872, rows 18872)
[  4371.5s]   [4,11] level 1: 764 pivots (col 1979/18872, rows 18872)
[  4374.5s]   [4,11] level 1: 766 pivots (col 1981/18872, rows 18872)
[  4377.6s]   [4,11] level 1: 768 pivots (col 1983/18872, rows 18872)
[  4380.7s]   [4,11] level 1: 770 pivots (col 1985/18872, rows 18872)
[  4383.7s]   [4,11] level 1: 772 pivots (col 1987/18872, rows 18872)
[  4386.8s]   [4,11] level 1: 774 pivots (col 1990/18872, rows 18872)
[  4390.0s]   [4,11] level 1: 776 pivots (col 1992/18872, rows 18872)
[  4393.1s]   [4,11] level 1: 778 pivots (col 1994/18872, rows 18872)
[  4396.3s]   [4,11] level 1: 780 pivots (col 1996/18872, rows 18872)
[  4399.3s]   [4,11] level 1: 782 pivots (col 2000/18872, rows 18872)
[  4402.4s]   [4,11] level 1: 784 pivots (col 2002/18872, rows 18872)
[  4405.5s]   [4,11] level 1: 786 pivots (col 2004/18872, rows 18872)
[  4408.5s]   [4,11] level 1: 788 pivots (col 2006/18872, rows 18872)
[  4411.6s]   [4,11] level 1: 790 pivots (col 2022/18872, rows 18872)
[  4414.6s]   [4,11] level 1: 792 pivots (col 2044/18872, rows 18872)
[  4417.7s]   [4,11] level 1: 794 pivots (col 2066/18872, rows 18872)
[  4420.8s]   [4,11] level 1: 796 pivots (col 2100/18872, rows 18872)
[  4423.8s]   [4,11] level 1: 798 pivots (col 2102/18872, rows 18872)
[  4426.9s]   [4,11] level 1: 800 pivots (col 2110/18872, rows 18872)
[  4430.0s]   [4,11] level 1: 802 pivots (col 2112/18872, rows 18872)
[  4433.0s]   [4,11] level 1: 804 pivots (col 2121/18872, rows 18872)
[  4436.1s]   [4,11] level 1: 806 pivots (col 2123/18872, rows 18872)
[  4439.1s]   [4,11] level 1: 808 pivots (col 2143/18872, rows 18872)
[  4442.2s]   [4,11] level 1: 810 pivots (col 2221/18872, rows 18872)
[  4445.3s]   [4,11] level 1: 812 pivots (col 2223/18872, rows 18872)
[  4448.3s]   [4,11] level 1: 814 pivots (col 2232/18872, rows 18872)
[  4451.4s]   [4,11] level 1: 816 pivots (col 2242/18872, rows 18872)
[  4454.4s]   [4,11] level 1: 818 pivots (col 2253/18872, rows 18872)
[  4457.5s]   [4,11] level 1: 820 pivots (col 2464/18872, rows 18872)
[  4460.5s]   [4,11] level 1: 822 pivots (col 2466/18872, rows 18872)
[  4463.6s]   [4,11] level 1: 824 pivots (col 2469/18872, rows 18872)
[  4466.6s]   [4,11] level 1: 826 pivots (col 2471/18872, rows 18872)
[  4469.7s]   [4,11] level 1: 828 pivots (col 2474/18872, rows 18872)
[  4472.8s]   [4,11] level 1: 830 pivots (col 2476/18872, rows 18872)
[  4475.8s]   [4,11] level 1: 832 pivots (col 2478/18872, rows 18872)
[  4478.9s]   [4,11] level 1: 834 pivots (col 2480/18872, rows 18872)
[  4481.9s]   [4,11] level 1: 836 pivots (col 2483/18872, rows 18872)
[  4485.0s]   [4,11] level 1: 838 pivots (col 2485/18872, rows 18872)
[  4488.0s]   [4,11] level 1: 840 pivots (col 2487/18872, rows 18872)
[  4491.1s]   [4,11] level 1: 842 pivots (col 2489/18872, rows 18872)
[  4494.1s]   [4,11] level 1: 844 pivots (col 2491/18872, rows 18872)
[  4497.2s]   [4,11] level 1: 846 pivots (col 2494/18872, rows 18872)
[  4500.2s]   [4,11] level 1: 848 pivots (col 2496/18872, rows 18872)
[  4503.2s]   [4,11] level 1: 850 pivots (col 2498/18872, rows 18872)
[  4506.3s]   [4,11] level 1: 852 pivots (col 2500/18872, rows 18872)
[  4509.3s]   [4,11] level 1: 854 pivots (col 2503/18872, rows 18872)
[  4512.4s]   [4,11] level 1: 856 pivots (col 2505/18872, rows 18872)
[  4515.4s]   [4,11] level 1: 858 pivots (col 2507/18872, rows 18872)
[  4518.5s]   [4,11] level 1: 860 pivots (col 2509/18872, rows 18872)
[  4521.5s]   [4,11] level 1: 862 pivots (col 2511/18872, rows 18872)
[  4524.5s]   [4,11] level 1: 864 pivots (col 2514/18872, rows 18872)
[  4527.6s]   [4,11] level 1: 866 pivots (col 2516/18872, rows 18872)
[  4530.6s]   [4,11] level 1: 868 pivots (col 2518/18872, rows 18872)
[  4533.7s]   [4,11] level 1: 870 pivots (col 2520/18872, rows 18872)
[  4536.7s]   [4,11] level 1: 872 pivots (col 2556/18872, rows 18872)
[  4539.7s]   [4,11] level 1: 874 pivots (col 2559/18872, rows 18872)
[  4542.8s]   [4,11] level 1: 876 pivots (col 2562/18872, rows 18872)
[  4545.8s]   [4,11] level 1: 878 pivots (col 2564/18872, rows 18872)
[  4548.8s]   [4,11] level 1: 880 pivots (col 2567/18872, rows 18872)
[  4551.8s]   [4,11] level 1: 882 pivots (col 2569/18872, rows 18872)
[  4554.9s]   [4,11] level 1: 884 pivots (col 2571/18872, rows 18872)
[  4557.9s]   [4,11] level 1: 886 pivots (col 2573/18872, rows 18872)
[  4560.9s]   [4,11] level 1: 888 pivots (col 2575/18872, rows 18872)
[  4564.0s]   [4,11] level 1: 890 pivots (col 2578/18872, rows 18872)
[  4567.0s]   [4,11] level 1: 892 pivots (col 2580/18872, rows 18872)
[  4570.0s]   [4,11] level 1: 894 pivots (col 2582/18872, rows 18872)
[  4573.0s]   [4,11] level 1: 896 pivots (col 2584/18872, rows 18872)
[  4576.1s]   [4,11] level 1: 898 pivots (col 2587/18872, rows 18872)
[  4579.1s]   [4,11] level 1: 900 pivots (col 2589/18872, rows 18872)
[  4582.1s]   [4,11] level 1: 902 pivots (col 2591/18872, rows 18872)
[  4585.1s]   [4,11] level 1: 904 pivots (col 2593/18872, rows 18872)
[  4588.2s]   [4,11] level 1: 906 pivots (col 2595/18872, rows 18872)
[  4591.2s]   [4,11] level 1: 908 pivots (col 2598/18872, rows 18872)
[  4594.2s]   [4,11] level 1: 910 pivots (col 2600/18872, rows 18872)
[  4597.2s]   [4,11] level 1: 912 pivots (col 2602/18872, rows 18872)
[  4600.3s]   [4,11] level 1: 914 pivots (col 2604/18872, rows 18872)
[  4603.3s]   [4,11] level 1: 916 pivots (col 2607/18872, rows 18872)
[  4606.4s]   [4,11] level 1: 918 pivots (col 2609/18872, rows 18872)
[  4609.4s]   [4,11] level 1: 920 pivots (col 2611/18872, rows 18872)
[  4612.4s]   [4,11] level 1: 922 pivots (col 2613/18872, rows 18872)
[  4615.4s]   [4,11] level 1: 924 pivots (col 2650/18872, rows 18872)
[  4618.5s]   [4,11] level 1: 926 pivots (col 2653/18872, rows 18872)
[  4621.5s]   [4,11] level 1: 928 pivots (col 2656/18872, rows 18872)
[  4624.5s]   [4,11] level 1: 930 pivots (col 2658/18872, rows 18872)
[  4627.5s]   [4,11] level 1: 932 pivots (col 2661/18872, rows 18872)
[  4630.5s]   [4,11] level 1: 934 pivots (col 2663/18872, rows 18872)
[  4633.5s]   [4,11] level 1: 936 pivots (col 2665/18872, rows 18872)
[  4636.6s]   [4,11] level 1: 938 pivots (col 2667/18872, rows 18872)
[  4639.6s]   [4,11] level 1: 940 pivots (col 2669/18872, rows 18872)
[  4642.6s]   [4,11] level 1: 942 pivots (col 2672/18872, rows 18872)
[  4645.6s]   [4,11] level 1: 944 pivots (col 2674/18872, rows 18872)
[  4648.6s]   [4,11] level 1: 946 pivots (col 2676/18872, rows 18872)
[  4651.6s]   [4,11] level 1: 948 pivots (col 2678/18872, rows 18872)
[  4654.6s]   [4,11] level 1: 950 pivots (col 2681/18872, rows 18872)
[  4657.6s]   [4,11] level 1: 952 pivots (col 2683/18872, rows 18872)
[  4660.8s]   [4,11] level 1: 954 pivots (col 2685/18872, rows 18872)
[  4663.9s]   [4,11] level 1: 956 pivots (col 2687/18872, rows 18872)
[  4666.9s]   [4,11] level 1: 958 pivots (col 2689/18872, rows 18872)
[  4669.9s]   [4,11] level 1: 960 pivots (col 2692/18872, rows 18872)
[  4672.9s]   [4,11] level 1: 962 pivots (col 2694/18872, rows 18872)
[  4675.9s]   [4,11] level 1: 964 pivots (col 2696/18872, rows 18872)
[  4678.9s]   [4,11] level 1: 966 pivots (col 2698/18872, rows 18872)
[  4681.9s]   [4,11] level 1: 968 pivots (col 2702/18872, rows 18872)
[  4684.9s]   [4,11] level 1: 970 pivots (col 2704/18872, rows 18872)
[  4687.9s]   [4,11] level 1: 972 pivots (col 2706/18872, rows 18872)
[  4691.0s]   [4,11] level 1: 974 pivots (col 2744/18872, rows 18872)
[  4694.0s]   [4,11] level 1: 976 pivots (col 2746/18872, rows 18872)
[  4697.1s]   [4,11] level 1: 978 pivots (col 2748/18872, rows 18872)
[  4700.1s]   [4,11] level 1: 980 pivots (col 2750/18872, rows 18872)
[  4703.1s]   [4,11] level 1: 982 pivots (col 2752/18872, rows 18872)
[  4706.1s]   [4,11] level 1: 984 pivots (col 2755/18872, rows 18872)
[  4709.1s]   [4,11] level 1: 986 pivots (col 2757/18872, rows 18872)
[  4712.1s]   [4,11] level 1: 988 pivots (col 2759/18872, rows 18872)
[  4715.1s]   [4,11] level 1: 990 pivots (col 2761/18872, rows 18872)
[  4718.1s]   [4,11] level 1: 992 pivots (col 2763/18872, rows 18872)
[  4721.1s]   [4,11] level 1: 994 pivots (col 2766/18872, rows 18872)
[  4724.1s]   [4,11] level 1: 996 pivots (col 2768/18872, rows 18872)
[  4727.2s]   [4,11] level 1: 998 pivots (col 2770/18872, rows 18872)
[  4730.2s]   [4,11] level 1: 1000 pivots (col 2772/18872, rows 18872)
[  4733.2s]   [4,11] level 1: 1002 pivots (col 2774/18872, rows 18872)
[  4736.2s]   [4,11] level 1: 1004 pivots (col 2777/18872, rows 18872)
[  4739.2s]   [4,11] level 1: 1006 pivots (col 2779/18872, rows 18872)
[  4742.2s]   [4,11] level 1: 1008 pivots (col 2781/18872, rows 18872)
[  4745.2s]   [4,11] level 1: 1010 pivots (col 2783/18872, rows 18872)
[  4748.2s]   [4,11] level 1: 1012 pivots (col 2785/18872, rows 18872)
[  4751.2s]   [4,11] level 1: 1014 pivots (col 2788/18872, rows 18872)
[  4754.1s]   [4,11] level 1: 1016 pivots (col 2790/18872, rows 18872)
[  4757.1s]   [4,11] level 1: 1018 pivots (col 2792/18872, rows 18872)
[  4760.1s]   [4,11] level 1: 1020 pivots (col 2794/18872, rows 18872)
[  4763.1s]   [4,11] level 1: 1022 pivots (col 2796/18872, rows 18872)
[  4766.1s]   [4,11] level 1: 1024 pivots (col 2799/18872, rows 18872)
[  4769.1s]   [4,11] level 1: 1026 pivots (col 2801/18872, rows 18872)
[  4772.1s]   [4,11] level 1: 1028 pivots (col 2803/18872, rows 18872)
[  4775.1s]   [4,11] level 1: 1030 pivots (col 2805/18872, rows 18872)
[  4778.0s]   [4,11] level 1: 1032 pivots (col 2809/18872, rows 18872)
[  4781.0s]   [4,11] level 1: 1034 pivots (col 2811/18872, rows 18872)
[  4784.0s]   [4,11] level 1: 1036 pivots (col 2813/18872, rows 18872)
[  4787.0s]   [4,11] level 1: 1038 pivots (col 2821/18872, rows 18872)
[  4790.0s]   [4,11] level 1: 1040 pivots (col 2864/18872, rows 18872)
[  4793.0s]   [4,11] level 1: 1042 pivots (col 2866/18872, rows 18872)
[  4795.9s]   [4,11] level 1: 1044 pivots (col 2868/18872, rows 18872)
[  4798.9s]   [4,11] level 1: 1046 pivots (col 2870/18872, rows 18872)
[  4801.9s]   [4,11] level 1: 1048 pivots (col 2874/18872, rows 18872)
[  4804.9s]   [4,11] level 1: 1050 pivots (col 2876/18872, rows 18872)
[  4807.9s]   [4,11] level 1: 1052 pivots (col 2878/18872, rows 18872)
[  4810.9s]   [4,11] level 1: 1054 pivots (col 2880/18872, rows 18872)
[  4813.9s]   [4,11] level 1: 1056 pivots (col 2882/18872, rows 18872)
[  4816.8s]   [4,11] level 1: 1058 pivots (col 2886/18872, rows 18872)
[  4819.8s]   [4,11] level 1: 1060 pivots (col 2888/18872, rows 18872)
[  4822.8s]   [4,11] level 1: 1062 pivots (col 2890/18872, rows 18872)
[  4825.8s]   [4,11] level 1: 1064 pivots (col 2892/18872, rows 18872)
[  4828.7s]   [4,11] level 1: 1066 pivots (col 2896/18872, rows 18872)
[  4831.7s]   [4,11] level 1: 1068 pivots (col 2898/18872, rows 18872)
[  4834.7s]   [4,11] level 1: 1070 pivots (col 2900/18872, rows 18872)
[  4837.6s]   [4,11] level 1: 1072 pivots (col 2902/18872, rows 18872)
[  4840.6s]   [4,11] level 1: 1074 pivots (col 2904/18872, rows 18872)
[  4843.6s]   [4,11] level 1: 1076 pivots (col 2908/18872, rows 18872)
[  4846.6s]   [4,11] level 1: 1078 pivots (col 2910/18872, rows 18872)
[  4849.6s]   [4,11] level 1: 1080 pivots (col 2912/18872, rows 18872)
[  4852.6s]   [4,11] level 1: 1082 pivots (col 2914/18872, rows 18872)
[  4855.5s]   [4,11] level 1: 1084 pivots (col 2919/18872, rows 18872)
[  4858.5s]   [4,11] level 1: 1086 pivots (col 2921/18872, rows 18872)
[  4861.5s]   [4,11] level 1: 1088 pivots (col 2930/18872, rows 18872)
[  4864.5s]   [4,11] level 1: 1090 pivots (col 2940/18872, rows 18872)
[  4867.5s]   [4,11] level 1: 1092 pivots (col 2984/18872, rows 18872)
[  4870.4s]   [4,11] level 1: 1094 pivots (col 2986/18872, rows 18872)
[  4873.4s]   [4,11] level 1: 1096 pivots (col 2988/18872, rows 18872)
[  4876.3s]   [4,11] level 1: 1098 pivots (col 2990/18872, rows 18872)
[  4879.3s]   [4,11] level 1: 1100 pivots (col 2992/18872, rows 18872)
[  4882.3s]   [4,11] level 1: 1102 pivots (col 2996/18872, rows 18872)
[  4885.2s]   [4,11] level 1: 1104 pivots (col 2998/18872, rows 18872)
[  4888.2s]   [4,11] level 1: 1106 pivots (col 3000/18872, rows 18872)
[  4891.2s]   [4,11] level 1: 1108 pivots (col 3006/18872, rows 18872)
[  4894.1s]   [4,11] level 1: 1110 pivots (col 3008/18872, rows 18872)
[  4897.1s]   [4,11] level 1: 1112 pivots (col 3010/18872, rows 18872)
[  4900.1s]   [4,11] level 1: 1114 pivots (col 3017/18872, rows 18872)
[  4903.0s]   [4,11] level 1: 1116 pivots (col 3039/18872, rows 18872)
[  4906.0s]   [4,11] level 1: 1118 pivots (col 3061/18872, rows 18872)
[  4909.0s]   [4,11] level 1: 1120 pivots (col 3106/18872, rows 18872)
[  4911.9s]   [4,11] level 1: 1122 pivots (col 3108/18872, rows 18872)
[  4914.9s]   [4,11] level 1: 1124 pivots (col 3110/18872, rows 18872)
[  4917.8s]   [4,11] level 1: 1126 pivots (col 3112/18872, rows 18872)
[  4920.8s]   [4,11] level 1: 1128 pivots (col 3116/18872, rows 18872)
[  4923.7s]   [4,11] level 1: 1130 pivots (col 3118/18872, rows 18872)
[  4926.7s]   [4,11] level 1: 1132 pivots (col 3120/18872, rows 18872)
[  4929.7s]   [4,11] level 1: 1134 pivots (col 3122/18872, rows 18872)
[  4932.6s]   [4,11] level 1: 1136 pivots (col 3128/18872, rows 18872)
[  4935.6s]   [4,11] level 1: 1138 pivots (col 3130/18872, rows 18872)
[  4938.5s]   [4,11] level 1: 1140 pivots (col 3132/18872, rows 18872)
[  4941.5s]   [4,11] level 1: 1142 pivots (col 3149/18872, rows 18872)
[  4944.4s]   [4,11] level 1: 1144 pivots (col 3171/18872, rows 18872)
[  4947.4s]   [4,11] level 1: 1146 pivots (col 3226/18872, rows 18872)
[  4950.4s]   [4,11] level 1: 1148 pivots (col 3228/18872, rows 18872)
[  4953.3s]   [4,11] level 1: 1150 pivots (col 3230/18872, rows 18872)
[  4956.3s]   [4,11] level 1: 1152 pivots (col 3232/18872, rows 18872)
[  4959.2s]   [4,11] level 1: 1154 pivots (col 3234/18872, rows 18872)
[  4962.2s]   [4,11] level 1: 1156 pivots (col 3238/18872, rows 18872)
[  4965.2s]   [4,11] level 1: 1158 pivots (col 3240/18872, rows 18872)
[  4968.1s]   [4,11] level 1: 1160 pivots (col 3242/18872, rows 18872)
[  4971.1s]   [4,11] level 1: 1162 pivots (col 3248/18872, rows 18872)
[  4974.1s]   [4,11] level 1: 1164 pivots (col 3250/18872, rows 18872)
[  4977.0s]   [4,11] level 1: 1166 pivots (col 3252/18872, rows 18872)
[  4980.0s]   [4,11] level 1: 1168 pivots (col 3259/18872, rows 18872)
[  4982.9s]   [4,11] level 1: 1170 pivots (col 3281/18872, rows 18872)
[  4985.9s]   [4,11] level 1: 1172 pivots (col 3303/18872, rows 18872)
[  4988.8s]   [4,11] level 1: 1174 pivots (col 3348/18872, rows 18872)
[  4991.8s]   [4,11] level 1: 1176 pivots (col 3350/18872, rows 18872)
[  4994.7s]   [4,11] level 1: 1178 pivots (col 3358/18872, rows 18872)
[  4997.6s]   [4,11] level 1: 1180 pivots (col 3360/18872, rows 18872)
[  5000.6s]   [4,11] level 1: 1182 pivots (col 3369/18872, rows 18872)
[  5003.5s]   [4,11] level 1: 1184 pivots (col 3371/18872, rows 18872)
[  5006.5s]   [4,11] level 1: 1186 pivots (col 3391/18872, rows 18872)
[  5009.4s]   [4,11] level 1: 1188 pivots (col 3469/18872, rows 18872)
[  5012.4s]   [4,11] level 1: 1190 pivots (col 3471/18872, rows 18872)
[  5015.3s]   [4,11] level 1: 1192 pivots (col 3480/18872, rows 18872)
[  5018.3s]   [4,11] level 1: 1194 pivots (col 3490/18872, rows 18872)
[  5021.2s]   [4,11] level 1: 1196 pivots (col 3501/18872, rows 18872)
[  5024.3s]   [4,11] level 1: 1198 pivots (col 3713/18872, rows 18872)
[  5027.2s]   [4,11] level 1: 1200 pivots (col 3716/18872, rows 18872)
[  5030.2s]   [4,11] level 1: 1202 pivots (col 3718/18872, rows 18872)
[  5033.1s]   [4,11] level 1: 1204 pivots (col 3720/18872, rows 18872)
[  5036.1s]   [4,11] level 1: 1206 pivots (col 3722/18872, rows 18872)
[  5039.4s]   [4,11] level 1: 1208 pivots (col 3724/18872, rows 18872)
[  5042.3s]   [4,11] level 1: 1210 pivots (col 3727/18872, rows 18872)
[  5045.5s]   [4,11] level 1: 1212 pivots (col 3729/18872, rows 18872)
[  5048.5s]   [4,11] level 1: 1214 pivots (col 3731/18872, rows 18872)
[  5051.4s]   [4,11] level 1: 1216 pivots (col 3733/18872, rows 18872)
[  5054.4s]   [4,11] level 1: 1218 pivots (col 3736/18872, rows 18872)
[  5057.3s]   [4,11] level 1: 1220 pivots (col 3738/18872, rows 18872)
[  5060.2s]   [4,11] level 1: 1222 pivots (col 3740/18872, rows 18872)
[  5063.1s]   [4,11] level 1: 1224 pivots (col 3742/18872, rows 18872)
[  5066.1s]   [4,11] level 1: 1226 pivots (col 3744/18872, rows 18872)
[  5069.2s]   [4,11] level 1: 1228 pivots (col 3747/18872, rows 18872)
[  5072.2s]   [4,11] level 1: 1230 pivots (col 3749/18872, rows 18872)
[  5075.2s]   [4,11] level 1: 1232 pivots (col 3751/18872, rows 18872)
[  5078.1s]   [4,11] level 1: 1234 pivots (col 3753/18872, rows 18872)
[  5081.0s]   [4,11] level 1: 1236 pivots (col 3756/18872, rows 18872)
[  5084.0s]   [4,11] level 1: 1238 pivots (col 3758/18872, rows 18872)
[  5086.9s]   [4,11] level 1: 1240 pivots (col 3760/18872, rows 18872)
[  5089.9s]   [4,11] level 1: 1242 pivots (col 3762/18872, rows 18872)
[  5093.6s]   [4,11] level 1: 1244 pivots (col 3764/18872, rows 18872)
[  5097.1s]   [4,11] level 1: 1246 pivots (col 3767/18872, rows 18872)
[  5100.0s]   [4,11] level 1: 1248 pivots (col 3776/18872, rows 18872)
[  5103.0s]   [4,11] level 1: 1250 pivots (col 3797/18872, rows 18872)
[  5105.9s]   [4,11] level 1: 1252 pivots (col 3800/18872, rows 18872)
[  5108.9s]   [4,11] level 1: 1254 pivots (col 3803/18872, rows 18872)
[  5111.8s]   [4,11] level 1: 1256 pivots (col 3806/18872, rows 18872)
[  5114.7s]   [4,11] level 1: 1258 pivots (col 3808/18872, rows 18872)
[  5117.7s]   [4,11] level 1: 1260 pivots (col 3810/18872, rows 18872)
[  5120.6s]   [4,11] level 1: 1262 pivots (col 3812/18872, rows 18872)
[  5123.9s]   [4,11] level 1: 1264 pivots (col 3814/18872, rows 18872)
[  5126.9s]   [4,11] level 1: 1266 pivots (col 3817/18872, rows 18872)
[  5129.8s]   [4,11] level 1: 1268 pivots (col 3819/18872, rows 18872)
[  5132.7s]   [4,11] level 1: 1270 pivots (col 3821/18872, rows 18872)
[  5135.7s]   [4,11] level 1: 1272 pivots (col 3823/18872, rows 18872)
[  5138.6s]   [4,11] level 1: 1274 pivots (col 3826/18872, rows 18872)
[  5141.5s]   [4,11] level 1: 1276 pivots (col 3828/18872, rows 18872)
[  5144.5s]   [4,11] level 1: 1278 pivots (col 3830/18872, rows 18872)
[  5147.4s]   [4,11] level 1: 1280 pivots (col 3832/18872, rows 18872)
[  5150.4s]   [4,11] level 1: 1282 pivots (col 3834/18872, rows 18872)
[  5153.3s]   [4,11] level 1: 1284 pivots (col 3837/18872, rows 18872)
[  5156.2s]   [4,11] level 1: 1286 pivots (col 3839/18872, rows 18872)
[  5159.1s]   [4,11] level 1: 1288 pivots (col 3841/18872, rows 18872)
[  5162.4s]   [4,11] level 1: 1290 pivots (col 3843/18872, rows 18872)
[  5165.7s]   [4,11] level 1: 1292 pivots (col 3846/18872, rows 18872)
[  5169.0s]   [4,11] level 1: 1294 pivots (col 3848/18872, rows 18872)
[  5172.4s]   [4,11] level 1: 1296 pivots (col 3850/18872, rows 18872)
[  5175.3s]   [4,11] level 1: 1298 pivots (col 3852/18872, rows 18872)
[  5178.2s]   [4,11] level 1: 1300 pivots (col 3856/18872, rows 18872)
[  5181.2s]   [4,11] level 1: 1302 pivots (col 3858/18872, rows 18872)
[  5184.2s]   [4,11] level 1: 1304 pivots (col 3867/18872, rows 18872)
[  5187.3s]   [4,11] level 1: 1306 pivots (col 3888/18872, rows 18872)
[  5190.2s]   [4,11] level 1: 1308 pivots (col 3891/18872, rows 18872)
[  5193.4s]   [4,11] level 1: 1310 pivots (col 3893/18872, rows 18872)
[  5196.4s]   [4,11] level 1: 1312 pivots (col 3896/18872, rows 18872)
[  5199.3s]   [4,11] level 1: 1314 pivots (col 3898/18872, rows 18872)
[  5202.3s]   [4,11] level 1: 1316 pivots (col 3900/18872, rows 18872)
[  5205.2s]   [4,11] level 1: 1318 pivots (col 3902/18872, rows 18872)
[  5208.1s]   [4,11] level 1: 1320 pivots (col 3905/18872, rows 18872)
[  5211.0s]   [4,11] level 1: 1322 pivots (col 3907/18872, rows 18872)
[  5213.9s]   [4,11] level 1: 1324 pivots (col 3909/18872, rows 18872)
[  5216.9s]   [4,11] level 1: 1326 pivots (col 3911/18872, rows 18872)
[  5219.8s]   [4,11] level 1: 1328 pivots (col 3913/18872, rows 18872)
[  5222.7s]   [4,11] level 1: 1330 pivots (col 3916/18872, rows 18872)
[  5225.6s]   [4,11] level 1: 1332 pivots (col 3918/18872, rows 18872)
[  5228.5s]   [4,11] level 1: 1334 pivots (col 3920/18872, rows 18872)
[  5231.7s]   [4,11] level 1: 1336 pivots (col 3922/18872, rows 18872)
[  5234.6s]   [4,11] level 1: 1338 pivots (col 3925/18872, rows 18872)
[  5237.5s]   [4,11] level 1: 1340 pivots (col 3927/18872, rows 18872)
[  5240.4s]   [4,11] level 1: 1342 pivots (col 3929/18872, rows 18872)
[  5243.4s]   [4,11] level 1: 1344 pivots (col 3931/18872, rows 18872)
[  5246.3s]   [4,11] level 1: 1346 pivots (col 3933/18872, rows 18872)
[  5249.2s]   [4,11] level 1: 1348 pivots (col 3936/18872, rows 18872)
[  5252.1s]   [4,11] level 1: 1350 pivots (col 3938/18872, rows 18872)
[  5255.1s]   [4,11] level 1: 1352 pivots (col 3940/18872, rows 18872)
[  5257.9s]   [4,11] level 1: 1354 pivots (col 3942/18872, rows 18872)
[  5260.8s]   [4,11] level 1: 1356 pivots (col 3946/18872, rows 18872)
[  5263.7s]   [4,11] level 1: 1358 pivots (col 3948/18872, rows 18872)
[  5266.6s]   [4,11] level 1: 1360 pivots (col 3950/18872, rows 18872)
[  5269.5s]   [4,11] level 1: 1362 pivots (col 3952/18872, rows 18872)
[  5272.5s]   [4,11] level 1: 1364 pivots (col 3957/18872, rows 18872)
[  5275.4s]   [4,11] level 1: 1366 pivots (col 3967/18872, rows 18872)
[  5278.3s]   [4,11] level 1: 1368 pivots (col 3989/18872, rows 18872)
[  5281.3s]   [4,11] level 1: 1370 pivots (col 3991/18872, rows 18872)
[  5284.3s]   [4,11] level 1: 1372 pivots (col 3993/18872, rows 18872)
[  5287.2s]   [4,11] level 1: 1374 pivots (col 3995/18872, rows 18872)
[  5290.2s]   [4,11] level 1: 1376 pivots (col 3997/18872, rows 18872)
[  5293.3s]   [4,11] level 1: 1378 pivots (col 4000/18872, rows 18872)
[  5296.3s]   [4,11] level 1: 1380 pivots (col 4002/18872, rows 18872)
[  5299.3s]   [4,11] level 1: 1382 pivots (col 4004/18872, rows 18872)
[  5302.4s]   [4,11] level 1: 1384 pivots (col 4006/18872, rows 18872)
[  5305.5s]   [4,11] level 1: 1386 pivots (col 4008/18872, rows 18872)
[  5308.4s]   [4,11] level 1: 1388 pivots (col 4011/18872, rows 18872)
[  5311.9s]   [4,11] level 1: 1390 pivots (col 4013/18872, rows 18872)
[  5314.8s]   [4,11] level 1: 1392 pivots (col 4015/18872, rows 18872)
[  5317.8s]   [4,11] level 1: 1394 pivots (col 4017/18872, rows 18872)
[  5320.7s]   [4,11] level 1: 1396 pivots (col 4019/18872, rows 18872)
[  5323.6s]   [4,11] level 1: 1398 pivots (col 4022/18872, rows 18872)
[  5326.6s]   [4,11] level 1: 1400 pivots (col 4024/18872, rows 18872)
[  5329.9s]   [4,11] level 1: 1402 pivots (col 4026/18872, rows 18872)
[  5332.8s]   [4,11] level 1: 1404 pivots (col 4028/18872, rows 18872)
[  5335.7s]   [4,11] level 1: 1406 pivots (col 4030/18872, rows 18872)
[  5338.6s]   [4,11] level 1: 1408 pivots (col 4033/18872, rows 18872)
[  5341.5s]   [4,11] level 1: 1410 pivots (col 4035/18872, rows 18872)
[  5344.7s]   [4,11] level 1: 1412 pivots (col 4037/18872, rows 18872)
[  5347.7s]   [4,11] level 1: 1414 pivots (col 4039/18872, rows 18872)
[  5350.6s]   [4,11] level 1: 1416 pivots (col 4043/18872, rows 18872)
[  5353.4s]   [4,11] level 1: 1418 pivots (col 4045/18872, rows 18872)
[  5356.3s]   [4,11] level 1: 1420 pivots (col 4047/18872, rows 18872)
[  5359.2s]   [4,11] level 1: 1422 pivots (col 4054/18872, rows 18872)
[  5362.1s]   [4,11] level 1: 1424 pivots (col 4056/18872, rows 18872)
[  5364.9s]   [4,11] level 1: 1426 pivots (col 4058/18872, rows 18872)
[  5367.8s]   [4,11] level 1: 1428 pivots (col 4066/18872, rows 18872)
[  5370.7s]   [4,11] level 1: 1430 pivots (col 4076/18872, rows 18872)
[  5373.6s]   [4,11] level 1: 1432 pivots (col 4087/18872, rows 18872)
[  5376.7s]   [4,11] level 1: 1434 pivots (col 4110/18872, rows 18872)
[  5379.6s]   [4,11] level 1: 1436 pivots (col 4112/18872, rows 18872)
[  5382.5s]   [4,11] level 1: 1438 pivots (col 4114/18872, rows 18872)
[  5385.4s]   [4,11] level 1: 1440 pivots (col 4116/18872, rows 18872)
[  5388.2s]   [4,11] level 1: 1442 pivots (col 4119/18872, rows 18872)
[  5391.1s]   [4,11] level 1: 1444 pivots (col 4121/18872, rows 18872)
[  5394.0s]   [4,11] level 1: 1446 pivots (col 4123/18872, rows 18872)
[  5396.8s]   [4,11] level 1: 1448 pivots (col 4125/18872, rows 18872)
[  5399.9s]   [4,11] level 1: 1450 pivots (col 4127/18872, rows 18872)
[  5402.8s]   [4,11] level 1: 1452 pivots (col 4130/18872, rows 18872)
[  5405.7s]   [4,11] level 1: 1454 pivots (col 4132/18872, rows 18872)
[  5408.6s]   [4,11] level 1: 1456 pivots (col 4134/18872, rows 18872)
[  5411.4s]   [4,11] level 1: 1458 pivots (col 4136/18872, rows 18872)
[  5414.7s]   [4,11] level 1: 1460 pivots (col 4138/18872, rows 18872)
[  5417.6s]   [4,11] level 1: 1462 pivots (col 4142/18872, rows 18872)
[  5420.7s]   [4,11] level 1: 1464 pivots (col 4144/18872, rows 18872)
[  5423.6s]   [4,11] level 1: 1466 pivots (col 4146/18872, rows 18872)
[  5427.2s]   [4,11] level 1: 1468 pivots (col 4152/18872, rows 18872)
[  5430.1s]   [4,11] level 1: 1470 pivots (col 4154/18872, rows 18872)
[  5433.3s]   [4,11] level 1: 1472 pivots (col 4156/18872, rows 18872)
[  5436.1s]   [4,11] level 1: 1474 pivots (col 4158/18872, rows 18872)
[  5439.0s]   [4,11] level 1: 1476 pivots (col 4164/18872, rows 18872)
[  5441.9s]   [4,11] level 1: 1478 pivots (col 4166/18872, rows 18872)
[  5445.1s]   [4,11] level 1: 1480 pivots (col 4175/18872, rows 18872)
[  5448.6s]   [4,11] level 1: 1482 pivots (col 4185/18872, rows 18872)
[  5451.5s]   [4,11] level 1: 1484 pivots (col 4207/18872, rows 18872)
[  5454.3s]   [4,11] level 1: 1486 pivots (col 4230/18872, rows 18872)
[  5457.2s]   [4,11] level 1: 1488 pivots (col 4232/18872, rows 18872)
[  5460.0s]   [4,11] level 1: 1490 pivots (col 4234/18872, rows 18872)
[  5463.3s]   [4,11] level 1: 1492 pivots (col 4236/18872, rows 18872)
[  5466.2s]   [4,11] level 1: 1494 pivots (col 4239/18872, rows 18872)
[  5469.1s]   [4,11] level 1: 1496 pivots (col 4241/18872, rows 18872)
[  5472.0s]   [4,11] level 1: 1498 pivots (col 4243/18872, rows 18872)
[  5474.9s]   [4,11] level 1: 1500 pivots (col 4245/18872, rows 18872)
[  5477.9s]   [4,11] level 1: 1502 pivots (col 4247/18872, rows 18872)
[  5480.8s]   [4,11] level 1: 1504 pivots (col 4250/18872, rows 18872)
[  5483.6s]   [4,11] level 1: 1506 pivots (col 4252/18872, rows 18872)
[  5486.5s]   [4,11] level 1: 1508 pivots (col 4254/18872, rows 18872)
[  5489.3s]   [4,11] level 1: 1510 pivots (col 4256/18872, rows 18872)
[  5492.2s]   [4,11] level 1: 1512 pivots (col 4258/18872, rows 18872)
[  5495.1s]   [4,11] level 1: 1514 pivots (col 4272/18872, rows 18872)
[  5497.9s]   [4,11] level 1: 1516 pivots (col 4294/18872, rows 18872)
[  5500.8s]   [4,11] level 1: 1518 pivots (col 4316/18872, rows 18872)
[  5503.9s]   [4,11] level 1: 1520 pivots (col 4349/18872, rows 18872)
[  5506.8s]   [4,11] level 1: 1522 pivots (col 4351/18872, rows 18872)
[  5509.7s]   [4,11] level 1: 1524 pivots (col 4353/18872, rows 18872)
[  5512.5s]   [4,11] level 1: 1526 pivots (col 4355/18872, rows 18872)
[  5515.4s]   [4,11] level 1: 1528 pivots (col 4357/18872, rows 18872)
[  5518.2s]   [4,11] level 1: 1530 pivots (col 4360/18872, rows 18872)
[  5521.1s]   [4,11] level 1: 1532 pivots (col 4362/18872, rows 18872)
[  5523.9s]   [4,11] level 1: 1534 pivots (col 4364/18872, rows 18872)
[  5526.8s]   [4,11] level 1: 1536 pivots (col 4366/18872, rows 18872)
[  5529.6s]   [4,11] level 1: 1538 pivots (col 4368/18872, rows 18872)
[  5532.5s]   [4,11] level 1: 1540 pivots (col 4371/18872, rows 18872)
[  5535.3s]   [4,11] level 1: 1542 pivots (col 4373/18872, rows 18872)
[  5538.1s]   [4,11] level 1: 1544 pivots (col 4375/18872, rows 18872)
[  5541.0s]   [4,11] level 1: 1546 pivots (col 4377/18872, rows 18872)
[  5543.8s]   [4,11] level 1: 1548 pivots (col 4392/18872, rows 18872)
[  5546.7s]   [4,11] level 1: 1550 pivots (col 4414/18872, rows 18872)
[  5549.5s]   [4,11] level 1: 1552 pivots (col 4436/18872, rows 18872)
[  5552.3s]   [4,11] level 1: 1554 pivots (col 4469/18872, rows 18872)
[  5555.2s]   [4,11] level 1: 1556 pivots (col 4471/18872, rows 18872)
[  5558.0s]   [4,11] level 1: 1558 pivots (col 4473/18872, rows 18872)
[  5560.8s]   [4,11] level 1: 1560 pivots (col 4475/18872, rows 18872)
[  5564.0s]   [4,11] level 1: 1562 pivots (col 4477/18872, rows 18872)
[  5566.9s]   [4,11] level 1: 1564 pivots (col 4480/18872, rows 18872)
[  5569.7s]   [4,11] level 1: 1566 pivots (col 4482/18872, rows 18872)
[  5572.6s]   [4,11] level 1: 1568 pivots (col 4484/18872, rows 18872)
[  5575.4s]   [4,11] level 1: 1570 pivots (col 4486/18872, rows 18872)
[  5578.2s]   [4,11] level 1: 1572 pivots (col 4490/18872, rows 18872)
[  5581.1s]   [4,11] level 1: 1574 pivots (col 4492/18872, rows 18872)
[  5583.9s]   [4,11] level 1: 1576 pivots (col 4501/18872, rows 18872)
[  5586.7s]   [4,11] level 1: 1578 pivots (col 4523/18872, rows 18872)
[  5589.6s]   [4,11] level 1: 1580 pivots (col 4545/18872, rows 18872)
[  5592.4s]   [4,11] level 1: 1582 pivots (col 4567/18872, rows 18872)
[  5595.3s]   [4,11] level 1: 1584 pivots (col 4590/18872, rows 18872)
[  5598.2s]   [4,11] level 1: 1586 pivots (col 4599/18872, rows 18872)
[  5601.6s]   [4,11] level 1: 1588 pivots (col 4601/18872, rows 18872)
[  5604.4s]   [4,11] level 1: 1590 pivots (col 4611/18872, rows 18872)
[  5607.8s]   [4,11] level 1: 1592 pivots (col 4621/18872, rows 18872)
[  5610.7s]   [4,11] level 1: 1594 pivots (col 4954/18872, rows 18872)
[  5613.5s]   [4,11] level 1: 1596 pivots (col 4956/18872, rows 18872)
[  5616.3s]   [4,11] level 1: 1598 pivots (col 4959/18872, rows 18872)
[  5619.2s]   [4,11] level 1: 1600 pivots (col 4961/18872, rows 18872)
[  5622.0s]   [4,11] level 1: 1602 pivots (col 4963/18872, rows 18872)
[  5625.2s]   [4,11] level 1: 1604 pivots (col 4965/18872, rows 18872)
[  5628.1s]   [4,11] level 1: 1606 pivots (col 4968/18872, rows 18872)
[  5630.9s]   [4,11] level 1: 1608 pivots (col 4970/18872, rows 18872)
[  5633.8s]   [4,11] level 1: 1610 pivots (col 4972/18872, rows 18872)
[  5636.7s]   [4,11] level 1: 1612 pivots (col 4974/18872, rows 18872)
[  5639.7s]   [4,11] level 1: 1614 pivots (col 4976/18872, rows 18872)
[  5642.5s]   [4,11] level 1: 1616 pivots (col 4979/18872, rows 18872)
[  5645.4s]   [4,11] level 1: 1618 pivots (col 4981/18872, rows 18872)
[  5648.3s]   [4,11] level 1: 1620 pivots (col 4983/18872, rows 18872)
[  5651.1s]   [4,11] level 1: 1622 pivots (col 4985/18872, rows 18872)
[  5654.0s]   [4,11] level 1: 1624 pivots (col 4988/18872, rows 18872)
[  5657.1s]   [4,11] level 1: 1626 pivots (col 4990/18872, rows 18872)
[  5659.9s]   [4,11] level 1: 1628 pivots (col 4992/18872, rows 18872)
[  5662.7s]   [4,11] level 1: 1630 pivots (col 4994/18872, rows 18872)
[  5665.6s]   [4,11] level 1: 1632 pivots (col 4996/18872, rows 18872)
[  5668.6s]   [4,11] level 1: 1634 pivots (col 4999/18872, rows 18872)
[  5671.4s]   [4,11] level 1: 1636 pivots (col 5001/18872, rows 18872)
[  5674.2s]   [4,11] level 1: 1638 pivots (col 5003/18872, rows 18872)
[  5677.0s]   [4,11] level 1: 1640 pivots (col 5005/18872, rows 18872)
[  5679.9s]   [4,11] level 1: 1642 pivots (col 5008/18872, rows 18872)
[  5682.8s]   [4,11] level 1: 1644 pivots (col 5010/18872, rows 18872)
[  5685.7s]   [4,11] level 1: 1646 pivots (col 5042/18872, rows 18872)
[  5688.5s]   [4,11] level 1: 1648 pivots (col 5045/18872, rows 18872)
[  5691.3s]   [4,11] level 1: 1650 pivots (col 5047/18872, rows 18872)
[  5694.2s]   [4,11] level 1: 1652 pivots (col 5050/18872, rows 18872)
[  5697.0s]   [4,11] level 1: 1654 pivots (col 5052/18872, rows 18872)
[  5700.1s]   [4,11] level 1: 1656 pivots (col 5054/18872, rows 18872)
[  5702.9s]   [4,11] level 1: 1658 pivots (col 5056/18872, rows 18872)
[  5705.9s]   [4,11] level 1: 1660 pivots (col 5058/18872, rows 18872)
[  5709.0s]   [4,11] level 1: 1662 pivots (col 5061/18872, rows 18872)
[  5712.4s]   [4,11] level 1: 1664 pivots (col 5063/18872, rows 18872)
[  5715.2s]   [4,11] level 1: 1666 pivots (col 5065/18872, rows 18872)
[  5718.0s]   [4,11] level 1: 1668 pivots (col 5067/18872, rows 18872)
[  5721.2s]   [4,11] level 1: 1670 pivots (col 5070/18872, rows 18872)
[  5724.0s]   [4,11] level 1: 1672 pivots (col 5072/18872, rows 18872)
[  5726.8s]   [4,11] level 1: 1674 pivots (col 5074/18872, rows 18872)
[  5729.6s]   [4,11] level 1: 1676 pivots (col 5076/18872, rows 18872)
[  5732.4s]   [4,11] level 1: 1678 pivots (col 5078/18872, rows 18872)
[  5735.2s]   [4,11] level 1: 1680 pivots (col 5081/18872, rows 18872)
[  5738.0s]   [4,11] level 1: 1682 pivots (col 5083/18872, rows 18872)
[  5740.8s]   [4,11] level 1: 1684 pivots (col 5085/18872, rows 18872)
[  5743.6s]   [4,11] level 1: 1686 pivots (col 5087/18872, rows 18872)
[  5746.4s]   [4,11] level 1: 1688 pivots (col 5090/18872, rows 18872)
[  5749.3s]   [4,11] level 1: 1690 pivots (col 5092/18872, rows 18872)
[  5752.1s]   [4,11] level 1: 1692 pivots (col 5094/18872, rows 18872)
[  5754.9s]   [4,11] level 1: 1694 pivots (col 5096/18872, rows 18872)
[  5757.7s]   [4,11] level 1: 1696 pivots (col 5100/18872, rows 18872)
[  5760.6s]   [4,11] level 1: 1698 pivots (col 5102/18872, rows 18872)
[  5763.4s]   [4,11] level 1: 1700 pivots (col 5133/18872, rows 18872)
[  5766.2s]   [4,11] level 1: 1702 pivots (col 5136/18872, rows 18872)
[  5769.0s]   [4,11] level 1: 1704 pivots (col 5138/18872, rows 18872)
[  5771.8s]   [4,11] level 1: 1706 pivots (col 5141/18872, rows 18872)
[  5774.6s]   [4,11] level 1: 1708 pivots (col 5143/18872, rows 18872)
[  5777.4s]   [4,11] level 1: 1710 pivots (col 5145/18872, rows 18872)
[  5780.2s]   [4,11] level 1: 1712 pivots (col 5147/18872, rows 18872)
[  5783.0s]   [4,11] level 1: 1714 pivots (col 5150/18872, rows 18872)
[  5785.8s]   [4,11] level 1: 1716 pivots (col 5152/18872, rows 18872)
[  5788.5s]   [4,11] level 1: 1718 pivots (col 5154/18872, rows 18872)
[  5791.3s]   [4,11] level 1: 1720 pivots (col 5156/18872, rows 18872)
[  5794.1s]   [4,11] level 1: 1722 pivots (col 5158/18872, rows 18872)
[  5797.0s]   [4,11] level 1: 1724 pivots (col 5161/18872, rows 18872)
[  5799.8s]   [4,11] level 1: 1726 pivots (col 5163/18872, rows 18872)
[  5802.5s]   [4,11] level 1: 1728 pivots (col 5165/18872, rows 18872)
[  5805.4s]   [4,11] level 1: 1730 pivots (col 5167/18872, rows 18872)
[  5808.4s]   [4,11] level 1: 1732 pivots (col 5170/18872, rows 18872)
[  5811.2s]   [4,11] level 1: 1734 pivots (col 5172/18872, rows 18872)
[  5814.1s]   [4,11] level 1: 1736 pivots (col 5174/18872, rows 18872)
[  5817.1s]   [4,11] level 1: 1738 pivots (col 5176/18872, rows 18872)
[  5819.9s]   [4,11] level 1: 1740 pivots (col 5178/18872, rows 18872)
[  5822.6s]   [4,11] level 1: 1742 pivots (col 5181/18872, rows 18872)
[  5825.4s]   [4,11] level 1: 1744 pivots (col 5183/18872, rows 18872)
[  5828.2s]   [4,11] level 1: 1746 pivots (col 5185/18872, rows 18872)
[  5831.0s]   [4,11] level 1: 1748 pivots (col 5190/18872, rows 18872)
[  5833.9s]   [4,11] level 1: 1750 pivots (col 5192/18872, rows 18872)
[  5837.0s]   [4,11] level 1: 1752 pivots (col 5194/18872, rows 18872)
[  5839.8s]   [4,11] level 1: 1754 pivots (col 5196/18872, rows 18872)
[  5843.0s]   [4,11] level 1: 1756 pivots (col 5201/18872, rows 18872)
[  5845.8s]   [4,11] level 1: 1758 pivots (col 5234/18872, rows 18872)
[  5848.6s]   [4,11] level 1: 1760 pivots (col 5236/18872, rows 18872)
[  5851.3s]   [4,11] level 1: 1762 pivots (col 5238/18872, rows 18872)
[  5854.4s]   [4,11] level 1: 1764 pivots (col 5240/18872, rows 18872)
[  5856.4s]   [4,11] level 1: 1765 pivots (col 5241/18872, rows 18872)
[  5859.4s]   [4,11] level 1: 1767 pivots (col 5244/18872, rows 18872)
[  5862.2s]   [4,11] level 1: 1769 pivots (col 5246/18872, rows 18872)
[  5865.0s]   [4,11] level 1: 1771 pivots (col 5248/18872, rows 18872)
[  5867.8s]   [4,11] level 1: 1773 pivots (col 5250/18872, rows 18872)
[  5870.6s]   [4,11] level 1: 1775 pivots (col 5252/18872, rows 18872)
[  5873.5s]   [4,11] level 1: 1777 pivots (col 5255/18872, rows 18872)
[  5876.9s]   [4,11] level 1: 1779 pivots (col 5257/18872, rows 18872)
[  5879.7s]   [4,11] level 1: 1781 pivots (col 5259/18872, rows 18872)
[  5882.5s]   [4,11] level 1: 1783 pivots (col 5261/18872, rows 18872)
[  5885.3s]   [4,11] level 1: 1785 pivots (col 5263/18872, rows 18872)
[  5888.1s]   [4,11] level 1: 1787 pivots (col 5266/18872, rows 18872)
[  5890.9s]   [4,11] level 1: 1789 pivots (col 5268/18872, rows 18872)
[  5893.7s]   [4,11] level 1: 1791 pivots (col 5270/18872, rows 18872)
[  5896.5s]   [4,11] level 1: 1793 pivots (col 5272/18872, rows 18872)
[  5899.2s]   [4,11] level 1: 1795 pivots (col 5274/18872, rows 18872)
[  5902.0s]   [4,11] level 1: 1797 pivots (col 5277/18872, rows 18872)
[  5904.7s]   [4,11] level 1: 1799 pivots (col 5279/18872, rows 18872)
[  5907.5s]   [4,11] level 1: 1801 pivots (col 5281/18872, rows 18872)
[  5910.7s]   [4,11] level 1: 1803 pivots (col 5283/18872, rows 18872)
[  5913.5s]   [4,11] level 1: 1805 pivots (col 5285/18872, rows 18872)
[  5916.3s]   [4,11] level 1: 1807 pivots (col 5289/18872, rows 18872)
[  5919.0s]   [4,11] level 1: 1809 pivots (col 5291/18872, rows 18872)
[  5921.8s]   [4,11] level 1: 1811 pivots (col 5299/18872, rows 18872)
[  5924.5s]   [4,11] level 1: 1813 pivots (col 5301/18872, rows 18872)
[  5927.3s]   [4,11] level 1: 1815 pivots (col 5310/18872, rows 18872)
[  5930.1s]   [4,11] level 1: 1817 pivots (col 5312/18872, rows 18872)
[  5932.9s]   [4,11] level 1: 1819 pivots (col 5322/18872, rows 18872)
[  5935.7s]   [4,11] level 1: 1821 pivots (col 5355/18872, rows 18872)
[  5938.7s]   [4,11] level 1: 1823 pivots (col 5357/18872, rows 18872)
[  5941.5s]   [4,11] level 1: 1825 pivots (col 5359/18872, rows 18872)
[  5944.3s]   [4,11] level 1: 1827 pivots (col 5361/18872, rows 18872)
[  5947.1s]   [4,11] level 1: 1829 pivots (col 5363/18872, rows 18872)
[  5949.8s]   [4,11] level 1: 1831 pivots (col 5366/18872, rows 18872)
[  5952.6s]   [4,11] level 1: 1833 pivots (col 5368/18872, rows 18872)
[  5955.3s]   [4,11] level 1: 1835 pivots (col 5370/18872, rows 18872)
[  5958.1s]   [4,11] level 1: 1837 pivots (col 5372/18872, rows 18872)
[  5960.8s]   [4,11] level 1: 1839 pivots (col 5376/18872, rows 18872)
[  5963.6s]   [4,11] level 1: 1841 pivots (col 5378/18872, rows 18872)
[  5966.7s]   [4,11] level 1: 1843 pivots (col 5380/18872, rows 18872)
[  5969.5s]   [4,11] level 1: 1845 pivots (col 5382/18872, rows 18872)
[  5972.2s]   [4,11] level 1: 1847 pivots (col 5384/18872, rows 18872)
[  5975.0s]   [4,11] level 1: 1849 pivots (col 5388/18872, rows 18872)
[  5977.7s]   [4,11] level 1: 1851 pivots (col 5390/18872, rows 18872)
[  5980.4s]   [4,11] level 1: 1853 pivots (col 5392/18872, rows 18872)
[  5983.2s]   [4,11] level 1: 1855 pivots (col 5398/18872, rows 18872)
[  5985.9s]   [4,11] level 1: 1857 pivots (col 5400/18872, rows 18872)
[  5988.6s]   [4,11] level 1: 1859 pivots (col 5402/18872, rows 18872)
[  5991.4s]   [4,11] level 1: 1861 pivots (col 5410/18872, rows 18872)
[  5994.1s]   [4,11] level 1: 1863 pivots (col 5420/18872, rows 18872)
[  5996.8s]   [4,11] level 1: 1865 pivots (col 5422/18872, rows 18872)
[  5999.6s]   [4,11] level 1: 1867 pivots (col 5442/18872, rows 18872)
[  6002.3s]   [4,11] level 1: 1869 pivots (col 5476/18872, rows 18872)
[  6005.1s]   [4,11] level 1: 1871 pivots (col 5478/18872, rows 18872)
[  6008.0s]   [4,11] level 1: 1873 pivots (col 5480/18872, rows 18872)
[  6010.7s]   [4,11] level 1: 1875 pivots (col 5482/18872, rows 18872)
[  6013.5s]   [4,11] level 1: 1877 pivots (col 5484/18872, rows 18872)
[  6016.4s]   [4,11] level 1: 1879 pivots (col 5487/18872, rows 18872)
[  6019.2s]   [4,11] level 1: 1881 pivots (col 5489/18872, rows 18872)
[  6021.9s]   [4,11] level 1: 1883 pivots (col 5491/18872, rows 18872)
[  6024.8s]   [4,11] level 1: 1885 pivots (col 5493/18872, rows 18872)
[  6027.6s]   [4,11] level 1: 1887 pivots (col 5497/18872, rows 18872)
[  6030.3s]   [4,11] level 1: 1889 pivots (col 5499/18872, rows 18872)
[  6033.1s]   [4,11] level 1: 1891 pivots (col 5501/18872, rows 18872)
[  6036.1s]   [4,11] level 1: 1893 pivots (col 5503/18872, rows 18872)
[  6038.8s]   [4,11] level 1: 1895 pivots (col 5519/18872, rows 18872)
[  6041.6s]   [4,11] level 1: 1897 pivots (col 5541/18872, rows 18872)
[  6044.4s]   [4,11] level 1: 1899 pivots (col 5563/18872, rows 18872)
[  6047.4s]   [4,11] level 1: 1901 pivots (col 5597/18872, rows 18872)
[  6050.1s]   [4,11] level 1: 1903 pivots (col 5599/18872, rows 18872)
[  6052.9s]   [4,11] level 1: 1905 pivots (col 5601/18872, rows 18872)
[  6055.7s]   [4,11] level 1: 1907 pivots (col 5603/18872, rows 18872)
[  6058.5s]   [4,11] level 1: 1909 pivots (col 5605/18872, rows 18872)
[  6061.2s]   [4,11] level 1: 1911 pivots (col 5608/18872, rows 18872)
[  6064.1s]   [4,11] level 1: 1913 pivots (col 5610/18872, rows 18872)
[  6067.1s]   [4,11] level 1: 1915 pivots (col 5612/18872, rows 18872)
[  6069.8s]   [4,11] level 1: 1917 pivots (col 5614/18872, rows 18872)
[  6072.6s]   [4,11] level 1: 1919 pivots (col 5618/18872, rows 18872)
[  6075.3s]   [4,11] level 1: 1921 pivots (col 5620/18872, rows 18872)
[  6078.2s]   [4,11] level 1: 1923 pivots (col 5622/18872, rows 18872)
[  6081.2s]   [4,11] level 1: 1925 pivots (col 5624/18872, rows 18872)
[  6083.9s]   [4,11] level 1: 1927 pivots (col 5640/18872, rows 18872)
[  6086.7s]   [4,11] level 1: 1929 pivots (col 5662/18872, rows 18872)
[  6089.4s]   [4,11] level 1: 1931 pivots (col 5684/18872, rows 18872)
[  6092.2s]   [4,11] level 1: 1933 pivots (col 5718/18872, rows 18872)
[  6095.0s]   [4,11] level 1: 1935 pivots (col 5720/18872, rows 18872)
[  6097.8s]   [4,11] level 1: 1937 pivots (col 5722/18872, rows 18872)
[  6100.6s]   [4,11] level 1: 1939 pivots (col 5724/18872, rows 18872)
[  6103.4s]   [4,11] level 1: 1941 pivots (col 5726/18872, rows 18872)
[  6106.1s]   [4,11] level 1: 1943 pivots (col 5729/18872, rows 18872)
[  6108.9s]   [4,11] level 1: 1945 pivots (col 5731/18872, rows 18872)
[  6111.7s]   [4,11] level 1: 1947 pivots (col 5733/18872, rows 18872)
[  6114.5s]   [4,11] level 1: 1949 pivots (col 5735/18872, rows 18872)
[  6117.2s]   [4,11] level 1: 1951 pivots (col 5740/18872, rows 18872)
[  6120.0s]   [4,11] level 1: 1953 pivots (col 5742/18872, rows 18872)
[  6122.7s]   [4,11] level 1: 1955 pivots (col 5761/18872, rows 18872)
[  6125.6s]   [4,11] level 1: 1957 pivots (col 5783/18872, rows 18872)
[  6128.4s]   [4,11] level 1: 1959 pivots (col 5805/18872, rows 18872)
[  6131.1s]   [4,11] level 1: 1961 pivots (col 5839/18872, rows 18872)
[  6133.8s]   [4,11] level 1: 1963 pivots (col 5841/18872, rows 18872)
[  6136.6s]   [4,11] level 1: 1965 pivots (col 5850/18872, rows 18872)
[  6139.3s]   [4,11] level 1: 1967 pivots (col 5860/18872, rows 18872)
[  6142.1s]   [4,11] level 1: 1969 pivots (col 5862/18872, rows 18872)
[  6144.8s]   [4,11] level 1: 1971 pivots (col 6201/18872, rows 18872)
[  6147.6s]   [4,11] level 1: 1973 pivots (col 6204/18872, rows 18872)
[  6150.4s]   [4,11] level 1: 1975 pivots (col 6207/18872, rows 18872)
[  6153.1s]   [4,11] level 1: 1977 pivots (col 6209/18872, rows 18872)
[  6155.8s]   [4,11] level 1: 1979 pivots (col 6212/18872, rows 18872)
[  6158.9s]   [4,11] level 1: 1981 pivots (col 6214/18872, rows 18872)
[  6161.6s]   [4,11] level 1: 1983 pivots (col 6216/18872, rows 18872)
[  6164.4s]   [4,11] level 1: 1985 pivots (col 6218/18872, rows 18872)
[  6167.1s]   [4,11] level 1: 1987 pivots (col 6220/18872, rows 18872)
[  6170.0s]   [4,11] level 1: 1989 pivots (col 6223/18872, rows 18872)
[  6173.0s]   [4,11] level 1: 1991 pivots (col 6225/18872, rows 18872)
[  6175.8s]   [4,11] level 1: 1993 pivots (col 6227/18872, rows 18872)
[  6178.5s]   [4,11] level 1: 1995 pivots (col 6229/18872, rows 18872)
[  6181.3s]   [4,11] level 1: 1997 pivots (col 6232/18872, rows 18872)
[  6184.0s]   [4,11] level 1: 1999 pivots (col 6234/18872, rows 18872)
[  6187.1s]   [4,11] level 1: 2001 pivots (col 6236/18872, rows 18872)
[  6189.9s]   [4,11] level 1: 2003 pivots (col 6238/18872, rows 18872)
[  6192.6s]   [4,11] level 1: 2005 pivots (col 6240/18872, rows 18872)
[  6195.4s]   [4,11] level 1: 2007 pivots (col 6243/18872, rows 18872)
[  6198.1s]   [4,11] level 1: 2009 pivots (col 6245/18872, rows 18872)
[  6201.1s]   [4,11] level 1: 2011 pivots (col 6247/18872, rows 18872)
[  6203.9s]   [4,11] level 1: 2013 pivots (col 6249/18872, rows 18872)
[  6206.7s]   [4,11] level 1: 2015 pivots (col 6252/18872, rows 18872)
[  6209.4s]   [4,11] level 1: 2017 pivots (col 6254/18872, rows 18872)
[  6212.1s]   [4,11] level 1: 2019 pivots (col 6256/18872, rows 18872)
[  6214.8s]   [4,11] level 1: 2021 pivots (col 6258/18872, rows 18872)
[  6217.9s]   [4,11] level 1: 2023 pivots (col 6260/18872, rows 18872)
[  6220.6s]   [4,11] level 1: 2025 pivots (col 6297/18872, rows 18872)
[  6223.3s]   [4,11] level 1: 2027 pivots (col 6299/18872, rows 18872)
[  6226.0s]   [4,11] level 1: 2029 pivots (col 6302/18872, rows 18872)
[  6228.8s]   [4,11] level 1: 2031 pivots (col 6304/18872, rows 18872)
[  6231.5s]   [4,11] level 1: 2033 pivots (col 6307/18872, rows 18872)
[  6234.3s]   [4,11] level 1: 2035 pivots (col 6309/18872, rows 18872)
[  6237.2s]   [4,11] level 1: 2037 pivots (col 6311/18872, rows 18872)
[  6240.0s]   [4,11] level 1: 2039 pivots (col 6313/18872, rows 18872)
[  6242.8s]   [4,11] level 1: 2041 pivots (col 6316/18872, rows 18872)
[  6245.5s]   [4,11] level 1: 2043 pivots (col 6318/18872, rows 18872)
[  6248.3s]   [4,11] level 1: 2045 pivots (col 6320/18872, rows 18872)
[  6251.5s]   [4,11] level 1: 2047 pivots (col 6322/18872, rows 18872)
[  6254.6s]   [4,11] level 1: 2049 pivots (col 6324/18872, rows 18872)
[  6257.3s]   [4,11] level 1: 2051 pivots (col 6327/18872, rows 18872)
[  6260.0s]   [4,11] level 1: 2053 pivots (col 6329/18872, rows 18872)
[  6263.0s]   [4,11] level 1: 2055 pivots (col 6331/18872, rows 18872)
[  6265.7s]   [4,11] level 1: 2057 pivots (col 6333/18872, rows 18872)
[  6268.4s]   [4,11] level 1: 2059 pivots (col 6336/18872, rows 18872)
[  6271.1s]   [4,11] level 1: 2061 pivots (col 6338/18872, rows 18872)
[  6273.8s]   [4,11] level 1: 2063 pivots (col 6340/18872, rows 18872)
[  6276.5s]   [4,11] level 1: 2065 pivots (col 6342/18872, rows 18872)
[  6279.2s]   [4,11] level 1: 2067 pivots (col 6344/18872, rows 18872)
[  6281.9s]   [4,11] level 1: 2069 pivots (col 6347/18872, rows 18872)
[  6284.6s]   [4,11] level 1: 2071 pivots (col 6349/18872, rows 18872)
[  6287.3s]   [4,11] level 1: 2073 pivots (col 6351/18872, rows 18872)
[  6290.0s]   [4,11] level 1: 2075 pivots (col 6353/18872, rows 18872)
[  6292.7s]   [4,11] level 1: 2077 pivots (col 6390/18872, rows 18872)
[  6295.4s]   [4,11] level 1: 2079 pivots (col 6393/18872, rows 18872)
[  6298.2s]   [4,11] level 1: 2081 pivots (col 6395/18872, rows 18872)
[  6300.9s]   [4,11] level 1: 2083 pivots (col 6398/18872, rows 18872)
[  6303.7s]   [4,11] level 1: 2085 pivots (col 6400/18872, rows 18872)
[  6306.4s]   [4,11] level 1: 2087 pivots (col 6402/18872, rows 18872)
[  6309.1s]   [4,11] level 1: 2089 pivots (col 6404/18872, rows 18872)
[  6311.7s]   [4,11] level 1: 2091 pivots (col 6406/18872, rows 18872)
[  6314.4s]   [4,11] level 1: 2093 pivots (col 6409/18872, rows 18872)
[  6317.1s]   [4,11] level 1: 2095 pivots (col 6411/18872, rows 18872)
[  6319.8s]   [4,11] level 1: 2097 pivots (col 6413/18872, rows 18872)
[  6322.4s]   [4,11] level 1: 2099 pivots (col 6415/18872, rows 18872)
[  6325.1s]   [4,11] level 1: 2101 pivots (col 6418/18872, rows 18872)
[  6327.8s]   [4,11] level 1: 2103 pivots (col 6420/18872, rows 18872)
[  6330.5s]   [4,11] level 1: 2105 pivots (col 6422/18872, rows 18872)
[  6333.1s]   [4,11] level 1: 2107 pivots (col 6424/18872, rows 18872)
[  6336.0s]   [4,11] level 1: 2109 pivots (col 6426/18872, rows 18872)
[  6338.7s]   [4,11] level 1: 2111 pivots (col 6429/18872, rows 18872)
[  6341.3s]   [4,11] level 1: 2113 pivots (col 6431/18872, rows 18872)
[  6344.1s]   [4,11] level 1: 2115 pivots (col 6433/18872, rows 18872)
[  6346.8s]   [4,11] level 1: 2117 pivots (col 6435/18872, rows 18872)
[  6349.5s]   [4,11] level 1: 2119 pivots (col 6438/18872, rows 18872)
[  6352.2s]   [4,11] level 1: 2121 pivots (col 6440/18872, rows 18872)
[  6354.9s]   [4,11] level 1: 2123 pivots (col 6442/18872, rows 18872)
[  6357.5s]   [4,11] level 1: 2125 pivots (col 6444/18872, rows 18872)
[  6360.2s]   [4,11] level 1: 2127 pivots (col 6449/18872, rows 18872)
[  6362.9s]   [4,11] level 1: 2129 pivots (col 6451/18872, rows 18872)
[  6365.6s]   [4,11] level 1: 2131 pivots (col 6453/18872, rows 18872)
[  6368.2s]   [4,11] level 1: 2133 pivots (col 6492/18872, rows 18872)
[  6370.9s]   [4,11] level 1: 2135 pivots (col 6494/18872, rows 18872)
[  6373.7s]   [4,11] level 1: 2137 pivots (col 6496/18872, rows 18872)
[  6376.4s]   [4,11] level 1: 2139 pivots (col 6498/18872, rows 18872)
[  6379.1s]   [4,11] level 1: 2141 pivots (col 6500/18872, rows 18872)
[  6381.9s]   [4,11] level 1: 2143 pivots (col 6503/18872, rows 18872)
[  6384.6s]   [4,11] level 1: 2145 pivots (col 6505/18872, rows 18872)
[  6387.3s]   [4,11] level 1: 2147 pivots (col 6507/18872, rows 18872)
[  6389.9s]   [4,11] level 1: 2149 pivots (col 6509/18872, rows 18872)
[  6392.6s]   [4,11] level 1: 2151 pivots (col 6511/18872, rows 18872)
[  6395.6s]   [4,11] level 1: 2153 pivots (col 6514/18872, rows 18872)
[  6398.3s]   [4,11] level 1: 2155 pivots (col 6516/18872, rows 18872)
[  6401.0s]   [4,11] level 1: 2157 pivots (col 6518/18872, rows 18872)
[  6403.7s]   [4,11] level 1: 2159 pivots (col 6520/18872, rows 18872)
[  6406.5s]   [4,11] level 1: 2161 pivots (col 6522/18872, rows 18872)
[  6409.2s]   [4,11] level 1: 2163 pivots (col 6525/18872, rows 18872)
[  6411.9s]   [4,11] level 1: 2165 pivots (col 6527/18872, rows 18872)
[  6414.6s]   [4,11] level 1: 2167 pivots (col 6529/18872, rows 18872)
[  6417.3s]   [4,11] level 1: 2169 pivots (col 6531/18872, rows 18872)
[  6419.9s]   [4,11] level 1: 2171 pivots (col 6533/18872, rows 18872)
[  6422.6s]   [4,11] level 1: 2173 pivots (col 6536/18872, rows 18872)
[  6425.7s]   [4,11] level 1: 2175 pivots (col 6538/18872, rows 18872)
[  6428.3s]   [4,11] level 1: 2177 pivots (col 6540/18872, rows 18872)
[  6431.0s]   [4,11] level 1: 2179 pivots (col 6542/18872, rows 18872)
[  6433.7s]   [4,11] level 1: 2181 pivots (col 6546/18872, rows 18872)
[  6436.7s]   [4,11] level 1: 2183 pivots (col 6548/18872, rows 18872)
[  6439.3s]   [4,11] level 1: 2185 pivots (col 6550/18872, rows 18872)
[  6442.0s]   [4,11] level 1: 2187 pivots (col 6558/18872, rows 18872)
[  6444.6s]   [4,11] level 1: 2189 pivots (col 6560/18872, rows 18872)
[  6447.2s]   [4,11] level 1: 2191 pivots (col 6569/18872, rows 18872)
[  6449.9s]   [4,11] level 1: 2193 pivots (col 6613/18872, rows 18872)
[  6452.5s]   [4,11] level 1: 2195 pivots (col 6615/18872, rows 18872)
[  6455.3s]   [4,11] level 1: 2197 pivots (col 6617/18872, rows 18872)
[  6457.9s]   [4,11] level 1: 2199 pivots (col 6619/18872, rows 18872)
[  6460.6s]   [4,11] level 1: 2201 pivots (col 6623/18872, rows 18872)
[  6463.2s]   [4,11] level 1: 2203 pivots (col 6625/18872, rows 18872)
[  6465.9s]   [4,11] level 1: 2205 pivots (col 6627/18872, rows 18872)
[  6468.5s]   [4,11] level 1: 2207 pivots (col 6629/18872, rows 18872)
[  6471.2s]   [4,11] level 1: 2209 pivots (col 6631/18872, rows 18872)
[  6473.8s]   [4,11] level 1: 2211 pivots (col 6635/18872, rows 18872)
[  6476.4s]   [4,11] level 1: 2213 pivots (col 6637/18872, rows 18872)
[  6479.1s]   [4,11] level 1: 2215 pivots (col 6639/18872, rows 18872)
[  6481.7s]   [4,11] level 1: 2217 pivots (col 6641/18872, rows 18872)
[  6484.4s]   [4,11] level 1: 2219 pivots (col 6645/18872, rows 18872)
[  6487.0s]   [4,11] level 1: 2221 pivots (col 6647/18872, rows 18872)
[  6489.6s]   [4,11] level 1: 2223 pivots (col 6649/18872, rows 18872)
[  6492.2s]   [4,11] level 1: 2225 pivots (col 6657/18872, rows 18872)
[  6494.9s]   [4,11] level 1: 2227 pivots (col 6659/18872, rows 18872)
[  6497.5s]   [4,11] level 1: 2229 pivots (col 6667/18872, rows 18872)
[  6500.1s]   [4,11] level 1: 2231 pivots (col 6669/18872, rows 18872)
[  6502.8s]   [4,11] level 1: 2233 pivots (col 6679/18872, rows 18872)
[  6505.4s]   [4,11] level 1: 2235 pivots (col 6733/18872, rows 18872)
[  6508.0s]   [4,11] level 1: 2237 pivots (col 6735/18872, rows 18872)
[  6510.7s]   [4,11] level 1: 2239 pivots (col 6737/18872, rows 18872)
[  6513.3s]   [4,11] level 1: 2241 pivots (col 6739/18872, rows 18872)
[  6516.0s]   [4,11] level 1: 2243 pivots (col 6741/18872, rows 18872)
[  6519.0s]   [4,11] level 1: 2245 pivots (col 6745/18872, rows 18872)
[  6522.2s]   [4,11] level 1: 2247 pivots (col 6747/18872, rows 18872)
[  6525.2s]   [4,11] level 1: 2249 pivots (col 6749/18872, rows 18872)
[  6527.9s]   [4,11] level 1: 2251 pivots (col 6755/18872, rows 18872)
[  6530.6s]   [4,11] level 1: 2253 pivots (col 6757/18872, rows 18872)
[  6533.3s]   [4,11] level 1: 2255 pivots (col 6759/18872, rows 18872)
[  6536.0s]   [4,11] level 1: 2257 pivots (col 6766/18872, rows 18872)
[  6538.6s]   [4,11] level 1: 2259 pivots (col 6788/18872, rows 18872)
[  6541.4s]   [4,11] level 1: 2261 pivots (col 6810/18872, rows 18872)
[  6544.3s]   [4,11] level 1: 2263 pivots (col 6855/18872, rows 18872)
[  6547.1s]   [4,11] level 1: 2265 pivots (col 6857/18872, rows 18872)
[  6549.7s]   [4,11] level 1: 2267 pivots (col 6859/18872, rows 18872)
[  6552.4s]   [4,11] level 1: 2269 pivots (col 6861/18872, rows 18872)
[  6555.0s]   [4,11] level 1: 2271 pivots (col 6865/18872, rows 18872)
[  6557.6s]   [4,11] level 1: 2273 pivots (col 6867/18872, rows 18872)
[  6560.2s]   [4,11] level 1: 2275 pivots (col 6869/18872, rows 18872)
[  6562.8s]   [4,11] level 1: 2277 pivots (col 6871/18872, rows 18872)
[  6565.4s]   [4,11] level 1: 2279 pivots (col 6877/18872, rows 18872)
[  6568.1s]   [4,11] level 1: 2281 pivots (col 6879/18872, rows 18872)
[  6570.8s]   [4,11] level 1: 2283 pivots (col 6881/18872, rows 18872)
[  6573.7s]   [4,11] level 1: 2285 pivots (col 6898/18872, rows 18872)
[  6576.6s]   [4,11] level 1: 2287 pivots (col 6920/18872, rows 18872)
[  6579.7s]   [4,11] level 1: 2289 pivots (col 6975/18872, rows 18872)
[  6582.3s]   [4,11] level 1: 2291 pivots (col 6977/18872, rows 18872)
[  6585.0s]   [4,11] level 1: 2293 pivots (col 6979/18872, rows 18872)
[  6587.6s]   [4,11] level 1: 2295 pivots (col 6981/18872, rows 18872)
[  6590.2s]   [4,11] level 1: 2297 pivots (col 6986/18872, rows 18872)
[  6592.8s]   [4,11] level 1: 2299 pivots (col 6988/18872, rows 18872)
[  6595.5s]   [4,11] level 1: 2301 pivots (col 6990/18872, rows 18872)
[  6598.1s]   [4,11] level 1: 2303 pivots (col 6992/18872, rows 18872)
[  6600.7s]   [4,11] level 1: 2305 pivots (col 6998/18872, rows 18872)
[  6603.3s]   [4,11] level 1: 2307 pivots (col 7000/18872, rows 18872)
[  6605.9s]   [4,11] level 1: 2309 pivots (col 7019/18872, rows 18872)
[  6608.5s]   [4,11] level 1: 2311 pivots (col 7041/18872, rows 18872)
[  6611.2s]   [4,11] level 1: 2313 pivots (col 7096/18872, rows 18872)
[  6613.8s]   [4,11] level 1: 2315 pivots (col 7098/18872, rows 18872)
[  6616.4s]   [4,11] level 1: 2317 pivots (col 7107/18872, rows 18872)
[  6619.0s]   [4,11] level 1: 2319 pivots (col 7109/18872, rows 18872)
[  6621.7s]   [4,11] level 1: 2321 pivots (col 7119/18872, rows 18872)
[  6624.2s]   [4,11] level 1: 2323 pivots (col 7129/18872, rows 18872)
[  6626.9s]   [4,11] level 1: 2325 pivots (col 7461/18872, rows 18872)
[  6629.5s]   [4,11] level 1: 2327 pivots (col 7464/18872, rows 18872)
[  6632.1s]   [4,11] level 1: 2329 pivots (col 7466/18872, rows 18872)
[  6634.7s]   [4,11] level 1: 2331 pivots (col 7469/18872, rows 18872)
[  6637.3s]   [4,11] level 1: 2333 pivots (col 7471/18872, rows 18872)
[  6640.0s]   [4,11] level 1: 2335 pivots (col 7473/18872, rows 18872)
[  6642.7s]   [4,11] level 1: 2337 pivots (col 7475/18872, rows 18872)
[  6645.6s]   [4,11] level 1: 2339 pivots (col 7478/18872, rows 18872)
[  6648.3s]   [4,11] level 1: 2341 pivots (col 7480/18872, rows 18872)
[  6650.9s]   [4,11] level 1: 2343 pivots (col 7482/18872, rows 18872)
[  6653.6s]   [4,11] level 1: 2345 pivots (col 7484/18872, rows 18872)
[  6656.2s]   [4,11] level 1: 2347 pivots (col 7486/18872, rows 18872)
[  6658.8s]   [4,11] level 1: 2349 pivots (col 7489/18872, rows 18872)
[  6661.5s]   [4,11] level 1: 2351 pivots (col 7491/18872, rows 18872)
[  6664.1s]   [4,11] level 1: 2353 pivots (col 7493/18872, rows 18872)
[  6666.7s]   [4,11] level 1: 2355 pivots (col 7495/18872, rows 18872)
[  6669.3s]   [4,11] level 1: 2357 pivots (col 7498/18872, rows 18872)
[  6671.9s]   [4,11] level 1: 2359 pivots (col 7500/18872, rows 18872)
[  6674.5s]   [4,11] level 1: 2361 pivots (col 7502/18872, rows 18872)
[  6677.1s]   [4,11] level 1: 2363 pivots (col 7504/18872, rows 18872)
[  6679.9s]   [4,11] level 1: 2365 pivots (col 7506/18872, rows 18872)
[  6682.6s]   [4,11] level 1: 2367 pivots (col 7509/18872, rows 18872)
[  6685.2s]   [4,11] level 1: 2369 pivots (col 7511/18872, rows 18872)
[  6687.8s]   [4,11] level 1: 2371 pivots (col 7513/18872, rows 18872)
[  6690.4s]   [4,11] level 1: 2373 pivots (col 7515/18872, rows 18872)
[  6693.1s]   [4,11] level 1: 2375 pivots (col 7518/18872, rows 18872)
[  6695.7s]   [4,11] level 1: 2377 pivots (col 7520/18872, rows 18872)
[  6698.3s]   [4,11] level 1: 2379 pivots (col 7529/18872, rows 18872)
[  6701.0s]   [4,11] level 1: 2381 pivots (col 7550/18872, rows 18872)
[  6703.6s]   [4,11] level 1: 2383 pivots (col 7553/18872, rows 18872)
[  6706.4s]   [4,11] level 1: 2385 pivots (col 7555/18872, rows 18872)
[  6709.1s]   [4,11] level 1: 2387 pivots (col 7558/18872, rows 18872)
[  6711.7s]   [4,11] level 1: 2389 pivots (col 7560/18872, rows 18872)
[  6714.3s]   [4,11] level 1: 2391 pivots (col 7563/18872, rows 18872)
[  6716.9s]   [4,11] level 1: 2393 pivots (col 7565/18872, rows 18872)
[  6719.6s]   [4,11] level 1: 2395 pivots (col 7567/18872, rows 18872)
[  6722.3s]   [4,11] level 1: 2397 pivots (col 7569/18872, rows 18872)
[  6724.9s]   [4,11] level 1: 2399 pivots (col 7572/18872, rows 18872)
[  6727.7s]   [4,11] level 1: 2401 pivots (col 7574/18872, rows 18872)
[  6730.3s]   [4,11] level 1: 2403 pivots (col 7576/18872, rows 18872)
[  6732.9s]   [4,11] level 1: 2405 pivots (col 7578/18872, rows 18872)
[  6735.6s]   [4,11] level 1: 2407 pivots (col 7580/18872, rows 18872)
[  6738.2s]   [4,11] level 1: 2409 pivots (col 7583/18872, rows 18872)
[  6740.8s]   [4,11] level 1: 2411 pivots (col 7585/18872, rows 18872)
[  6743.4s]   [4,11] level 1: 2413 pivots (col 7587/18872, rows 18872)
[  6746.0s]   [4,11] level 1: 2415 pivots (col 7589/18872, rows 18872)
[  6748.6s]   [4,11] level 1: 2417 pivots (col 7592/18872, rows 18872)
[  6751.4s]   [4,11] level 1: 2419 pivots (col 7594/18872, rows 18872)
[  6754.0s]   [4,11] level 1: 2421 pivots (col 7596/18872, rows 18872)
[  6756.6s]   [4,11] level 1: 2423 pivots (col 7598/18872, rows 18872)
[  6759.2s]   [4,11] level 1: 2425 pivots (col 7602/18872, rows 18872)
[  6761.8s]   [4,11] level 1: 2427 pivots (col 7604/18872, rows 18872)
[  6764.4s]   [4,11] level 1: 2429 pivots (col 7606/18872, rows 18872)
[  6767.1s]   [4,11] level 1: 2431 pivots (col 7608/18872, rows 18872)
[  6769.7s]   [4,11] level 1: 2433 pivots (col 7610/18872, rows 18872)
[  6772.3s]   [4,11] level 1: 2435 pivots (col 7614/18872, rows 18872)
[  6774.9s]   [4,11] level 1: 2437 pivots (col 7624/18872, rows 18872)
[  6777.5s]   [4,11] level 1: 2439 pivots (col 7646/18872, rows 18872)
[  6780.1s]   [4,11] level 1: 2441 pivots (col 7648/18872, rows 18872)
[  6783.0s]   [4,11] level 1: 2443 pivots (col 7651/18872, rows 18872)
[  6785.7s]   [4,11] level 1: 2445 pivots (col 7653/18872, rows 18872)
[  6788.3s]   [4,11] level 1: 2447 pivots (col 7656/18872, rows 18872)
[  6790.9s]   [4,11] level 1: 2449 pivots (col 7658/18872, rows 18872)
[  6793.6s]   [4,11] level 1: 2451 pivots (col 7660/18872, rows 18872)
[  6797.1s]   [4,11] level 1: 2453 pivots (col 7662/18872, rows 18872)
[  6800.2s]   [4,11] level 1: 2455 pivots (col 7665/18872, rows 18872)
[  6802.8s]   [4,11] level 1: 2457 pivots (col 7667/18872, rows 18872)
[  6805.4s]   [4,11] level 1: 2459 pivots (col 7669/18872, rows 18872)
[  6807.9s]   [4,11] level 1: 2461 pivots (col 7671/18872, rows 18872)
[  6810.5s]   [4,11] level 1: 2463 pivots (col 7673/18872, rows 18872)
[  6813.0s]   [4,11] level 1: 2465 pivots (col 7676/18872, rows 18872)
[  6815.6s]   [4,11] level 1: 2467 pivots (col 7678/18872, rows 18872)
[  6818.2s]   [4,11] level 1: 2469 pivots (col 7680/18872, rows 18872)
[  6821.1s]   [4,11] level 1: 2471 pivots (col 7682/18872, rows 18872)
[  6823.8s]   [4,11] level 1: 2473 pivots (col 7686/18872, rows 18872)
[  6826.5s]   [4,11] level 1: 2475 pivots (col 7688/18872, rows 18872)
[  6829.3s]   [4,11] level 1: 2477 pivots (col 7690/18872, rows 18872)
[  6831.8s]   [4,11] level 1: 2479 pivots (col 7692/18872, rows 18872)
[  6834.4s]   [4,11] level 1: 2481 pivots (col 7696/18872, rows 18872)
[  6837.3s]   [4,11] level 1: 2483 pivots (col 7698/18872, rows 18872)
[  6840.7s]   [4,11] level 1: 2485 pivots (col 7700/18872, rows 18872)
[  6843.4s]   [4,11] level 1: 2487 pivots (col 7702/18872, rows 18872)
[  6846.8s]   [4,11] level 1: 2489 pivots (col 7707/18872, rows 18872)
[  6850.0s]   [4,11] level 1: 2491 pivots (col 7709/18872, rows 18872)
[  6852.6s]   [4,11] level 1: 2493 pivots (col 7718/18872, rows 18872)
[  6855.2s]   [4,11] level 1: 2495 pivots (col 7728/18872, rows 18872)
[  6857.8s]   [4,11] level 1: 2497 pivots (col 7751/18872, rows 18872)
[  6860.4s]   [4,11] level 1: 2499 pivots (col 7753/18872, rows 18872)
[  6863.0s]   [4,11] level 1: 2501 pivots (col 7755/18872, rows 18872)
[  6865.6s]   [4,11] level 1: 2503 pivots (col 7757/18872, rows 18872)
[  6868.2s]   [4,11] level 1: 2505 pivots (col 7760/18872, rows 18872)
[  6870.7s]   [4,11] level 1: 2507 pivots (col 7762/18872, rows 18872)
[  6873.3s]   [4,11] level 1: 2509 pivots (col 7764/18872, rows 18872)
[  6875.9s]   [4,11] level 1: 2511 pivots (col 7766/18872, rows 18872)
[  6878.4s]   [4,11] level 1: 2513 pivots (col 7768/18872, rows 18872)
[  6881.0s]   [4,11] level 1: 2515 pivots (col 7771/18872, rows 18872)
[  6883.6s]   [4,11] level 1: 2517 pivots (col 7773/18872, rows 18872)
[  6886.1s]   [4,11] level 1: 2519 pivots (col 7775/18872, rows 18872)
[  6888.7s]   [4,11] level 1: 2521 pivots (col 7777/18872, rows 18872)
[  6891.3s]   [4,11] level 1: 2523 pivots (col 7779/18872, rows 18872)
[  6893.8s]   [4,11] level 1: 2525 pivots (col 7782/18872, rows 18872)
[  6896.4s]   [4,11] level 1: 2527 pivots (col 7784/18872, rows 18872)
[  6898.9s]   [4,11] level 1: 2529 pivots (col 7786/18872, rows 18872)
[  6901.5s]   [4,11] level 1: 2531 pivots (col 7788/18872, rows 18872)
[  6904.1s]   [4,11] level 1: 2533 pivots (col 7793/18872, rows 18872)
[  6906.7s]   [4,11] level 1: 2535 pivots (col 7795/18872, rows 18872)
[  6909.2s]   [4,11] level 1: 2537 pivots (col 7797/18872, rows 18872)
[  6911.8s]   [4,11] level 1: 2539 pivots (col 7799/18872, rows 18872)
[  6914.3s]   [4,11] level 1: 2541 pivots (col 7805/18872, rows 18872)
[  6916.9s]   [4,11] level 1: 2543 pivots (col 7807/18872, rows 18872)
[  6919.5s]   [4,11] level 1: 2545 pivots (col 7816/18872, rows 18872)
[  6922.0s]   [4,11] level 1: 2547 pivots (col 7818/18872, rows 18872)
[  6924.5s]   [4,11] level 1: 2549 pivots (col 7827/18872, rows 18872)
[  6927.1s]   [4,11] level 1: 2551 pivots (col 7848/18872, rows 18872)
[  6929.7s]   [4,11] level 1: 2553 pivots (col 7871/18872, rows 18872)
[  6932.2s]   [4,11] level 1: 2555 pivots (col 7873/18872, rows 18872)
[  6934.8s]   [4,11] level 1: 2557 pivots (col 7875/18872, rows 18872)
[  6937.3s]   [4,11] level 1: 2559 pivots (col 7877/18872, rows 18872)
[  6939.9s]   [4,11] level 1: 2561 pivots (col 7880/18872, rows 18872)
[  6942.4s]   [4,11] level 1: 2563 pivots (col 7882/18872, rows 18872)
[  6945.0s]   [4,11] level 1: 2565 pivots (col 7884/18872, rows 18872)
[  6947.5s]   [4,11] level 1: 2567 pivots (col 7886/18872, rows 18872)
[  6950.1s]   [4,11] level 1: 2569 pivots (col 7888/18872, rows 18872)
[  6953.0s]   [4,11] level 1: 2571 pivots (col 7891/18872, rows 18872)
[  6956.1s]   [4,11] level 1: 2573 pivots (col 7893/18872, rows 18872)
[  6958.7s]   [4,11] level 1: 2575 pivots (col 7895/18872, rows 18872)
[  6961.2s]   [4,11] level 1: 2577 pivots (col 7897/18872, rows 18872)
[  6963.9s]   [4,11] level 1: 2579 pivots (col 7899/18872, rows 18872)
[  6966.5s]   [4,11] level 1: 2581 pivots (col 7903/18872, rows 18872)
[  6969.0s]   [4,11] level 1: 2583 pivots (col 7905/18872, rows 18872)
[  6971.5s]   [4,11] level 1: 2585 pivots (col 7907/18872, rows 18872)
[  6974.1s]   [4,11] level 1: 2587 pivots (col 7913/18872, rows 18872)
[  6976.7s]   [4,11] level 1: 2589 pivots (col 7915/18872, rows 18872)
[  6979.3s]   [4,11] level 1: 2591 pivots (col 7917/18872, rows 18872)
[  6981.8s]   [4,11] level 1: 2593 pivots (col 7925/18872, rows 18872)
[  6984.5s]   [4,11] level 1: 2595 pivots (col 7935/18872, rows 18872)
[  6987.1s]   [4,11] level 1: 2597 pivots (col 7946/18872, rows 18872)
[  6989.6s]   [4,11] level 1: 2599 pivots (col 7968/18872, rows 18872)
[  6992.1s]   [4,11] level 1: 2601 pivots (col 7991/18872, rows 18872)
[  6994.7s]   [4,11] level 1: 2603 pivots (col 7993/18872, rows 18872)
[  6997.2s]   [4,11] level 1: 2605 pivots (col 7995/18872, rows 18872)
[  6999.8s]   [4,11] level 1: 2607 pivots (col 7997/18872, rows 18872)
[  7002.3s]   [4,11] level 1: 2609 pivots (col 8000/18872, rows 18872)
[  7004.8s]   [4,11] level 1: 2611 pivots (col 8002/18872, rows 18872)
[  7007.4s]   [4,11] level 1: 2613 pivots (col 8004/18872, rows 18872)
[  7010.0s]   [4,11] level 1: 2615 pivots (col 8006/18872, rows 18872)
[  7012.5s]   [4,11] level 1: 2617 pivots (col 8008/18872, rows 18872)
[  7015.1s]   [4,11] level 1: 2619 pivots (col 8011/18872, rows 18872)
[  7017.6s]   [4,11] level 1: 2621 pivots (col 8013/18872, rows 18872)
[  7020.1s]   [4,11] level 1: 2623 pivots (col 8015/18872, rows 18872)
[  7022.6s]   [4,11] level 1: 2625 pivots (col 8017/18872, rows 18872)
[  7025.1s]   [4,11] level 1: 2627 pivots (col 8019/18872, rows 18872)
[  7027.7s]   [4,11] level 1: 2629 pivots (col 8033/18872, rows 18872)
[  7030.2s]   [4,11] level 1: 2631 pivots (col 8055/18872, rows 18872)
[  7032.7s]   [4,11] level 1: 2633 pivots (col 8077/18872, rows 18872)
[  7035.2s]   [4,11] level 1: 2635 pivots (col 8110/18872, rows 18872)
[  7037.8s]   [4,11] level 1: 2637 pivots (col 8112/18872, rows 18872)
[  7040.3s]   [4,11] level 1: 2639 pivots (col 8114/18872, rows 18872)
[  7042.8s]   [4,11] level 1: 2641 pivots (col 8116/18872, rows 18872)
[  7045.3s]   [4,11] level 1: 2643 pivots (col 8118/18872, rows 18872)
[  7047.8s]   [4,11] level 1: 2645 pivots (col 8121/18872, rows 18872)
[  7050.3s]   [4,11] level 1: 2647 pivots (col 8123/18872, rows 18872)
[  7052.9s]   [4,11] level 1: 2649 pivots (col 8125/18872, rows 18872)
[  7055.4s]   [4,11] level 1: 2651 pivots (col 8127/18872, rows 18872)
[  7057.9s]   [4,11] level 1: 2653 pivots (col 8131/18872, rows 18872)
[  7060.5s]   [4,11] level 1: 2655 pivots (col 8133/18872, rows 18872)
[  7063.0s]   [4,11] level 1: 2657 pivots (col 8142/18872, rows 18872)
[  7065.5s]   [4,11] level 1: 2659 pivots (col 8164/18872, rows 18872)
[  7068.0s]   [4,11] level 1: 2661 pivots (col 8186/18872, rows 18872)
[  7070.5s]   [4,11] level 1: 2663 pivots (col 8208/18872, rows 18872)
[  7073.0s]   [4,11] level 1: 2665 pivots (col 8231/18872, rows 18872)
[  7075.5s]   [4,11] level 1: 2667 pivots (col 8233/18872, rows 18872)
[  7078.1s]   [4,11] level 1: 2669 pivots (col 8235/18872, rows 18872)
[  7080.6s]   [4,11] level 1: 2671 pivots (col 8237/18872, rows 18872)
[  7083.1s]   [4,11] level 1: 2673 pivots (col 8240/18872, rows 18872)
[  7085.7s]   [4,11] level 1: 2675 pivots (col 8242/18872, rows 18872)
[  7088.9s]   [4,11] level 1: 2677 pivots (col 8244/18872, rows 18872)
[  7091.7s]   [4,11] level 1: 2679 pivots (col 8246/18872, rows 18872)
[  7094.4s]   [4,11] level 1: 2681 pivots (col 8248/18872, rows 18872)
[  7096.9s]   [4,11] level 1: 2683 pivots (col 8252/18872, rows 18872)
[  7099.4s]   [4,11] level 1: 2685 pivots (col 8262/18872, rows 18872)
[  7101.9s]   [4,11] level 1: 2687 pivots (col 8284/18872, rows 18872)
[  7104.4s]   [4,11] level 1: 2689 pivots (col 8306/18872, rows 18872)
[  7106.9s]   [4,11] level 1: 2691 pivots (col 8328/18872, rows 18872)
[  7109.6s]   [4,11] level 1: 2693 pivots (col 8715/18872, rows 18872)
[  7112.1s]   [4,11] level 1: 2695 pivots (col 8718/18872, rows 18872)
[  7114.6s]   [4,11] level 1: 2697 pivots (col 8720/18872, rows 18872)
[  7117.1s]   [4,11] level 1: 2699 pivots (col 8723/18872, rows 18872)
[  7119.6s]   [4,11] level 1: 2701 pivots (col 8725/18872, rows 18872)
[  7122.2s]   [4,11] level 1: 2703 pivots (col 8727/18872, rows 18872)
[  7124.8s]   [4,11] level 1: 2705 pivots (col 8729/18872, rows 18872)
[  7127.3s]   [4,11] level 1: 2707 pivots (col 8732/18872, rows 18872)
[  7129.8s]   [4,11] level 1: 2709 pivots (col 8734/18872, rows 18872)
[  7132.3s]   [4,11] level 1: 2711 pivots (col 8736/18872, rows 18872)
[  7134.8s]   [4,11] level 1: 2713 pivots (col 8738/18872, rows 18872)
[  7137.4s]   [4,11] level 1: 2715 pivots (col 8740/18872, rows 18872)
[  7140.0s]   [4,11] level 1: 2717 pivots (col 8743/18872, rows 18872)
[  7142.5s]   [4,11] level 1: 2719 pivots (col 8745/18872, rows 18872)
[  7145.1s]   [4,11] level 1: 2721 pivots (col 8747/18872, rows 18872)
[  7147.6s]   [4,11] level 1: 2723 pivots (col 8749/18872, rows 18872)
[  7150.1s]   [4,11] level 1: 2725 pivots (col 8752/18872, rows 18872)
[  7152.6s]   [4,11] level 1: 2727 pivots (col 8754/18872, rows 18872)
[  7155.1s]   [4,11] level 1: 2729 pivots (col 8756/18872, rows 18872)
[  7157.6s]   [4,11] level 1: 2731 pivots (col 8758/18872, rows 18872)
[  7160.1s]   [4,11] level 1: 2733 pivots (col 8760/18872, rows 18872)
[  7162.6s]   [4,11] level 1: 2735 pivots (col 8763/18872, rows 18872)
[  7165.1s]   [4,11] level 1: 2737 pivots (col 8765/18872, rows 18872)
[  7167.6s]   [4,11] level 1: 2739 pivots (col 8767/18872, rows 18872)
[  7170.1s]   [4,11] level 1: 2741 pivots (col 8769/18872, rows 18872)
[  7172.7s]   [4,11] level 1: 2743 pivots (col 8772/18872, rows 18872)
[  7175.2s]   [4,11] level 1: 2745 pivots (col 8774/18872, rows 18872)
[  7178.2s]   [4,11] level 1: 2747 pivots (col 8805/18872, rows 18872)
[  7180.9s]   [4,11] level 1: 2749 pivots (col 8808/18872, rows 18872)
[  7183.9s]   [4,11] level 1: 2751 pivots (col 8811/18872, rows 18872)
[  7186.9s]   [4,11] level 1: 2753 pivots (col 8813/18872, rows 18872)
[  7189.4s]   [4,11] level 1: 2755 pivots (col 8816/18872, rows 18872)
[  7191.9s]   [4,11] level 1: 2757 pivots (col 8818/18872, rows 18872)
[  7194.5s]   [4,11] level 1: 2759 pivots (col 8820/18872, rows 18872)
[  7197.3s]   [4,11] level 1: 2761 pivots (col 8822/18872, rows 18872)
[  7199.8s]   [4,11] level 1: 2763 pivots (col 8824/18872, rows 18872)
[  7202.6s]   [4,11] level 1: 2765 pivots (col 8827/18872, rows 18872)
[  7205.7s]   [4,11] level 1: 2767 pivots (col 8829/18872, rows 18872)
[  7208.4s]   [4,11] level 1: 2769 pivots (col 8831/18872, rows 18872)
[  7211.0s]   [4,11] level 1: 2771 pivots (col 8833/18872, rows 18872)
[  7213.5s]   [4,11] level 1: 2773 pivots (col 8836/18872, rows 18872)
[  7216.0s]   [4,11] level 1: 2775 pivots (col 8838/18872, rows 18872)
[  7219.5s]   [4,11] level 1: 2777 pivots (col 8840/18872, rows 18872)
[  7221.5s]   [4,11] level 1: 2778 pivots (col 8841/18872, rows 18872)
[  7224.1s]   [4,11] level 1: 2780 pivots (col 8843/18872, rows 18872)
[  7226.6s]   [4,11] level 1: 2782 pivots (col 8846/18872, rows 18872)
[  7229.2s]   [4,11] level 1: 2784 pivots (col 8848/18872, rows 18872)
[  7231.6s]   [4,11] level 1: 2786 pivots (col 8850/18872, rows 18872)
[  7234.1s]   [4,11] level 1: 2788 pivots (col 8852/18872, rows 18872)
[  7236.6s]   [4,11] level 1: 2790 pivots (col 8854/18872, rows 18872)
[  7239.3s]   [4,11] level 1: 2792 pivots (col 8857/18872, rows 18872)
[  7241.8s]   [4,11] level 1: 2794 pivots (col 8859/18872, rows 18872)
[  7244.3s]   [4,11] level 1: 2796 pivots (col 8861/18872, rows 18872)
[  7246.8s]   [4,11] level 1: 2798 pivots (col 8866/18872, rows 18872)
[  7249.2s]   [4,11] level 1: 2800 pivots (col 8868/18872, rows 18872)
[  7251.8s]   [4,11] level 1: 2802 pivots (col 8900/18872, rows 18872)
[  7254.3s]   [4,11] level 1: 2804 pivots (col 8903/18872, rows 18872)
[  7256.7s]   [4,11] level 1: 2806 pivots (col 8905/18872, rows 18872)
[  7259.2s]   [4,11] level 1: 2808 pivots (col 8908/18872, rows 18872)
[  7261.8s]   [4,11] level 1: 2810 pivots (col 8910/18872, rows 18872)
[  7264.3s]   [4,11] level 1: 2812 pivots (col 8912/18872, rows 18872)
[  7266.8s]   [4,11] level 1: 2814 pivots (col 8914/18872, rows 18872)
[  7269.3s]   [4,11] level 1: 2816 pivots (col 8916/18872, rows 18872)
[  7271.7s]   [4,11] level 1: 2818 pivots (col 8919/18872, rows 18872)
[  7274.2s]   [4,11] level 1: 2820 pivots (col 8921/18872, rows 18872)
[  7276.7s]   [4,11] level 1: 2822 pivots (col 8923/18872, rows 18872)
[  7279.2s]   [4,11] level 1: 2824 pivots (col 8925/18872, rows 18872)
[  7282.1s]   [4,11] level 1: 2826 pivots (col 8927/18872, rows 18872)
[  7284.8s]   [4,11] level 1: 2828 pivots (col 8930/18872, rows 18872)
[  7287.6s]   [4,11] level 1: 2830 pivots (col 8932/18872, rows 18872)
[  7290.0s]   [4,11] level 1: 2832 pivots (col 8934/18872, rows 18872)
[  7292.5s]   [4,11] level 1: 2834 pivots (col 8936/18872, rows 18872)
[  7294.9s]   [4,11] level 1: 2836 pivots (col 8938/18872, rows 18872)
[  7297.4s]   [4,11] level 1: 2838 pivots (col 8942/18872, rows 18872)
[  7299.9s]   [4,11] level 1: 2840 pivots (col 8944/18872, rows 18872)
[  7302.3s]   [4,11] level 1: 2842 pivots (col 8946/18872, rows 18872)
[  7304.7s]   [4,11] level 1: 2844 pivots (col 8948/18872, rows 18872)
[  7307.2s]   [4,11] level 1: 2846 pivots (col 8952/18872, rows 18872)
[  7309.7s]   [4,11] level 1: 2848 pivots (col 8954/18872, rows 18872)
[  7312.1s]   [4,11] level 1: 2850 pivots (col 8956/18872, rows 18872)
[  7314.5s]   [4,11] level 1: 2852 pivots (col 8958/18872, rows 18872)
[  7317.1s]   [4,11] level 1: 2854 pivots (col 8964/18872, rows 18872)
[  7319.6s]   [4,11] level 1: 2856 pivots (col 8974/18872, rows 18872)
[  7322.1s]   [4,11] level 1: 2858 pivots (col 9007/18872, rows 18872)
[  7324.5s]   [4,11] level 1: 2860 pivots (col 9009/18872, rows 18872)
[  7327.0s]   [4,11] level 1: 2862 pivots (col 9011/18872, rows 18872)
[  7329.5s]   [4,11] level 1: 2864 pivots (col 9013/18872, rows 18872)
[  7331.9s]   [4,11] level 1: 2866 pivots (col 9015/18872, rows 18872)
[  7334.4s]   [4,11] level 1: 2868 pivots (col 9018/18872, rows 18872)
[  7336.8s]   [4,11] level 1: 2870 pivots (col 9020/18872, rows 18872)
[  7339.3s]   [4,11] level 1: 2872 pivots (col 9022/18872, rows 18872)
[  7341.9s]   [4,11] level 1: 2874 pivots (col 9024/18872, rows 18872)
[  7344.3s]   [4,11] level 1: 2876 pivots (col 9028/18872, rows 18872)
[  7346.8s]   [4,11] level 1: 2878 pivots (col 9030/18872, rows 18872)
[  7349.3s]   [4,11] level 1: 2880 pivots (col 9032/18872, rows 18872)
[  7351.8s]   [4,11] level 1: 2882 pivots (col 9034/18872, rows 18872)
[  7354.3s]   [4,11] level 1: 2884 pivots (col 9036/18872, rows 18872)
[  7356.8s]   [4,11] level 1: 2886 pivots (col 9040/18872, rows 18872)
[  7359.3s]   [4,11] level 1: 2888 pivots (col 9042/18872, rows 18872)
[  7362.3s]   [4,11] level 1: 2890 pivots (col 9044/18872, rows 18872)
[  7364.7s]   [4,11] level 1: 2892 pivots (col 9050/18872, rows 18872)
[  7367.2s]   [4,11] level 1: 2894 pivots (col 9052/18872, rows 18872)
[  7370.0s]   [4,11] level 1: 2896 pivots (col 9054/18872, rows 18872)
[  7372.5s]   [4,11] level 1: 2898 pivots (col 9056/18872, rows 18872)
[  7374.9s]   [4,11] level 1: 2900 pivots (col 9062/18872, rows 18872)
[  7377.4s]   [4,11] level 1: 2902 pivots (col 9064/18872, rows 18872)
[  7379.8s]   [4,11] level 1: 2904 pivots (col 9072/18872, rows 18872)
[  7382.3s]   [4,11] level 1: 2906 pivots (col 9074/18872, rows 18872)
[  7385.0s]   [4,11] level 1: 2908 pivots (col 9084/18872, rows 18872)
[  7387.5s]   [4,11] level 1: 2910 pivots (col 9127/18872, rows 18872)
[  7389.9s]   [4,11] level 1: 2912 pivots (col 9129/18872, rows 18872)
[  7392.4s]   [4,11] level 1: 2914 pivots (col 9131/18872, rows 18872)
[  7394.9s]   [4,11] level 1: 2916 pivots (col 9133/18872, rows 18872)
[  7397.8s]   [4,11] level 1: 2918 pivots (col 9135/18872, rows 18872)
[  7400.3s]   [4,11] level 1: 2920 pivots (col 9138/18872, rows 18872)
[  7402.8s]   [4,11] level 1: 2922 pivots (col 9140/18872, rows 18872)
[  7405.2s]   [4,11] level 1: 2924 pivots (col 9142/18872, rows 18872)
[  7407.8s]   [4,11] level 1: 2926 pivots (col 9144/18872, rows 18872)
[  7410.5s]   [4,11] level 1: 2928 pivots (col 9146/18872, rows 18872)
[  7413.1s]   [4,11] level 1: 2930 pivots (col 9150/18872, rows 18872)
[  7416.0s]   [4,11] level 1: 2932 pivots (col 9152/18872, rows 18872)
[  7418.6s]   [4,11] level 1: 2934 pivots (col 9154/18872, rows 18872)
[  7421.4s]   [4,11] level 1: 2936 pivots (col 9160/18872, rows 18872)
[  7424.0s]   [4,11] level 1: 2938 pivots (col 9162/18872, rows 18872)
[  7426.1s]   [4,11] level 1: 2939 pivots (col 9163/18872, rows 18872)
[  7429.1s]   [4,11] level 1: 2941 pivots (col 9171/18872, rows 18872)
[  7431.9s]   [4,11] level 1: 2943 pivots (col 9173/18872, rows 18872)
[  7434.4s]   [4,11] level 1: 2945 pivots (col 9182/18872, rows 18872)
[  7436.8s]   [4,11] level 1: 2947 pivots (col 9184/18872, rows 18872)
[  7439.3s]   [4,11] level 1: 2949 pivots (col 9194/18872, rows 18872)
[  7442.1s]   [4,11] level 1: 2951 pivots (col 9215/18872, rows 18872)
[  7444.5s]   [4,11] level 1: 2953 pivots (col 9249/18872, rows 18872)
[  7447.0s]   [4,11] level 1: 2955 pivots (col 9251/18872, rows 18872)
[  7449.4s]   [4,11] level 1: 2957 pivots (col 9253/18872, rows 18872)
[  7451.8s]   [4,11] level 1: 2959 pivots (col 9255/18872, rows 18872)
[  7454.2s]   [4,11] level 1: 2961 pivots (col 9257/18872, rows 18872)
[  7456.7s]   [4,11] level 1: 2963 pivots (col 9260/18872, rows 18872)
[  7459.1s]   [4,11] level 1: 2965 pivots (col 9262/18872, rows 18872)
[  7461.6s]   [4,11] level 1: 2967 pivots (col 9264/18872, rows 18872)
[  7464.0s]   [4,11] level 1: 2969 pivots (col 9266/18872, rows 18872)
[  7466.4s]   [4,11] level 1: 2971 pivots (col 9270/18872, rows 18872)
[  7468.9s]   [4,11] level 1: 2973 pivots (col 9272/18872, rows 18872)
[  7471.3s]   [4,11] level 1: 2975 pivots (col 9274/18872, rows 18872)
[  7473.7s]   [4,11] level 1: 2977 pivots (col 9276/18872, rows 18872)
[  7476.1s]   [4,11] level 1: 2979 pivots (col 9292/18872, rows 18872)
[  7478.6s]   [4,11] level 1: 2981 pivots (col 9314/18872, rows 18872)
[  7481.1s]   [4,11] level 1: 2983 pivots (col 9336/18872, rows 18872)
[  7483.6s]   [4,11] level 1: 2985 pivots (col 9370/18872, rows 18872)
[  7486.0s]   [4,11] level 1: 2987 pivots (col 9372/18872, rows 18872)
[  7488.4s]   [4,11] level 1: 2989 pivots (col 9374/18872, rows 18872)
[  7491.0s]   [4,11] level 1: 2991 pivots (col 9376/18872, rows 18872)
[  7493.4s]   [4,11] level 1: 2993 pivots (col 9378/18872, rows 18872)
[  7495.8s]   [4,11] level 1: 2995 pivots (col 9381/18872, rows 18872)
[  7498.3s]   [4,11] level 1: 2997 pivots (col 9383/18872, rows 18872)
[  7500.7s]   [4,11] level 1: 2999 pivots (col 9385/18872, rows 18872)
[  7503.1s]   [4,11] level 1: 3001 pivots (col 9387/18872, rows 18872)
[  7505.6s]   [4,11] level 1: 3003 pivots (col 9392/18872, rows 18872)
[  7508.2s]   [4,11] level 1: 3005 pivots (col 9394/18872, rows 18872)
[  7510.9s]   [4,11] level 1: 3007 pivots (col 9396/18872, rows 18872)
[  7513.4s]   [4,11] level 1: 3009 pivots (col 9402/18872, rows 18872)
[  7515.8s]   [4,11] level 1: 3011 pivots (col 9424/18872, rows 18872)
[  7518.2s]   [4,11] level 1: 3013 pivots (col 9446/18872, rows 18872)
[  7520.6s]   [4,11] level 1: 3015 pivots (col 9490/18872, rows 18872)
[  7523.8s]   [4,11] level 1: 3017 pivots (col 9492/18872, rows 18872)
[  7526.2s]   [4,11] level 1: 3019 pivots (col 9494/18872, rows 18872)
[  7528.7s]   [4,11] level 1: 3021 pivots (col 9496/18872, rows 18872)
[  7531.2s]   [4,11] level 1: 3023 pivots (col 9498/18872, rows 18872)
[  7533.6s]   [4,11] level 1: 3025 pivots (col 9502/18872, rows 18872)
[  7536.0s]   [4,11] level 1: 3027 pivots (col 9504/18872, rows 18872)
[  7538.4s]   [4,11] level 1: 3029 pivots (col 9513/18872, rows 18872)
[  7540.8s]   [4,11] level 1: 3031 pivots (col 9523/18872, rows 18872)
[  7543.3s]   [4,11] level 1: 3033 pivots (col 9611/18872, rows 18872)
[  7545.7s]   [4,11] level 1: 3035 pivots (col 9613/18872, rows 18872)
[  7548.2s]   [4,11] level 1: 3037 pivots (col 9976/18872, rows 18872)
[  7550.7s]   [4,11] level 1: 3039 pivots (col 9978/18872, rows 18872)
[  7553.3s]   [4,11] level 1: 3041 pivots (col 9981/18872, rows 18872)
[  7555.7s]   [4,11] level 1: 3043 pivots (col 9983/18872, rows 18872)
[  7558.2s]   [4,11] level 1: 3045 pivots (col 9986/18872, rows 18872)
[  7560.6s]   [4,11] level 1: 3047 pivots (col 9988/18872, rows 18872)
[  7563.0s]   [4,11] level 1: 3049 pivots (col 9990/18872, rows 18872)
[  7565.4s]   [4,11] level 1: 3051 pivots (col 9992/18872, rows 18872)
[  7567.8s]   [4,11] level 1: 3053 pivots (col 9995/18872, rows 18872)
[  7570.2s]   [4,11] level 1: 3055 pivots (col 9997/18872, rows 18872)
[  7572.6s]   [4,11] level 1: 3057 pivots (col 9999/18872, rows 18872)
[  7575.0s]   [4,11] level 1: 3059 pivots (col 10001/18872, rows 18872)
[  7577.4s]   [4,11] level 1: 3061 pivots (col 10003/18872, rows 18872)
[  7579.8s]   [4,11] level 1: 3063 pivots (col 10006/18872, rows 18872)
[  7582.2s]   [4,11] level 1: 3065 pivots (col 10008/18872, rows 18872)
[  7584.6s]   [4,11] level 1: 3067 pivots (col 10010/18872, rows 18872)
[  7587.1s]   [4,11] level 1: 3069 pivots (col 10012/18872, rows 18872)
[  7589.6s]   [4,11] level 1: 3071 pivots (col 10015/18872, rows 18872)
[  7592.0s]   [4,11] level 1: 3073 pivots (col 10017/18872, rows 18872)
[  7594.4s]   [4,11] level 1: 3075 pivots (col 10019/18872, rows 18872)
[  7596.8s]   [4,11] level 1: 3077 pivots (col 10021/18872, rows 18872)
[  7599.1s]   [4,11] level 1: 3079 pivots (col 10023/18872, rows 18872)
[  7601.5s]   [4,11] level 1: 3081 pivots (col 10026/18872, rows 18872)
[  7603.9s]   [4,11] level 1: 3083 pivots (col 10028/18872, rows 18872)
[  7606.3s]   [4,11] level 1: 3085 pivots (col 10030/18872, rows 18872)
[  7608.7s]   [4,11] level 1: 3087 pivots (col 10032/18872, rows 18872)
[  7611.1s]   [4,11] level 1: 3089 pivots (col 10068/18872, rows 18872)
[  7613.4s]   [4,11] level 1: 3091 pivots (col 10071/18872, rows 18872)
[  7615.8s]   [4,11] level 1: 3093 pivots (col 10073/18872, rows 18872)
[  7618.2s]   [4,11] level 1: 3095 pivots (col 10076/18872, rows 18872)
[  7620.6s]   [4,11] level 1: 3097 pivots (col 10078/18872, rows 18872)
[  7623.0s]   [4,11] level 1: 3099 pivots (col 10081/18872, rows 18872)
[  7625.3s]   [4,11] level 1: 3101 pivots (col 10083/18872, rows 18872)
[  7627.7s]   [4,11] level 1: 3103 pivots (col 10085/18872, rows 18872)
[  7630.1s]   [4,11] level 1: 3105 pivots (col 10087/18872, rows 18872)
[  7632.5s]   [4,11] level 1: 3107 pivots (col 10090/18872, rows 18872)
[  7634.9s]   [4,11] level 1: 3109 pivots (col 10092/18872, rows 18872)
[  7637.2s]   [4,11] level 1: 3111 pivots (col 10094/18872, rows 18872)
[  7639.6s]   [4,11] level 1: 3113 pivots (col 10096/18872, rows 18872)
[  7641.9s]   [4,11] level 1: 3115 pivots (col 10098/18872, rows 18872)
[  7644.3s]   [4,11] level 1: 3117 pivots (col 10101/18872, rows 18872)
[  7646.7s]   [4,11] level 1: 3119 pivots (col 10103/18872, rows 18872)
[  7649.0s]   [4,11] level 1: 3121 pivots (col 10105/18872, rows 18872)
[  7651.4s]   [4,11] level 1: 3123 pivots (col 10107/18872, rows 18872)
[  7653.7s]   [4,11] level 1: 3125 pivots (col 10110/18872, rows 18872)
[  7656.1s]   [4,11] level 1: 3127 pivots (col 10112/18872, rows 18872)
[  7658.4s]   [4,11] level 1: 3129 pivots (col 10114/18872, rows 18872)
[  7660.8s]   [4,11] level 1: 3131 pivots (col 10116/18872, rows 18872)
[  7663.1s]   [4,11] level 1: 3133 pivots (col 10118/18872, rows 18872)
[  7665.5s]   [4,11] level 1: 3135 pivots (col 10121/18872, rows 18872)
[  7667.8s]   [4,11] level 1: 3137 pivots (col 10123/18872, rows 18872)
[  7670.2s]   [4,11] level 1: 3139 pivots (col 10125/18872, rows 18872)
[  7672.6s]   [4,11] level 1: 3141 pivots (col 10163/18872, rows 18872)
[  7674.9s]   [4,11] level 1: 3143 pivots (col 10165/18872, rows 18872)
[  7677.3s]   [4,11] level 1: 3145 pivots (col 10168/18872, rows 18872)
[  7679.7s]   [4,11] level 1: 3147 pivots (col 10170/18872, rows 18872)
[  7682.0s]   [4,11] level 1: 3149 pivots (col 10172/18872, rows 18872)
[  7684.4s]   [4,11] level 1: 3151 pivots (col 10175/18872, rows 18872)
[  7686.8s]   [4,11] level 1: 3153 pivots (col 10177/18872, rows 18872)
[  7689.1s]   [4,11] level 1: 3155 pivots (col 10179/18872, rows 18872)
[  7691.5s]   [4,11] level 1: 3157 pivots (col 10181/18872, rows 18872)
[  7693.9s]   [4,11] level 1: 3159 pivots (col 10183/18872, rows 18872)
[  7696.3s]   [4,11] level 1: 3161 pivots (col 10186/18872, rows 18872)
[  7698.6s]   [4,11] level 1: 3163 pivots (col 10188/18872, rows 18872)
[  7701.0s]   [4,11] level 1: 3165 pivots (col 10190/18872, rows 18872)
[  7703.3s]   [4,11] level 1: 3167 pivots (col 10192/18872, rows 18872)
[  7705.7s]   [4,11] level 1: 3169 pivots (col 10194/18872, rows 18872)
[  7708.0s]   [4,11] level 1: 3171 pivots (col 10197/18872, rows 18872)
[  7710.4s]   [4,11] level 1: 3173 pivots (col 10199/18872, rows 18872)
[  7712.7s]   [4,11] level 1: 3175 pivots (col 10201/18872, rows 18872)
[  7715.1s]   [4,11] level 1: 3177 pivots (col 10203/18872, rows 18872)
[  7717.4s]   [4,11] level 1: 3179 pivots (col 10207/18872, rows 18872)
[  7719.7s]   [4,11] level 1: 3181 pivots (col 10209/18872, rows 18872)
[  7722.1s]   [4,11] level 1: 3183 pivots (col 10211/18872, rows 18872)
[  7724.4s]   [4,11] level 1: 3185 pivots (col 10213/18872, rows 18872)
[  7726.8s]   [4,11] level 1: 3187 pivots (col 10218/18872, rows 18872)
[  7729.1s]   [4,11] level 1: 3189 pivots (col 10220/18872, rows 18872)
[  7731.5s]   [4,11] level 1: 3191 pivots (col 10222/18872, rows 18872)
[  7733.8s]   [4,11] level 1: 3193 pivots (col 10224/18872, rows 18872)
[  7736.2s]   [4,11] level 1: 3195 pivots (col 10230/18872, rows 18872)
[  7738.5s]   [4,11] level 1: 3197 pivots (col 10273/18872, rows 18872)
[  7740.9s]   [4,11] level 1: 3199 pivots (col 10275/18872, rows 18872)
[  7743.2s]   [4,11] level 1: 3201 pivots (col 10277/18872, rows 18872)
[  7745.6s]   [4,11] level 1: 3203 pivots (col 10279/18872, rows 18872)
[  7747.9s]   [4,11] level 1: 3205 pivots (col 10283/18872, rows 18872)
[  7750.2s]   [4,11] level 1: 3207 pivots (col 10285/18872, rows 18872)
[  7752.6s]   [4,11] level 1: 3209 pivots (col 10287/18872, rows 18872)
[  7755.0s]   [4,11] level 1: 3211 pivots (col 10289/18872, rows 18872)
[  7757.3s]   [4,11] level 1: 3213 pivots (col 10291/18872, rows 18872)
[  7759.6s]   [4,11] level 1: 3215 pivots (col 10295/18872, rows 18872)
[  7762.0s]   [4,11] level 1: 3217 pivots (col 10297/18872, rows 18872)
[  7764.3s]   [4,11] level 1: 3219 pivots (col 10299/18872, rows 18872)
[  7766.6s]   [4,11] level 1: 3221 pivots (col 10301/18872, rows 18872)
[  7769.0s]   [4,11] level 1: 3223 pivots (col 10305/18872, rows 18872)
[  7771.3s]   [4,11] level 1: 3225 pivots (col 10307/18872, rows 18872)
[  7773.6s]   [4,11] level 1: 3227 pivots (col 10309/18872, rows 18872)
[  7776.0s]   [4,11] level 1: 3229 pivots (col 10311/18872, rows 18872)
[  7778.3s]   [4,11] level 1: 3231 pivots (col 10317/18872, rows 18872)
[  7780.6s]   [4,11] level 1: 3233 pivots (col 10319/18872, rows 18872)
[  7783.0s]   [4,11] level 1: 3235 pivots (col 10321/18872, rows 18872)
[  7785.3s]   [4,11] level 1: 3237 pivots (col 10327/18872, rows 18872)
[  7787.6s]   [4,11] level 1: 3239 pivots (col 10329/18872, rows 18872)
[  7789.9s]   [4,11] level 1: 3241 pivots (col 10338/18872, rows 18872)
[  7792.3s]   [4,11] level 1: 3243 pivots (col 10340/18872, rows 18872)
[  7794.6s]   [4,11] level 1: 3245 pivots (col 10350/18872, rows 18872)
[  7797.0s]   [4,11] level 1: 3247 pivots (col 10394/18872, rows 18872)
[  7799.3s]   [4,11] level 1: 3249 pivots (col 10396/18872, rows 18872)
[  7801.6s]   [4,11] level 1: 3251 pivots (col 10398/18872, rows 18872)
[  7804.0s]   [4,11] level 1: 3253 pivots (col 10400/18872, rows 18872)
[  7806.3s]   [4,11] level 1: 3255 pivots (col 10404/18872, rows 18872)
[  7808.6s]   [4,11] level 1: 3257 pivots (col 10406/18872, rows 18872)
[  7810.9s]   [4,11] level 1: 3259 pivots (col 10408/18872, rows 18872)
[  7813.3s]   [4,11] level 1: 3261 pivots (col 10410/18872, rows 18872)
[  7815.6s]   [4,11] level 1: 3263 pivots (col 10416/18872, rows 18872)
[  7817.9s]   [4,11] level 1: 3265 pivots (col 10418/18872, rows 18872)
[  7820.2s]   [4,11] level 1: 3267 pivots (col 10420/18872, rows 18872)
[  7822.6s]   [4,11] level 1: 3269 pivots (col 10427/18872, rows 18872)
[  7824.9s]   [4,11] level 1: 3271 pivots (col 10429/18872, rows 18872)
[  7827.2s]   [4,11] level 1: 3273 pivots (col 10437/18872, rows 18872)
[  7829.5s]   [4,11] level 1: 3275 pivots (col 10439/18872, rows 18872)
[  7831.8s]   [4,11] level 1: 3277 pivots (col 10448/18872, rows 18872)
[  7834.1s]   [4,11] level 1: 3279 pivots (col 10450/18872, rows 18872)
[  7836.5s]   [4,11] level 1: 3281 pivots (col 10470/18872, rows 18872)
[  7838.8s]   [4,11] level 1: 3283 pivots (col 10515/18872, rows 18872)
[  7841.1s]   [4,11] level 1: 3285 pivots (col 10517/18872, rows 18872)
[  7843.4s]   [4,11] level 1: 3287 pivots (col 10519/18872, rows 18872)
[  7845.8s]   [4,11] level 1: 3289 pivots (col 10521/18872, rows 18872)
[  7848.1s]   [4,11] level 1: 3291 pivots (col 10525/18872, rows 18872)
[  7850.4s]   [4,11] level 1: 3293 pivots (col 10527/18872, rows 18872)
[  7852.7s]   [4,11] level 1: 3295 pivots (col 10529/18872, rows 18872)
[  7855.1s]   [4,11] level 1: 3297 pivots (col 10531/18872, rows 18872)
[  7857.4s]   [4,11] level 1: 3299 pivots (col 10537/18872, rows 18872)
[  7859.7s]   [4,11] level 1: 3301 pivots (col 10539/18872, rows 18872)
[  7862.0s]   [4,11] level 1: 3303 pivots (col 10541/18872, rows 18872)
[  7864.3s]   [4,11] level 1: 3305 pivots (col 10558/18872, rows 18872)
[  7866.6s]   [4,11] level 1: 3307 pivots (col 10580/18872, rows 18872)
[  7869.0s]   [4,11] level 1: 3309 pivots (col 10635/18872, rows 18872)
[  7871.3s]   [4,11] level 1: 3311 pivots (col 10637/18872, rows 18872)
[  7873.6s]   [4,11] level 1: 3313 pivots (col 10639/18872, rows 18872)
[  7875.9s]   [4,11] level 1: 3315 pivots (col 10641/18872, rows 18872)
[  7878.2s]   [4,11] level 1: 3317 pivots (col 10643/18872, rows 18872)
[  7880.5s]   [4,11] level 1: 3319 pivots (col 10647/18872, rows 18872)
[  7882.9s]   [4,11] level 1: 3321 pivots (col 10649/18872, rows 18872)
[  7885.2s]   [4,11] level 1: 3323 pivots (col 10651/18872, rows 18872)
[  7887.5s]   [4,11] level 1: 3325 pivots (col 10657/18872, rows 18872)
[  7889.8s]   [4,11] level 1: 3327 pivots (col 10659/18872, rows 18872)
[  7892.1s]   [4,11] level 1: 3329 pivots (col 10661/18872, rows 18872)
[  7894.4s]   [4,11] level 1: 3331 pivots (col 10668/18872, rows 18872)
[  7896.7s]   [4,11] level 1: 3333 pivots (col 10690/18872, rows 18872)
[  7899.0s]   [4,11] level 1: 3335 pivots (col 10712/18872, rows 18872)
[  7901.3s]   [4,11] level 1: 3337 pivots (col 10757/18872, rows 18872)
[  7903.7s]   [4,11] level 1: 3339 pivots (col 10759/18872, rows 18872)
[  7906.0s]   [4,11] level 1: 3341 pivots (col 10761/18872, rows 18872)
[  7908.3s]   [4,11] level 1: 3343 pivots (col 10763/18872, rows 18872)
[  7910.6s]   [4,11] level 1: 3345 pivots (col 10768/18872, rows 18872)
[  7912.9s]   [4,11] level 1: 3347 pivots (col 10770/18872, rows 18872)
[  7915.2s]   [4,11] level 1: 3349 pivots (col 10779/18872, rows 18872)
[  7917.5s]   [4,11] level 1: 3351 pivots (col 10789/18872, rows 18872)
[  7919.8s]   [4,11] level 1: 3353 pivots (col 11240/18872, rows 18872)
[  7922.1s]   [4,11] level 1: 3355 pivots (col 11243/18872, rows 18872)
[  7924.4s]   [4,11] level 1: 3357 pivots (col 11246/18872, rows 18872)
[  7926.8s]   [4,11] level 1: 3359 pivots (col 11248/18872, rows 18872)
[  7929.1s]   [4,11] level 1: 3361 pivots (col 11251/18872, rows 18872)
[  7931.4s]   [4,11] level 1: 3363 pivots (col 11253/18872, rows 18872)
[  7933.7s]   [4,11] level 1: 3365 pivots (col 11255/18872, rows 18872)
[  7936.1s]   [4,11] level 1: 3367 pivots (col 11257/18872, rows 18872)
[  7938.4s]   [4,11] level 1: 3369 pivots (col 11259/18872, rows 18872)
[  7940.7s]   [4,11] level 1: 3371 pivots (col 11262/18872, rows 18872)
[  7943.0s]   [4,11] level 1: 3373 pivots (col 11264/18872, rows 18872)
[  7945.3s]   [4,11] level 1: 3375 pivots (col 11266/18872, rows 18872)
[  7947.6s]   [4,11] level 1: 3377 pivots (col 11268/18872, rows 18872)
[  7949.9s]   [4,11] level 1: 3379 pivots (col 11271/18872, rows 18872)
[  7952.3s]   [4,11] level 1: 3381 pivots (col 11273/18872, rows 18872)
[  7954.6s]   [4,11] level 1: 3383 pivots (col 11275/18872, rows 18872)
[  7956.9s]   [4,11] level 1: 3385 pivots (col 11277/18872, rows 18872)
[  7959.2s]   [4,11] level 1: 3387 pivots (col 11279/18872, rows 18872)
[  7961.5s]   [4,11] level 1: 3389 pivots (col 11282/18872, rows 18872)
[  7963.8s]   [4,11] level 1: 3391 pivots (col 11284/18872, rows 18872)
[  7966.1s]   [4,11] level 1: 3393 pivots (col 11286/18872, rows 18872)
[  7968.4s]   [4,11] level 1: 3395 pivots (col 11288/18872, rows 18872)
[  7970.7s]   [4,11] level 1: 3397 pivots (col 11291/18872, rows 18872)
[  7973.0s]   [4,11] level 1: 3399 pivots (col 11293/18872, rows 18872)
[  7975.2s]   [4,11] level 1: 3401 pivots (col 11295/18872, rows 18872)
[  7977.5s]   [4,11] level 1: 3403 pivots (col 11297/18872, rows 18872)
[  7979.8s]   [4,11] level 1: 3405 pivots (col 11301/18872, rows 18872)
[  7982.1s]   [4,11] level 1: 3407 pivots (col 11303/18872, rows 18872)
[  7984.4s]   [4,11] level 1: 3409 pivots (col 11313/18872, rows 18872)
[  7986.7s]   [4,11] level 1: 3411 pivots (col 11334/18872, rows 18872)
[  7989.0s]   [4,11] level 1: 3413 pivots (col 11336/18872, rows 18872)
[  7991.3s]   [4,11] level 1: 3415 pivots (col 11339/18872, rows 18872)
[  7993.6s]   [4,11] level 1: 3417 pivots (col 11341/18872, rows 18872)
[  7995.9s]   [4,11] level 1: 3419 pivots (col 11344/18872, rows 18872)
[  7998.2s]   [4,11] level 1: 3421 pivots (col 11346/18872, rows 18872)
[  8000.5s]   [4,11] level 1: 3423 pivots (col 11349/18872, rows 18872)
[  8002.8s]   [4,11] level 1: 3425 pivots (col 11351/18872, rows 18872)
[  8005.1s]   [4,11] level 1: 3427 pivots (col 11353/18872, rows 18872)
[  8007.4s]   [4,11] level 1: 3429 pivots (col 11355/18872, rows 18872)
[  8009.7s]   [4,11] level 1: 3431 pivots (col 11357/18872, rows 18872)
[  8011.9s]   [4,11] level 1: 3433 pivots (col 11360/18872, rows 18872)
[  8014.2s]   [4,11] level 1: 3435 pivots (col 11362/18872, rows 18872)
[  8016.5s]   [4,11] level 1: 3437 pivots (col 11364/18872, rows 18872)
[  8018.8s]   [4,11] level 1: 3439 pivots (col 11366/18872, rows 18872)
[  8021.1s]   [4,11] level 1: 3441 pivots (col 11370/18872, rows 18872)
[  8023.4s]   [4,11] level 1: 3443 pivots (col 11372/18872, rows 18872)
[  8025.6s]   [4,11] level 1: 3445 pivots (col 11374/18872, rows 18872)
[  8027.9s]   [4,11] level 1: 3447 pivots (col 11376/18872, rows 18872)
[  8030.2s]   [4,11] level 1: 3449 pivots (col 11380/18872, rows 18872)
[  8032.4s]   [4,11] level 1: 3451 pivots (col 11382/18872, rows 18872)
[  8034.7s]   [4,11] level 1: 3453 pivots (col 11384/18872, rows 18872)
[  8037.0s]   [4,11] level 1: 3455 pivots (col 11386/18872, rows 18872)
[  8039.3s]   [4,11] level 1: 3457 pivots (col 11390/18872, rows 18872)
[  8041.5s]   [4,11] level 1: 3459 pivots (col 11392/18872, rows 18872)
[  8043.8s]   [4,11] level 1: 3461 pivots (col 11394/18872, rows 18872)
[  8046.1s]   [4,11] level 1: 3463 pivots (col 11401/18872, rows 18872)
[  8048.3s]   [4,11] level 1: 3465 pivots (col 11411/18872, rows 18872)
[  8050.6s]   [4,11] level 1: 3467 pivots (col 11433/18872, rows 18872)
[  8052.9s]   [4,11] level 1: 3469 pivots (col 11435/18872, rows 18872)
[  8055.2s]   [4,11] level 1: 3471 pivots (col 11438/18872, rows 18872)
[  8057.4s]   [4,11] level 1: 3473 pivots (col 11440/18872, rows 18872)
[  8059.7s]   [4,11] level 1: 3475 pivots (col 11442/18872, rows 18872)
[  8062.0s]   [4,11] level 1: 3477 pivots (col 11445/18872, rows 18872)
[  8064.3s]   [4,11] level 1: 3479 pivots (col 11447/18872, rows 18872)
[  8066.5s]   [4,11] level 1: 3481 pivots (col 11449/18872, rows 18872)
[  8068.8s]   [4,11] level 1: 3483 pivots (col 11451/18872, rows 18872)
[  8071.1s]   [4,11] level 1: 3485 pivots (col 11453/18872, rows 18872)
[  8073.3s]   [4,11] level 1: 3487 pivots (col 11456/18872, rows 18872)
[  8075.6s]   [4,11] level 1: 3489 pivots (col 11458/18872, rows 18872)
[  8077.9s]   [4,11] level 1: 3491 pivots (col 11460/18872, rows 18872)
[  8080.1s]   [4,11] level 1: 3493 pivots (col 11462/18872, rows 18872)
[  8082.4s]   [4,11] level 1: 3495 pivots (col 11467/18872, rows 18872)
[  8084.7s]   [4,11] level 1: 3497 pivots (col 11469/18872, rows 18872)
[  8086.9s]   [4,11] level 1: 3499 pivots (col 11471/18872, rows 18872)
[  8089.2s]   [4,11] level 1: 3501 pivots (col 11477/18872, rows 18872)
[  8091.4s]   [4,11] level 1: 3503 pivots (col 11479/18872, rows 18872)
[  8093.7s]   [4,11] level 1: 3505 pivots (col 11481/18872, rows 18872)
[  8096.0s]   [4,11] level 1: 3507 pivots (col 11489/18872, rows 18872)
[  8098.2s]   [4,11] level 1: 3509 pivots (col 11491/18872, rows 18872)
[  8100.5s]   [4,11] level 1: 3511 pivots (col 11499/18872, rows 18872)
[  8102.7s]   [4,11] level 1: 3513 pivots (col 11510/18872, rows 18872)
[  8105.0s]   [4,11] level 1: 3515 pivots (col 11521/18872, rows 18872)
[  8107.2s]   [4,11] level 1: 3517 pivots (col 11544/18872, rows 18872)
[  8109.5s]   [4,11] level 1: 3519 pivots (col 11546/18872, rows 18872)
[  8111.8s]   [4,11] level 1: 3521 pivots (col 11548/18872, rows 18872)
[  8114.0s]   [4,11] level 1: 3523 pivots (col 11550/18872, rows 18872)
[  8116.3s]   [4,11] level 1: 3525 pivots (col 11553/18872, rows 18872)
[  8118.5s]   [4,11] level 1: 3527 pivots (col 11555/18872, rows 18872)
[  8120.8s]   [4,11] level 1: 3529 pivots (col 11557/18872, rows 18872)
[  8123.0s]   [4,11] level 1: 3531 pivots (col 11559/18872, rows 18872)
[  8125.3s]   [4,11] level 1: 3533 pivots (col 11561/18872, rows 18872)
[  8127.5s]   [4,11] level 1: 3535 pivots (col 11564/18872, rows 18872)
[  8129.8s]   [4,11] level 1: 3537 pivots (col 11566/18872, rows 18872)
[  8132.0s]   [4,11] level 1: 3539 pivots (col 11568/18872, rows 18872)
[  8134.3s]   [4,11] level 1: 3541 pivots (col 11570/18872, rows 18872)
[  8136.5s]   [4,11] level 1: 3543 pivots (col 11572/18872, rows 18872)
[  8138.8s]   [4,11] level 1: 3545 pivots (col 11576/18872, rows 18872)
[  8141.0s]   [4,11] level 1: 3547 pivots (col 11578/18872, rows 18872)
[  8143.2s]   [4,11] level 1: 3549 pivots (col 11580/18872, rows 18872)
[  8145.5s]   [4,11] level 1: 3551 pivots (col 11586/18872, rows 18872)
[  8147.7s]   [4,11] level 1: 3553 pivots (col 11588/18872, rows 18872)
[  8150.0s]   [4,11] level 1: 3555 pivots (col 11590/18872, rows 18872)
[  8152.2s]   [4,11] level 1: 3557 pivots (col 11598/18872, rows 18872)
[  8154.4s]   [4,11] level 1: 3559 pivots (col 11608/18872, rows 18872)
[  8156.7s]   [4,11] level 1: 3561 pivots (col 11619/18872, rows 18872)
[  8158.9s]   [4,11] level 1: 3563 pivots (col 11641/18872, rows 18872)
[  8161.2s]   [4,11] level 1: 3565 pivots (col 11664/18872, rows 18872)
[  8163.4s]   [4,11] level 1: 3567 pivots (col 11666/18872, rows 18872)
[  8165.6s]   [4,11] level 1: 3569 pivots (col 11668/18872, rows 18872)
[  8167.9s]   [4,11] level 1: 3571 pivots (col 11670/18872, rows 18872)
[  8170.1s]   [4,11] level 1: 3573 pivots (col 11673/18872, rows 18872)
[  8172.3s]   [4,11] level 1: 3575 pivots (col 11675/18872, rows 18872)
[  8174.6s]   [4,11] level 1: 3577 pivots (col 11677/18872, rows 18872)
[  8176.8s]   [4,11] level 1: 3579 pivots (col 11679/18872, rows 18872)
[  8179.1s]   [4,11] level 1: 3581 pivots (col 11681/18872, rows 18872)
[  8181.3s]   [4,11] level 1: 3583 pivots (col 11684/18872, rows 18872)
[  8183.5s]   [4,11] level 1: 3585 pivots (col 11686/18872, rows 18872)
[  8185.7s]   [4,11] level 1: 3587 pivots (col 11688/18872, rows 18872)
[  8188.0s]   [4,11] level 1: 3589 pivots (col 11690/18872, rows 18872)
[  8190.2s]   [4,11] level 1: 3591 pivots (col 11692/18872, rows 18872)
[  8192.4s]   [4,11] level 1: 3593 pivots (col 11696/18872, rows 18872)
[  8194.6s]   [4,11] level 1: 3595 pivots (col 11698/18872, rows 18872)
[  8196.9s]   [4,11] level 1: 3597 pivots (col 11707/18872, rows 18872)
[  8199.1s]   [4,11] level 1: 3599 pivots (col 11717/18872, rows 18872)
[  8201.3s]   [4,11] level 1: 3601 pivots (col 11728/18872, rows 18872)
[  8203.5s]   [4,11] level 1: 3603 pivots (col 11750/18872, rows 18872)
[  8205.8s]   [4,11] level 1: 3605 pivots (col 11783/18872, rows 18872)
[  8208.0s]   [4,11] level 1: 3607 pivots (col 11785/18872, rows 18872)
[  8210.2s]   [4,11] level 1: 3609 pivots (col 11787/18872, rows 18872)
[  8212.5s]   [4,11] level 1: 3611 pivots (col 11789/18872, rows 18872)
[  8214.7s]   [4,11] level 1: 3613 pivots (col 11791/18872, rows 18872)
[  8216.9s]   [4,11] level 1: 3615 pivots (col 11794/18872, rows 18872)
[  8219.1s]   [4,11] level 1: 3617 pivots (col 11796/18872, rows 18872)
[  8221.3s]   [4,11] level 1: 3619 pivots (col 11798/18872, rows 18872)
[  8223.6s]   [4,11] level 1: 3621 pivots (col 11800/18872, rows 18872)
[  8225.8s]   [4,11] level 1: 3623 pivots (col 11802/18872, rows 18872)
[  8228.0s]   [4,11] level 1: 3625 pivots (col 11805/18872, rows 18872)
[  8230.2s]   [4,11] level 1: 3627 pivots (col 11807/18872, rows 18872)
[  8232.4s]   [4,11] level 1: 3629 pivots (col 11809/18872, rows 18872)
[  8234.7s]   [4,11] level 1: 3631 pivots (col 11811/18872, rows 18872)
[  8236.9s]   [4,11] level 1: 3633 pivots (col 11815/18872, rows 18872)
[  8239.1s]   [4,11] level 1: 3635 pivots (col 11837/18872, rows 18872)
[  8241.3s]   [4,11] level 1: 3637 pivots (col 11859/18872, rows 18872)
[  8243.5s]   [4,11] level 1: 3639 pivots (col 11881/18872, rows 18872)
[  8245.7s]   [4,11] level 1: 3641 pivots (col 11904/18872, rows 18872)
[  8248.0s]   [4,11] level 1: 3643 pivots (col 11906/18872, rows 18872)
[  8250.2s]   [4,11] level 1: 3645 pivots (col 11908/18872, rows 18872)
[  8252.4s]   [4,11] level 1: 3647 pivots (col 11910/18872, rows 18872)
[  8254.6s]   [4,11] level 1: 3649 pivots (col 11913/18872, rows 18872)
[  8256.8s]   [4,11] level 1: 3651 pivots (col 11915/18872, rows 18872)
[  8259.0s]   [4,11] level 1: 3653 pivots (col 11917/18872, rows 18872)
[  8261.2s]   [4,11] level 1: 3655 pivots (col 11919/18872, rows 18872)
[  8263.4s]   [4,11] level 1: 3657 pivots (col 11921/18872, rows 18872)
[  8265.6s]   [4,11] level 1: 3659 pivots (col 11925/18872, rows 18872)
[  8267.9s]   [4,11] level 1: 3661 pivots (col 11927/18872, rows 18872)
[  8270.1s]   [4,11] level 1: 3663 pivots (col 11946/18872, rows 18872)
[  8272.3s]   [4,11] level 1: 3665 pivots (col 11968/18872, rows 18872)
[  8274.5s]   [4,11] level 1: 3667 pivots (col 11990/18872, rows 18872)
[  8276.7s]   [4,11] level 1: 3669 pivots (col 12023/18872, rows 18872)
[  8278.9s]   [4,11] level 1: 3671 pivots (col 12025/18872, rows 18872)
[  8281.1s]   [4,11] level 1: 3673 pivots (col 12034/18872, rows 18872)
[  8283.3s]   [4,11] level 1: 3675 pivots (col 12506/18872, rows 18872)
[  8285.6s]   [4,11] level 1: 3677 pivots (col 12509/18872, rows 18872)
[  8287.8s]   [4,11] level 1: 3679 pivots (col 12511/18872, rows 18872)
[  8290.0s]   [4,11] level 1: 3681 pivots (col 12514/18872, rows 18872)
[  8292.3s]   [4,11] level 1: 3683 pivots (col 12516/18872, rows 18872)
[  8294.5s]   [4,11] level 1: 3685 pivots (col 12519/18872, rows 18872)
[  8296.8s]   [4,11] level 1: 3687 pivots (col 12521/18872, rows 18872)
[  8299.0s]   [4,11] level 1: 3689 pivots (col 12523/18872, rows 18872)
[  8301.2s]   [4,11] level 1: 3691 pivots (col 12525/18872, rows 18872)
[  8303.4s]   [4,11] level 1: 3693 pivots (col 12528/18872, rows 18872)
[  8305.7s]   [4,11] level 1: 3695 pivots (col 12530/18872, rows 18872)
[  8307.9s]   [4,11] level 1: 3697 pivots (col 12532/18872, rows 18872)
[  8310.2s]   [4,11] level 1: 3699 pivots (col 12534/18872, rows 18872)
[  8312.5s]   [4,11] level 1: 3701 pivots (col 12536/18872, rows 18872)
[  8314.7s]   [4,11] level 1: 3703 pivots (col 12539/18872, rows 18872)
[  8316.9s]   [4,11] level 1: 3705 pivots (col 12541/18872, rows 18872)
[  8319.1s]   [4,11] level 1: 3707 pivots (col 12543/18872, rows 18872)
[  8321.4s]   [4,11] level 1: 3709 pivots (col 12545/18872, rows 18872)
[  8323.6s]   [4,11] level 1: 3711 pivots (col 12548/18872, rows 18872)
[  8325.8s]   [4,11] level 1: 3713 pivots (col 12550/18872, rows 18872)
[  8328.0s]   [4,11] level 1: 3715 pivots (col 12552/18872, rows 18872)
[  8330.2s]   [4,11] level 1: 3717 pivots (col 12554/18872, rows 18872)
[  8332.4s]   [4,11] level 1: 3719 pivots (col 12556/18872, rows 18872)
[  8334.6s]   [4,11] level 1: 3721 pivots (col 12559/18872, rows 18872)
[  8336.8s]   [4,11] level 1: 3723 pivots (col 12561/18872, rows 18872)
[  8339.0s]   [4,11] level 1: 3725 pivots (col 12563/18872, rows 18872)
[  8341.2s]   [4,11] level 1: 3727 pivots (col 12565/18872, rows 18872)
[  8343.4s]   [4,11] level 1: 3729 pivots (col 12569/18872, rows 18872)
[  8345.6s]   [4,11] level 1: 3731 pivots (col 12601/18872, rows 18872)
[  8347.8s]   [4,11] level 1: 3733 pivots (col 12603/18872, rows 18872)
[  8350.0s]   [4,11] level 1: 3735 pivots (col 12606/18872, rows 18872)
[  8352.2s]   [4,11] level 1: 3737 pivots (col 12608/18872, rows 18872)
[  8354.4s]   [4,11] level 1: 3739 pivots (col 12611/18872, rows 18872)
[  8356.6s]   [4,11] level 1: 3741 pivots (col 12613/18872, rows 18872)
[  8358.8s]   [4,11] level 1: 3743 pivots (col 12616/18872, rows 18872)
[  8361.0s]   [4,11] level 1: 3745 pivots (col 12618/18872, rows 18872)
[  8363.3s]   [4,11] level 1: 3747 pivots (col 12620/18872, rows 18872)
[  8365.4s]   [4,11] level 1: 3749 pivots (col 12622/18872, rows 18872)
[  8367.6s]   [4,11] level 1: 3751 pivots (col 12624/18872, rows 18872)
[  8369.8s]   [4,11] level 1: 3753 pivots (col 12627/18872, rows 18872)
[  8372.0s]   [4,11] level 1: 3755 pivots (col 12629/18872, rows 18872)
[  8374.2s]   [4,11] level 1: 3757 pivots (col 12631/18872, rows 18872)
[  8376.4s]   [4,11] level 1: 3759 pivots (col 12633/18872, rows 18872)
[  8378.6s]   [4,11] level 1: 3761 pivots (col 12637/18872, rows 18872)
[  8380.8s]   [4,11] level 1: 3763 pivots (col 12639/18872, rows 18872)
[  8383.0s]   [4,11] level 1: 3765 pivots (col 12641/18872, rows 18872)
[  8385.1s]   [4,11] level 1: 3767 pivots (col 12643/18872, rows 18872)
[  8387.3s]   [4,11] level 1: 3769 pivots (col 12647/18872, rows 18872)
[  8389.5s]   [4,11] level 1: 3771 pivots (col 12649/18872, rows 18872)
[  8391.7s]   [4,11] level 1: 3773 pivots (col 12651/18872, rows 18872)
[  8393.8s]   [4,11] level 1: 3775 pivots (col 12653/18872, rows 18872)
[  8396.0s]   [4,11] level 1: 3777 pivots (col 12657/18872, rows 18872)
[  8398.2s]   [4,11] level 1: 3779 pivots (col 12659/18872, rows 18872)
[  8400.4s]   [4,11] level 1: 3781 pivots (col 12661/18872, rows 18872)
[  8402.6s]   [4,11] level 1: 3783 pivots (col 12668/18872, rows 18872)
[  8404.8s]   [4,11] level 1: 3785 pivots (col 12701/18872, rows 18872)
[  8406.9s]   [4,11] level 1: 3787 pivots (col 12703/18872, rows 18872)
[  8409.1s]   [4,11] level 1: 3789 pivots (col 12706/18872, rows 18872)
[  8411.3s]   [4,11] level 1: 3791 pivots (col 12708/18872, rows 18872)
[  8413.5s]   [4,11] level 1: 3793 pivots (col 12711/18872, rows 18872)
[  8415.7s]   [4,11] level 1: 3795 pivots (col 12713/18872, rows 18872)
[  8417.9s]   [4,11] level 1: 3797 pivots (col 12715/18872, rows 18872)
[  8420.0s]   [4,11] level 1: 3799 pivots (col 12717/18872, rows 18872)
[  8422.2s]   [4,11] level 1: 3801 pivots (col 12719/18872, rows 18872)
[  8424.4s]   [4,11] level 1: 3803 pivots (col 12722/18872, rows 18872)
[  8426.6s]   [4,11] level 1: 3805 pivots (col 12724/18872, rows 18872)
[  8428.7s]   [4,11] level 1: 3807 pivots (col 12726/18872, rows 18872)
[  8430.9s]   [4,11] level 1: 3809 pivots (col 12728/18872, rows 18872)
[  8433.1s]   [4,11] level 1: 3811 pivots (col 12734/18872, rows 18872)
[  8435.3s]   [4,11] level 1: 3813 pivots (col 12736/18872, rows 18872)
[  8437.4s]   [4,11] level 1: 3815 pivots (col 12738/18872, rows 18872)
[  8439.6s]   [4,11] level 1: 3817 pivots (col 12744/18872, rows 18872)
[  8441.8s]   [4,11] level 1: 3819 pivots (col 12746/18872, rows 18872)
[  8444.0s]   [4,11] level 1: 3821 pivots (col 12748/18872, rows 18872)
[  8446.1s]   [4,11] level 1: 3823 pivots (col 12756/18872, rows 18872)
[  8448.3s]   [4,11] level 1: 3825 pivots (col 12758/18872, rows 18872)
[  8450.5s]   [4,11] level 1: 3827 pivots (col 12767/18872, rows 18872)
[  8452.6s]   [4,11] level 1: 3829 pivots (col 12810/18872, rows 18872)
[  8454.8s]   [4,11] level 1: 3831 pivots (col 12812/18872, rows 18872)
[  8457.0s]   [4,11] level 1: 3833 pivots (col 12814/18872, rows 18872)
[  8459.1s]   [4,11] level 1: 3835 pivots (col 12816/18872, rows 18872)
[  8461.3s]   [4,11] level 1: 3837 pivots (col 12818/18872, rows 18872)
[  8463.5s]   [4,11] level 1: 3839 pivots (col 12821/18872, rows 18872)
[  8465.6s]   [4,11] level 1: 3841 pivots (col 12823/18872, rows 18872)
[  8467.8s]   [4,11] level 1: 3843 pivots (col 12825/18872, rows 18872)
[  8470.0s]   [4,11] level 1: 3845 pivots (col 12827/18872, rows 18872)
[  8472.1s]   [4,11] level 1: 3847 pivots (col 12831/18872, rows 18872)
[  8474.3s]   [4,11] level 1: 3849 pivots (col 12833/18872, rows 18872)
[  8476.5s]   [4,11] level 1: 3851 pivots (col 12835/18872, rows 18872)
[  8478.6s]   [4,11] level 1: 3853 pivots (col 12837/18872, rows 18872)
[  8480.8s]   [4,11] level 1: 3855 pivots (col 12842/18872, rows 18872)
[  8482.9s]   [4,11] level 1: 3857 pivots (col 12844/18872, rows 18872)
[  8485.1s]   [4,11] level 1: 3859 pivots (col 12846/18872, rows 18872)
[  8487.2s]   [4,11] level 1: 3861 pivots (col 12853/18872, rows 18872)
[  8489.4s]   [4,11] level 1: 3863 pivots (col 12855/18872, rows 18872)
[  8491.6s]   [4,11] level 1: 3865 pivots (col 12857/18872, rows 18872)
[  8493.7s]   [4,11] level 1: 3867 pivots (col 12865/18872, rows 18872)
[  8495.9s]   [4,11] level 1: 3869 pivots (col 12875/18872, rows 18872)
[  8498.0s]   [4,11] level 1: 3871 pivots (col 12886/18872, rows 18872)
[  8500.2s]   [4,11] level 1: 3873 pivots (col 12930/18872, rows 18872)
[  8502.4s]   [4,11] level 1: 3875 pivots (col 12932/18872, rows 18872)
[  8504.5s]   [4,11] level 1: 3877 pivots (col 12934/18872, rows 18872)
[  8506.7s]   [4,11] level 1: 3879 pivots (col 12936/18872, rows 18872)
[  8508.8s]   [4,11] level 1: 3881 pivots (col 12938/18872, rows 18872)
[  8511.0s]   [4,11] level 1: 3883 pivots (col 12941/18872, rows 18872)
[  8513.1s]   [4,11] level 1: 3885 pivots (col 12943/18872, rows 18872)
[  8515.3s]   [4,11] level 1: 3887 pivots (col 12945/18872, rows 18872)
[  8517.4s]   [4,11] level 1: 3889 pivots (col 12947/18872, rows 18872)
[  8519.6s]   [4,11] level 1: 3891 pivots (col 12949/18872, rows 18872)
[  8521.7s]   [4,11] level 1: 3893 pivots (col 12953/18872, rows 18872)
[  8523.9s]   [4,11] level 1: 3895 pivots (col 12955/18872, rows 18872)
[  8526.0s]   [4,11] level 1: 3897 pivots (col 12957/18872, rows 18872)
[  8528.1s]   [4,11] level 1: 3899 pivots (col 12963/18872, rows 18872)
[  8530.3s]   [4,11] level 1: 3901 pivots (col 12965/18872, rows 18872)
[  8532.4s]   [4,11] level 1: 3903 pivots (col 12974/18872, rows 18872)
[  8534.6s]   [4,11] level 1: 3905 pivots (col 12976/18872, rows 18872)
[  8536.7s]   [4,11] level 1: 3907 pivots (col 12986/18872, rows 18872)
[  8538.8s]   [4,11] level 1: 3909 pivots (col 13007/18872, rows 18872)
[  8541.0s]   [4,11] level 1: 3911 pivots (col 13051/18872, rows 18872)
[  8543.1s]   [4,11] level 1: 3913 pivots (col 13053/18872, rows 18872)
[  8545.2s]   [4,11] level 1: 3915 pivots (col 13055/18872, rows 18872)
[  8547.4s]   [4,11] level 1: 3917 pivots (col 13057/18872, rows 18872)
[  8549.5s]   [4,11] level 1: 3919 pivots (col 13059/18872, rows 18872)
[  8551.7s]   [4,11] level 1: 3921 pivots (col 13062/18872, rows 18872)
[  8553.8s]   [4,11] level 1: 3923 pivots (col 13064/18872, rows 18872)
[  8555.9s]   [4,11] level 1: 3925 pivots (col 13066/18872, rows 18872)
[  8558.1s]   [4,11] level 1: 3927 pivots (col 13068/18872, rows 18872)
[  8560.2s]   [4,11] level 1: 3929 pivots (col 13070/18872, rows 18872)
[  8562.3s]   [4,11] level 1: 3931 pivots (col 13074/18872, rows 18872)
[  8564.5s]   [4,11] level 1: 3933 pivots (col 13076/18872, rows 18872)
[  8566.6s]   [4,11] level 1: 3935 pivots (col 13078/18872, rows 18872)
[  8568.8s]   [4,11] level 1: 3937 pivots (col 13084/18872, rows 18872)
[  8570.9s]   [4,11] level 1: 3939 pivots (col 13106/18872, rows 18872)
[  8573.0s]   [4,11] level 1: 3941 pivots (col 13128/18872, rows 18872)
[  8575.1s]   [4,11] level 1: 3943 pivots (col 13172/18872, rows 18872)
[  8577.3s]   [4,11] level 1: 3945 pivots (col 13174/18872, rows 18872)
[  8579.4s]   [4,11] level 1: 3947 pivots (col 13176/18872, rows 18872)
[  8581.5s]   [4,11] level 1: 3949 pivots (col 13178/18872, rows 18872)
[  8583.7s]   [4,11] level 1: 3951 pivots (col 13180/18872, rows 18872)
[  8585.8s]   [4,11] level 1: 3953 pivots (col 13183/18872, rows 18872)
[  8587.9s]   [4,11] level 1: 3955 pivots (col 13185/18872, rows 18872)
[  8590.1s]   [4,11] level 1: 3957 pivots (col 13187/18872, rows 18872)
[  8592.2s]   [4,11] level 1: 3959 pivots (col 13189/18872, rows 18872)
[  8594.3s]   [4,11] level 1: 3961 pivots (col 13194/18872, rows 18872)
[  8596.5s]   [4,11] level 1: 3963 pivots (col 13196/18872, rows 18872)
[  8598.6s]   [4,11] level 1: 3965 pivots (col 13216/18872, rows 18872)
[  8600.7s]   [4,11] level 1: 3967 pivots (col 13238/18872, rows 18872)
[  8602.8s]   [4,11] level 1: 3969 pivots (col 13260/18872, rows 18872)
[  8604.9s]   [4,11] level 1: 3971 pivots (col 13294/18872, rows 18872)
[  8607.1s]   [4,11] level 1: 3973 pivots (col 13296/18872, rows 18872)
[  8609.2s]   [4,11] level 1: 3975 pivots (col 13778/18872, rows 18872)
[  8611.4s]   [4,11] level 1: 3977 pivots (col 13781/18872, rows 18872)
[  8613.5s]   [4,11] level 1: 3979 pivots (col 13784/18872, rows 18872)
[  8615.7s]   [4,11] level 1: 3981 pivots (col 13786/18872, rows 18872)
[  8617.8s]   [4,11] level 1: 3983 pivots (col 13789/18872, rows 18872)
[  8620.0s]   [4,11] level 1: 3985 pivots (col 13791/18872, rows 18872)
[  8622.1s]   [4,11] level 1: 3987 pivots (col 13793/18872, rows 18872)
[  8624.2s]   [4,11] level 1: 3989 pivots (col 13795/18872, rows 18872)
[  8626.4s]   [4,11] level 1: 3991 pivots (col 13797/18872, rows 18872)
[  8628.5s]   [4,11] level 1: 3993 pivots (col 13800/18872, rows 18872)
[  8630.7s]   [4,11] level 1: 3995 pivots (col 13802/18872, rows 18872)
[  8632.8s]   [4,11] level 1: 3997 pivots (col 13804/18872, rows 18872)
[  8635.0s]   [4,11] level 1: 3999 pivots (col 13806/18872, rows 18872)
[  8637.1s]   [4,11] level 1: 4001 pivots (col 13809/18872, rows 18872)
[  8639.2s]   [4,11] level 1: 4003 pivots (col 13811/18872, rows 18872)
[  8641.4s]   [4,11] level 1: 4005 pivots (col 13813/18872, rows 18872)
[  8643.5s]   [4,11] level 1: 4007 pivots (col 13815/18872, rows 18872)
[  8645.6s]   [4,11] level 1: 4009 pivots (col 13817/18872, rows 18872)
[  8647.7s]   [4,11] level 1: 4011 pivots (col 13820/18872, rows 18872)
[  8649.8s]   [4,11] level 1: 4013 pivots (col 13822/18872, rows 18872)
[  8651.9s]   [4,11] level 1: 4015 pivots (col 13824/18872, rows 18872)
[  8654.0s]   [4,11] level 1: 4017 pivots (col 13826/18872, rows 18872)
[  8656.2s]   [4,11] level 1: 4019 pivots (col 13829/18872, rows 18872)
[  8658.3s]   [4,11] level 1: 4021 pivots (col 13831/18872, rows 18872)
[  8660.4s]   [4,11] level 1: 4023 pivots (col 13833/18872, rows 18872)
[  8662.5s]   [4,11] level 1: 4025 pivots (col 13835/18872, rows 18872)
[  8664.6s]   [4,11] level 1: 4027 pivots (col 13872/18872, rows 18872)
[  8666.7s]   [4,11] level 1: 4029 pivots (col 13874/18872, rows 18872)
[  8668.8s]   [4,11] level 1: 4031 pivots (col 13877/18872, rows 18872)
[  8670.9s]   [4,11] level 1: 4033 pivots (col 13879/18872, rows 18872)
[  8673.0s]   [4,11] level 1: 4035 pivots (col 13882/18872, rows 18872)
[  8675.2s]   [4,11] level 1: 4037 pivots (col 13884/18872, rows 18872)
[  8677.3s]   [4,11] level 1: 4039 pivots (col 13887/18872, rows 18872)
[  8679.4s]   [4,11] level 1: 4041 pivots (col 13889/18872, rows 18872)
[  8681.5s]   [4,11] level 1: 4043 pivots (col 13891/18872, rows 18872)
[  8683.6s]   [4,11] level 1: 4045 pivots (col 13893/18872, rows 18872)
[  8685.7s]   [4,11] level 1: 4047 pivots (col 13895/18872, rows 18872)
[  8687.8s]   [4,11] level 1: 4049 pivots (col 13898/18872, rows 18872)
[  8689.9s]   [4,11] level 1: 4051 pivots (col 13900/18872, rows 18872)
[  8692.0s]   [4,11] level 1: 4053 pivots (col 13902/18872, rows 18872)
[  8694.1s]   [4,11] level 1: 4055 pivots (col 13904/18872, rows 18872)
[  8696.2s]   [4,11] level 1: 4057 pivots (col 13908/18872, rows 18872)
[  8698.3s]   [4,11] level 1: 4059 pivots (col 13910/18872, rows 18872)
[  8700.4s]   [4,11] level 1: 4061 pivots (col 13912/18872, rows 18872)
[  8702.5s]   [4,11] level 1: 4063 pivots (col 13914/18872, rows 18872)
[  8704.6s]   [4,11] level 1: 4065 pivots (col 13918/18872, rows 18872)
[  8706.7s]   [4,11] level 1: 4067 pivots (col 13920/18872, rows 18872)
[  8708.8s]   [4,11] level 1: 4069 pivots (col 13922/18872, rows 18872)
[  8710.9s]   [4,11] level 1: 4071 pivots (col 13927/18872, rows 18872)
[  8713.0s]   [4,11] level 1: 4073 pivots (col 13929/18872, rows 18872)
[  8715.1s]   [4,11] level 1: 4075 pivots (col 13931/18872, rows 18872)
[  8717.2s]   [4,11] level 1: 4077 pivots (col 13971/18872, rows 18872)
[  8719.3s]   [4,11] level 1: 4079 pivots (col 13973/18872, rows 18872)
[  8721.4s]   [4,11] level 1: 4081 pivots (col 13977/18872, rows 18872)
[  8723.5s]   [4,11] level 1: 4083 pivots (col 13979/18872, rows 18872)
[  8725.6s]   [4,11] level 1: 4085 pivots (col 13983/18872, rows 18872)
[  8727.7s]   [4,11] level 1: 4087 pivots (col 13985/18872, rows 18872)
[  8729.8s]   [4,11] level 1: 4089 pivots (col 13987/18872, rows 18872)
[  8731.9s]   [4,11] level 1: 4091 pivots (col 13989/18872, rows 18872)
[  8733.9s]   [4,11] level 1: 4093 pivots (col 13991/18872, rows 18872)
[  8736.0s]   [4,11] level 1: 4095 pivots (col 13995/18872, rows 18872)
[  8738.1s]   [4,11] level 1: 4097 pivots (col 13997/18872, rows 18872)
[  8740.2s]   [4,11] level 1: 4099 pivots (col 13999/18872, rows 18872)
[  8742.3s]   [4,11] level 1: 4101 pivots (col 14005/18872, rows 18872)
[  8744.4s]   [4,11] level 1: 4103 pivots (col 14007/18872, rows 18872)
[  8746.5s]   [4,11] level 1: 4105 pivots (col 14009/18872, rows 18872)
[  8748.6s]   [4,11] level 1: 4107 pivots (col 14011/18872, rows 18872)
[  8750.7s]   [4,11] level 1: 4109 pivots (col 14017/18872, rows 18872)
[  8752.7s]   [4,11] level 1: 4111 pivots (col 14019/18872, rows 18872)
[  8754.8s]   [4,11] level 1: 4113 pivots (col 14021/18872, rows 18872)
[  8756.9s]   [4,11] level 1: 4115 pivots (col 14027/18872, rows 18872)
[  8759.0s]   [4,11] level 1: 4117 pivots (col 14029/18872, rows 18872)
[  8761.1s]   [4,11] level 1: 4119 pivots (col 14039/18872, rows 18872)
[  8763.2s]   [4,11] level 1: 4121 pivots (col 14083/18872, rows 18872)
[  8765.2s]   [4,11] level 1: 4123 pivots (col 14085/18872, rows 18872)
[  8767.3s]   [4,11] level 1: 4125 pivots (col 14087/18872, rows 18872)
[  8769.4s]   [4,11] level 1: 4127 pivots (col 14089/18872, rows 18872)
[  8771.5s]   [4,11] level 1: 4129 pivots (col 14093/18872, rows 18872)
[  8773.6s]   [4,11] level 1: 4131 pivots (col 14095/18872, rows 18872)
[  8775.7s]   [4,11] level 1: 4133 pivots (col 14097/18872, rows 18872)
[  8777.7s]   [4,11] level 1: 4135 pivots (col 14103/18872, rows 18872)
[  8779.8s]   [4,11] level 1: 4137 pivots (col 14105/18872, rows 18872)
[  8781.9s]   [4,11] level 1: 4139 pivots (col 14107/18872, rows 18872)
[  8784.0s]   [4,11] level 1: 4141 pivots (col 14114/18872, rows 18872)
[  8786.0s]   [4,11] level 1: 4143 pivots (col 14116/18872, rows 18872)
[  8788.1s]   [4,11] level 1: 4145 pivots (col 14118/18872, rows 18872)
[  8790.2s]   [4,11] level 1: 4147 pivots (col 14125/18872, rows 18872)
[  8792.3s]   [4,11] level 1: 4149 pivots (col 14127/18872, rows 18872)
[  8794.3s]   [4,11] level 1: 4151 pivots (col 14129/18872, rows 18872)
[  8796.4s]   [4,11] level 1: 4153 pivots (col 14136/18872, rows 18872)
[  8798.5s]   [4,11] level 1: 4155 pivots (col 14138/18872, rows 18872)
[  8800.5s]   [4,11] level 1: 4157 pivots (col 14148/18872, rows 18872)
[  8802.6s]   [4,11] level 1: 4159 pivots (col 14202/18872, rows 18872)
[  8804.7s]   [4,11] level 1: 4161 pivots (col 14204/18872, rows 18872)
[  8806.8s]   [4,11] level 1: 4163 pivots (col 14206/18872, rows 18872)
[  8808.8s]   [4,11] level 1: 4165 pivots (col 14208/18872, rows 18872)
[  8810.9s]   [4,11] level 1: 4167 pivots (col 14210/18872, rows 18872)
[  8813.0s]   [4,11] level 1: 4169 pivots (col 14214/18872, rows 18872)
[  8815.0s]   [4,11] level 1: 4171 pivots (col 14216/18872, rows 18872)
[  8817.1s]   [4,11] level 1: 4173 pivots (col 14218/18872, rows 18872)
[  8819.2s]   [4,11] level 1: 4175 pivots (col 14224/18872, rows 18872)
[  8821.2s]   [4,11] level 1: 4177 pivots (col 14226/18872, rows 18872)
[  8823.3s]   [4,11] level 1: 4179 pivots (col 14228/18872, rows 18872)
[  8825.3s]   [4,11] level 1: 4181 pivots (col 14235/18872, rows 18872)
[  8827.4s]   [4,11] level 1: 4183 pivots (col 14237/18872, rows 18872)
[  8829.4s]   [4,11] level 1: 4185 pivots (col 14246/18872, rows 18872)
[  8831.5s]   [4,11] level 1: 4187 pivots (col 14248/18872, rows 18872)
[  8833.6s]   [4,11] level 1: 4189 pivots (col 14258/18872, rows 18872)
[  8835.6s]   [4,11] level 1: 4191 pivots (col 14279/18872, rows 18872)
[  8837.7s]   [4,11] level 1: 4193 pivots (col 14324/18872, rows 18872)
[  8839.7s]   [4,11] level 1: 4195 pivots (col 14326/18872, rows 18872)
[  8841.8s]   [4,11] level 1: 4197 pivots (col 14328/18872, rows 18872)
[  8843.9s]   [4,11] level 1: 4199 pivots (col 14330/18872, rows 18872)
[  8845.9s]   [4,11] level 1: 4201 pivots (col 14334/18872, rows 18872)
[  8848.0s]   [4,11] level 1: 4203 pivots (col 14336/18872, rows 18872)
[  8850.0s]   [4,11] level 1: 4205 pivots (col 14338/18872, rows 18872)
[  8852.1s]   [4,11] level 1: 4207 pivots (col 14340/18872, rows 18872)
[  8854.2s]   [4,11] level 1: 4209 pivots (col 14346/18872, rows 18872)
[  8856.2s]   [4,11] level 1: 4211 pivots (col 14348/18872, rows 18872)
[  8858.3s]   [4,11] level 1: 4213 pivots (col 14350/18872, rows 18872)
[  8860.3s]   [4,11] level 1: 4215 pivots (col 14367/18872, rows 18872)
[  8862.4s]   [4,11] level 1: 4217 pivots (col 14389/18872, rows 18872)
[  8864.4s]   [4,11] level 1: 4219 pivots (col 14444/18872, rows 18872)
[  8866.5s]   [4,11] level 1: 4221 pivots (col 14446/18872, rows 18872)
[  8868.6s]   [4,11] level 1: 4223 pivots (col 14448/18872, rows 18872)
[  8870.6s]   [4,11] level 1: 4225 pivots (col 14450/18872, rows 18872)
[  8872.7s]   [4,11] level 1: 4227 pivots (col 14455/18872, rows 18872)
[  8874.7s]   [4,11] level 1: 4229 pivots (col 14457/18872, rows 18872)
[  8876.8s]   [4,11] level 1: 4231 pivots (col 14459/18872, rows 18872)
[  8878.8s]   [4,11] level 1: 4233 pivots (col 14461/18872, rows 18872)
[  8880.9s]   [4,11] level 1: 4235 pivots (col 14467/18872, rows 18872)
[  8882.9s]   [4,11] level 1: 4237 pivots (col 14469/18872, rows 18872)
[  8885.0s]   [4,11] level 1: 4239 pivots (col 14471/18872, rows 18872)
[  8887.0s]   [4,11] level 1: 4241 pivots (col 14488/18872, rows 18872)
[  8889.1s]   [4,11] level 1: 4243 pivots (col 15050/18872, rows 18872)
[  8891.2s]   [4,11] level 1: 4245 pivots (col 15053/18872, rows 18872)
[  8893.2s]   [4,11] level 1: 4247 pivots (col 15056/18872, rows 18872)
[  8895.4s]   [4,11] level 1: 4249 pivots (col 15058/18872, rows 18872)
[  8897.4s]   [4,11] level 1: 4251 pivots (col 15061/18872, rows 18872)
[  8899.5s]   [4,11] level 1: 4253 pivots (col 15063/18872, rows 18872)
[  8901.6s]   [4,11] level 1: 4255 pivots (col 15065/18872, rows 18872)
[  8903.6s]   [4,11] level 1: 4257 pivots (col 15067/18872, rows 18872)
[  8905.7s]   [4,11] level 1: 4259 pivots (col 15069/18872, rows 18872)
[  8907.8s]   [4,11] level 1: 4261 pivots (col 15072/18872, rows 18872)
[  8909.8s]   [4,11] level 1: 4263 pivots (col 15074/18872, rows 18872)
[  8911.9s]   [4,11] level 1: 4265 pivots (col 15076/18872, rows 18872)
[  8913.9s]   [4,11] level 1: 4267 pivots (col 15078/18872, rows 18872)
[  8916.0s]   [4,11] level 1: 4269 pivots (col 15082/18872, rows 18872)
[  8918.0s]   [4,11] level 1: 4271 pivots (col 15084/18872, rows 18872)
[  8920.1s]   [4,11] level 1: 4273 pivots (col 15086/18872, rows 18872)
[  8922.1s]   [4,11] level 1: 4275 pivots (col 15088/18872, rows 18872)
[  8924.2s]   [4,11] level 1: 4277 pivots (col 15092/18872, rows 18872)
[  8926.2s]   [4,11] level 1: 4279 pivots (col 15094/18872, rows 18872)
[  8928.2s]   [4,11] level 1: 4281 pivots (col 15096/18872, rows 18872)
[  8930.3s]   [4,11] level 1: 4283 pivots (col 15098/18872, rows 18872)
[  8932.3s]   [4,11] level 1: 4285 pivots (col 15102/18872, rows 18872)
[  8934.4s]   [4,11] level 1: 4287 pivots (col 15104/18872, rows 18872)
[  8936.4s]   [4,11] level 1: 4289 pivots (col 15111/18872, rows 18872)
[  8938.4s]   [4,11] level 1: 4291 pivots (col 15113/18872, rows 18872)
[  8940.5s]   [4,11] level 1: 4293 pivots (col 15123/18872, rows 18872)
[  8942.5s]   [4,11] level 1: 4295 pivots (col 15145/18872, rows 18872)
[  8944.6s]   [4,11] level 1: 4297 pivots (col 15148/18872, rows 18872)
[  8946.6s]   [4,11] level 1: 4299 pivots (col 15150/18872, rows 18872)
[  8948.7s]   [4,11] level 1: 4301 pivots (col 15153/18872, rows 18872)
[  8950.7s]   [4,11] level 1: 4303 pivots (col 15155/18872, rows 18872)
[  8952.7s]   [4,11] level 1: 4305 pivots (col 15157/18872, rows 18872)
[  8954.8s]   [4,11] level 1: 4307 pivots (col 15160/18872, rows 18872)
[  8956.8s]   [4,11] level 1: 4309 pivots (col 15162/18872, rows 18872)
[  8958.9s]   [4,11] level 1: 4311 pivots (col 15164/18872, rows 18872)
[  8960.9s]   [4,11] level 1: 4313 pivots (col 15169/18872, rows 18872)
[  8962.9s]   [4,11] level 1: 4315 pivots (col 15171/18872, rows 18872)
[  8965.0s]   [4,11] level 1: 4317 pivots (col 15173/18872, rows 18872)
[  8967.0s]   [4,11] level 1: 4319 pivots (col 15179/18872, rows 18872)
[  8969.0s]   [4,11] level 1: 4321 pivots (col 15181/18872, rows 18872)
[  8971.1s]   [4,11] level 1: 4323 pivots (col 15183/18872, rows 18872)
[  8973.1s]   [4,11] level 1: 4325 pivots (col 15189/18872, rows 18872)
[  8975.1s]   [4,11] level 1: 4327 pivots (col 15191/18872, rows 18872)
[  8977.2s]   [4,11] level 1: 4329 pivots (col 15193/18872, rows 18872)
[  8979.2s]   [4,11] level 1: 4331 pivots (col 15201/18872, rows 18872)
[  8981.2s]   [4,11] level 1: 4333 pivots (col 15211/18872, rows 18872)
[  8983.2s]   [4,11] level 1: 4335 pivots (col 15222/18872, rows 18872)
[  8985.3s]   [4,11] level 1: 4337 pivots (col 15245/18872, rows 18872)
[  8987.3s]   [4,11] level 1: 4339 pivots (col 15247/18872, rows 18872)
[  8989.3s]   [4,11] level 1: 4341 pivots (col 15250/18872, rows 18872)
[  8991.4s]   [4,11] level 1: 4343 pivots (col 15252/18872, rows 18872)
[  8993.4s]   [4,11] level 1: 4345 pivots (col 15255/18872, rows 18872)
[  8995.4s]   [4,11] level 1: 4347 pivots (col 15257/18872, rows 18872)
[  8997.4s]   [4,11] level 1: 4349 pivots (col 15259/18872, rows 18872)
[  8999.5s]   [4,11] level 1: 4351 pivots (col 15261/18872, rows 18872)
[  9001.5s]   [4,11] level 1: 4353 pivots (col 15263/18872, rows 18872)
[  9003.5s]   [4,11] level 1: 4355 pivots (col 15267/18872, rows 18872)
[  9005.5s]   [4,11] level 1: 4357 pivots (col 15269/18872, rows 18872)
[  9007.5s]   [4,11] level 1: 4359 pivots (col 15271/18872, rows 18872)
[  9009.6s]   [4,11] level 1: 4361 pivots (col 15277/18872, rows 18872)
[  9011.6s]   [4,11] level 1: 4363 pivots (col 15279/18872, rows 18872)
[  9013.6s]   [4,11] level 1: 4365 pivots (col 15281/18872, rows 18872)
[  9015.6s]   [4,11] level 1: 4367 pivots (col 15288/18872, rows 18872)
[  9017.6s]   [4,11] level 1: 4369 pivots (col 15290/18872, rows 18872)
[  9019.7s]   [4,11] level 1: 4371 pivots (col 15299/18872, rows 18872)
[  9021.7s]   [4,11] level 1: 4373 pivots (col 15301/18872, rows 18872)
[  9023.7s]   [4,11] level 1: 4375 pivots (col 15321/18872, rows 18872)
[  9025.7s]   [4,11] level 1: 4377 pivots (col 15354/18872, rows 18872)
[  9027.7s]   [4,11] level 1: 4379 pivots (col 15356/18872, rows 18872)
[  9029.7s]   [4,11] level 1: 4381 pivots (col 15358/18872, rows 18872)
[  9031.7s]   [4,11] level 1: 4383 pivots (col 15360/18872, rows 18872)
[  9033.7s]   [4,11] level 1: 4385 pivots (col 15362/18872, rows 18872)
[  9035.8s]   [4,11] level 1: 4387 pivots (col 15365/18872, rows 18872)
[  9037.8s]   [4,11] level 1: 4389 pivots (col 15367/18872, rows 18872)
[  9039.8s]   [4,11] level 1: 4391 pivots (col 15369/18872, rows 18872)
[  9042.8s]   [4,11] level 1: 4394 pivots (col 15372/18872, rows 18872)
[  9044.8s]   [4,11] level 1: 4396 pivots (col 15375/18872, rows 18872)
[  9046.8s]   [4,11] level 1: 4398 pivots (col 15377/18872, rows 18872)
[  9048.8s]   [4,11] level 1: 4400 pivots (col 15379/18872, rows 18872)
[  9051.8s]   [4,11] level 1: 4403 pivots (col 15382/18872, rows 18872)
[  9054.8s]   [4,11] level 1: 4406 pivots (col 15387/18872, rows 18872)
[  9056.8s]   [4,11] level 1: 4408 pivots (col 15389/18872, rows 18872)
[  9058.8s]   [4,11] level 1: 4410 pivots (col 15397/18872, rows 18872)
[  9060.8s]   [4,11] level 1: 4412 pivots (col 15399/18872, rows 18872)
[  9063.8s]   [4,11] level 1: 4415 pivots (col 15409/18872, rows 18872)
[  9066.8s]   [4,11] level 1: 4418 pivots (col 15420/18872, rows 18872)
[  9069.8s]   [4,11] level 1: 4421 pivots (col 15452/18872, rows 18872)
[  9071.8s]   [4,11] level 1: 4423 pivots (col 15475/18872, rows 18872)
[  9073.8s]   [4,11] level 1: 4425 pivots (col 15477/18872, rows 18872)
[  9076.8s]   [4,11] level 1: 4428 pivots (col 15480/18872, rows 18872)
[  9079.8s]   [4,11] level 1: 4431 pivots (col 15484/18872, rows 18872)
[  9082.8s]   [4,11] level 1: 4434 pivots (col 15487/18872, rows 18872)
[  9085.8s]   [4,11] level 1: 4437 pivots (col 15490/18872, rows 18872)
[  9088.8s]   [4,11] level 1: 4440 pivots (col 15493/18872, rows 18872)
[  9091.7s]   [4,11] level 1: 4443 pivots (col 15497/18872, rows 18872)
[  9094.7s]   [4,11] level 1: 4446 pivots (col 15500/18872, rows 18872)
[  9097.7s]   [4,11] level 1: 4449 pivots (col 15503/18872, rows 18872)
[  9100.7s]   [4,11] level 1: 4452 pivots (col 15508/18872, rows 18872)
[  9103.6s]   [4,11] level 1: 4455 pivots (col 15518/18872, rows 18872)
[  9106.6s]   [4,11] level 1: 4458 pivots (col 15539/18872, rows 18872)
[  9109.6s]   [4,11] level 1: 4461 pivots (col 15572/18872, rows 18872)
[  9112.5s]   [4,11] level 1: 4464 pivots (col 15596/18872, rows 18872)
[  9115.5s]   [4,11] level 1: 4467 pivots (col 15599/18872, rows 18872)
[  9118.5s]   [4,11] level 1: 4470 pivots (col 15602/18872, rows 18872)
[  9121.4s]   [4,11] level 1: 4473 pivots (col 15606/18872, rows 18872)
[  9124.4s]   [4,11] level 1: 4476 pivots (col 15609/18872, rows 18872)
[  9127.4s]   [4,11] level 1: 4479 pivots (col 15612/18872, rows 18872)
[  9130.3s]   [4,11] level 1: 4482 pivots (col 15616/18872, rows 18872)
[  9133.3s]   [4,11] level 1: 4485 pivots (col 15619/18872, rows 18872)
[  9136.2s]   [4,11] level 1: 4488 pivots (col 15622/18872, rows 18872)
[  9139.2s]   [4,11] level 1: 4491 pivots (col 15637/18872, rows 18872)
[  9142.2s]   [4,11] level 1: 4494 pivots (col 15670/18872, rows 18872)
[  9145.1s]   [4,11] level 1: 4497 pivots (col 15714/18872, rows 18872)
[  9148.1s]   [4,11] level 1: 4500 pivots (col 15717/18872, rows 18872)
[  9151.0s]   [4,11] level 1: 4503 pivots (col 15726/18872, rows 18872)
[  9154.0s]   [4,11] level 1: 4506 pivots (col 15835/18872, rows 18872)
[  9156.9s]   [4,11] level 1: 4509 pivots (col 16317/18872, rows 18872)
[  9158.9s]   [4,11] level 1: 4511 pivots (col 16320/18872, rows 18872)
[  9160.9s]   [4,11] level 1: 4513 pivots (col 16322/18872, rows 18872)
[  9163.9s]   [4,11] level 1: 4516 pivots (col 16326/18872, rows 18872)
[  9165.9s]   [4,11] level 1: 4518 pivots (col 16328/18872, rows 18872)
[  9168.9s]   [4,11] level 1: 4521 pivots (col 16332/18872, rows 18872)
[  9171.9s]   [4,11] level 1: 4524 pivots (col 16335/18872, rows 18872)
[  9174.9s]   [4,11] level 1: 4527 pivots (col 16338/18872, rows 18872)
[  9176.9s]   [4,11] level 1: 4529 pivots (col 16341/18872, rows 18872)
[  9179.9s]   [4,11] level 1: 4532 pivots (col 16344/18872, rows 18872)
[  9182.9s]   [4,11] level 1: 4535 pivots (col 16347/18872, rows 18872)
[  9185.9s]   [4,11] level 1: 4538 pivots (col 16352/18872, rows 18872)
[  9188.9s]   [4,11] level 1: 4541 pivots (col 16355/18872, rows 18872)
[  9191.9s]   [4,11] level 1: 4544 pivots (col 16360/18872, rows 18872)
[  9194.8s]   [4,11] level 1: 4547 pivots (col 16363/18872, rows 18872)
[  9197.8s]   [4,11] level 1: 4550 pivots (col 16366/18872, rows 18872)
[  9200.7s]   [4,11] level 1: 4553 pivots (col 16371/18872, rows 18872)
[  9203.7s]   [4,11] level 1: 4556 pivots (col 16374/18872, rows 18872)
[  9206.6s]   [4,11] level 1: 4559 pivots (col 16382/18872, rows 18872)
[  9209.6s]   [4,11] level 1: 4562 pivots (col 16415/18872, rows 18872)
[  9212.5s]   [4,11] level 1: 4565 pivots (col 16419/18872, rows 18872)
[  9215.5s]   [4,11] level 1: 4568 pivots (col 16423/18872, rows 18872)
[  9218.5s]   [4,11] level 1: 4571 pivots (col 16426/18872, rows 18872)
[  9221.4s]   [4,11] level 1: 4574 pivots (col 16430/18872, rows 18872)
[  9224.4s]   [4,11] level 1: 4577 pivots (col 16433/18872, rows 18872)
[  9227.3s]   [4,11] level 1: 4580 pivots (col 16440/18872, rows 18872)
[  9230.3s]   [4,11] level 1: 4583 pivots (col 16443/18872, rows 18872)
[  9233.2s]   [4,11] level 1: 4586 pivots (col 16450/18872, rows 18872)
[  9236.2s]   [4,11] level 1: 4589 pivots (col 16453/18872, rows 18872)
[  9239.1s]   [4,11] level 1: 4592 pivots (col 16460/18872, rows 18872)
[  9242.1s]   [4,11] level 1: 4595 pivots (col 16470/18872, rows 18872)
[  9245.0s]   [4,11] level 1: 4598 pivots (col 16481/18872, rows 18872)
[  9247.9s]   [4,11] level 1: 4601 pivots (col 16516/18872, rows 18872)
[  9250.9s]   [4,11] level 1: 4604 pivots (col 16520/18872, rows 18872)
[  9253.8s]   [4,11] level 1: 4607 pivots (col 16523/18872, rows 18872)
[  9256.7s]   [4,11] level 1: 4610 pivots (col 16528/18872, rows 18872)
[  9259.7s]   [4,11] level 1: 4613 pivots (col 16531/18872, rows 18872)
[  9262.6s]   [4,11] level 1: 4616 pivots (col 16537/18872, rows 18872)
[  9265.5s]   [4,11] level 1: 4619 pivots (col 16540/18872, rows 18872)
[  9268.4s]   [4,11] level 1: 4622 pivots (col 16548/18872, rows 18872)
[  9271.4s]   [4,11] level 1: 4625 pivots (col 16551/18872, rows 18872)
[  9274.3s]   [4,11] level 1: 4628 pivots (col 16559/18872, rows 18872)
[  9277.2s]   [4,11] level 1: 4631 pivots (col 16562/18872, rows 18872)
[  9280.1s]   [4,11] level 1: 4634 pivots (col 16572/18872, rows 18872)
[  9283.0s]   [4,11] level 1: 4637 pivots (col 16625/18872, rows 18872)
[  9285.9s]   [4,11] level 1: 4640 pivots (col 16628/18872, rows 18872)
[  9288.8s]   [4,11] level 1: 4643 pivots (col 16631/18872, rows 18872)
[  9291.7s]   [4,11] level 1: 4646 pivots (col 16635/18872, rows 18872)
[  9294.7s]   [4,11] level 1: 4649 pivots (col 16638/18872, rows 18872)
[  9297.6s]   [4,11] level 1: 4652 pivots (col 16641/18872, rows 18872)
[  9300.5s]   [4,11] level 1: 4655 pivots (col 16646/18872, rows 18872)
[  9303.4s]   [4,11] level 1: 4658 pivots (col 16649/18872, rows 18872)
[  9306.2s]   [4,11] level 1: 4661 pivots (col 16652/18872, rows 18872)
[  9309.1s]   [4,11] level 1: 4664 pivots (col 16659/18872, rows 18872)
[  9312.0s]   [4,11] level 1: 4667 pivots (col 16668/18872, rows 18872)
[  9314.9s]   [4,11] level 1: 4670 pivots (col 16671/18872, rows 18872)
[  9317.8s]   [4,11] level 1: 4673 pivots (col 16681/18872, rows 18872)
[  9320.7s]   [4,11] level 1: 4676 pivots (col 16712/18872, rows 18872)
[  9323.6s]   [4,11] level 1: 4679 pivots (col 16747/18872, rows 18872)
[  9326.5s]   [4,11] level 1: 4682 pivots (col 16750/18872, rows 18872)
[  9329.4s]   [4,11] level 1: 4685 pivots (col 16753/18872, rows 18872)
[  9332.2s]   [4,11] level 1: 4688 pivots (col 16757/18872, rows 18872)
[  9335.1s]   [4,11] level 1: 4691 pivots (col 16760/18872, rows 18872)
[  9338.0s]   [4,11] level 1: 4694 pivots (col 16763/18872, rows 18872)
[  9340.9s]   [4,11] level 1: 4697 pivots (col 16768/18872, rows 18872)
[  9343.7s]   [4,11] level 1: 4700 pivots (col 16771/18872, rows 18872)
[  9346.6s]   [4,11] level 1: 4703 pivots (col 16778/18872, rows 18872)
[  9349.5s]   [4,11] level 1: 4706 pivots (col 16789/18872, rows 18872)
[  9352.3s]   [4,11] level 1: 4709 pivots (col 16800/18872, rows 18872)
[  9355.2s]   [4,11] level 1: 4712 pivots (col 16833/18872, rows 18872)
[  9358.1s]   [4,11] level 1: 4715 pivots (col 16868/18872, rows 18872)
[  9360.9s]   [4,11] level 1: 4718 pivots (col 16871/18872, rows 18872)
[  9363.8s]   [4,11] level 1: 4721 pivots (col 16874/18872, rows 18872)
[  9366.7s]   [4,11] level 1: 4724 pivots (col 16878/18872, rows 18872)
[  9369.5s]   [4,11] level 1: 4727 pivots (col 16881/18872, rows 18872)
[  9372.4s]   [4,11] level 1: 4730 pivots (col 16884/18872, rows 18872)
[  9375.2s]   [4,11] level 1: 4733 pivots (col 16889/18872, rows 18872)
[  9378.1s]   [4,11] level 1: 4736 pivots (col 16892/18872, rows 18872)
[  9380.9s]   [4,11] level 1: 4739 pivots (col 16899/18872, rows 18872)
[  9383.8s]   [4,11] level 1: 4742 pivots (col 16932/18872, rows 18872)
[  9386.6s]   [4,11] level 1: 4745 pivots (col 16987/18872, rows 18872)
[  9389.5s]   [4,11] level 1: 4748 pivots (col 16990/18872, rows 18872)
[  9392.3s]   [4,11] level 1: 4751 pivots (col 17110/18872, rows 18872)
[  9395.3s]   [4,11] level 1: 4754 pivots (col 17594/18872, rows 18872)
[  9398.2s]   [4,11] level 1: 4757 pivots (col 17598/18872, rows 18872)
[  9401.1s]   [4,11] level 1: 4760 pivots (col 17602/18872, rows 18872)
[  9404.0s]   [4,11] level 1: 4763 pivots (col 17605/18872, rows 18872)
[  9406.8s]   [4,11] level 1: 4766 pivots (col 17609/18872, rows 18872)
[  9409.8s]   [4,11] level 1: 4769 pivots (col 17612/18872, rows 18872)
[  9412.6s]   [4,11] level 1: 4772 pivots (col 17615/18872, rows 18872)
[  9415.5s]   [4,11] level 1: 4775 pivots (col 17619/18872, rows 18872)
[  9418.4s]   [4,11] level 1: 4778 pivots (col 17622/18872, rows 18872)
[  9421.3s]   [4,11] level 1: 4781 pivots (col 17627/18872, rows 18872)
[  9424.2s]   [4,11] level 1: 4784 pivots (col 17630/18872, rows 18872)
[  9427.1s]   [4,11] level 1: 4787 pivots (col 17633/18872, rows 18872)
[  9430.0s]   [4,11] level 1: 4790 pivots (col 17638/18872, rows 18872)
[  9432.8s]   [4,11] level 1: 4793 pivots (col 17641/18872, rows 18872)
[  9435.6s]   [4,11] level 1: 4796 pivots (col 17644/18872, rows 18872)
[  9438.5s]   [4,11] level 1: 4799 pivots (col 17649/18872, rows 18872)
[  9441.3s]   [4,11] level 1: 4802 pivots (col 17652/18872, rows 18872)
[  9444.2s]   [4,11] level 1: 4805 pivots (col 17693/18872, rows 18872)
[  9447.0s]   [4,11] level 1: 4808 pivots (col 17697/18872, rows 18872)
[  9449.9s]   [4,11] level 1: 4811 pivots (col 17701/18872, rows 18872)
[  9452.8s]   [4,11] level 1: 4814 pivots (col 17704/18872, rows 18872)
[  9455.6s]   [4,11] level 1: 4817 pivots (col 17708/18872, rows 18872)
[  9458.5s]   [4,11] level 1: 4820 pivots (col 17711/18872, rows 18872)
[  9461.3s]   [4,11] level 1: 4823 pivots (col 17718/18872, rows 18872)
[  9464.2s]   [4,11] level 1: 4826 pivots (col 17721/18872, rows 18872)
[  9467.0s]   [4,11] level 1: 4829 pivots (col 17728/18872, rows 18872)
[  9469.9s]   [4,11] level 1: 4832 pivots (col 17731/18872, rows 18872)
[  9472.7s]   [4,11] level 1: 4835 pivots (col 17738/18872, rows 18872)
[  9475.6s]   [4,11] level 1: 4838 pivots (col 17749/18872, rows 18872)
[  9478.4s]   [4,11] level 1: 4841 pivots (col 17794/18872, rows 18872)
[  9481.3s]   [4,11] level 1: 4844 pivots (col 17797/18872, rows 18872)
[  9484.1s]   [4,11] level 1: 4847 pivots (col 17802/18872, rows 18872)
[  9486.9s]   [4,11] level 1: 4850 pivots (col 17807/18872, rows 18872)
[  9489.8s]   [4,11] level 1: 4853 pivots (col 17810/18872, rows 18872)
[  9492.6s]   [4,11] level 1: 4856 pivots (col 17813/18872, rows 18872)
[  9495.5s]   [4,11] level 1: 4859 pivots (col 17820/18872, rows 18872)
[  9498.3s]   [4,11] level 1: 4862 pivots (col 17823/18872, rows 18872)
[  9501.2s]   [4,11] level 1: 4865 pivots (col 17831/18872, rows 18872)
[  9504.0s]   [4,11] level 1: 4868 pivots (col 17834/18872, rows 18872)
[  9506.8s]   [4,11] level 1: 4871 pivots (col 17842/18872, rows 18872)
[  9509.6s]   [4,11] level 1: 4874 pivots (col 17852/18872, rows 18872)
[  9512.4s]   [4,11] level 1: 4877 pivots (col 17906/18872, rows 18872)
[  9515.2s]   [4,11] level 1: 4880 pivots (col 17909/18872, rows 18872)
[  9518.0s]   [4,11] level 1: 4883 pivots (col 17912/18872, rows 18872)
[  9520.8s]   [4,11] level 1: 4886 pivots (col 17917/18872, rows 18872)
[  9523.6s]   [4,11] level 1: 4889 pivots (col 17920/18872, rows 18872)
[  9526.4s]   [4,11] level 1: 4892 pivots (col 17927/18872, rows 18872)
[  9529.2s]   [4,11] level 1: 4895 pivots (col 17930/18872, rows 18872)
[  9532.0s]   [4,11] level 1: 4898 pivots (col 17938/18872, rows 18872)
[  9534.8s]   [4,11] level 1: 4901 pivots (col 17941/18872, rows 18872)
[  9537.6s]   [4,11] level 1: 4904 pivots (col 17950/18872, rows 18872)
[  9540.4s]   [4,11] level 1: 4907 pivots (col 17960/18872, rows 18872)
[  9543.2s]   [4,11] level 1: 4910 pivots (col 17982/18872, rows 18872)
[  9546.0s]   [4,11] level 1: 4913 pivots (col 18028/18872, rows 18872)
[  9548.8s]   [4,11] level 1: 4916 pivots (col 18031/18872, rows 18872)
[  9551.5s]   [4,11] level 1: 4919 pivots (col 18034/18872, rows 18872)
[  9554.3s]   [4,11] level 1: 4922 pivots (col 18039/18872, rows 18872)
[  9557.1s]   [4,11] level 1: 4925 pivots (col 18042/18872, rows 18872)
[  9559.9s]   [4,11] level 1: 4928 pivots (col 18049/18872, rows 18872)
[  9562.7s]   [4,11] level 1: 4931 pivots (col 18052/18872, rows 18872)
[  9565.4s]   [4,11] level 1: 4934 pivots (col 18060/18872, rows 18872)
[  9568.2s]   [4,11] level 1: 4937 pivots (col 18071/18872, rows 18872)
[  9571.0s]   [4,11] level 1: 4940 pivots (col 18092/18872, rows 18872)
[  9573.7s]   [4,11] level 1: 4943 pivots (col 18148/18872, rows 18872)
[  9576.5s]   [4,11] level 1: 4946 pivots (col 18151/18872, rows 18872)
[  9579.3s]   [4,11] level 1: 4949 pivots (col 18154/18872, rows 18872)
[  9582.0s]   [4,11] level 1: 4952 pivots (col 18159/18872, rows 18872)
[  9584.8s]   [4,11] level 1: 4955 pivots (col 18162/18872, rows 18872)
[  9587.6s]   [4,11] level 1: 4958 pivots (col 18169/18872, rows 18872)
[  9590.3s]   [4,11] level 1: 4961 pivots (col 18172/18872, rows 18872)
[  9593.1s]   [4,11] level 1: 4964 pivots (col 18180/18872, rows 18872)
[  9595.8s]   [4,11] level 1: 4967 pivots (col 18213/18872, rows 18872)
[  9601.1s]   [4,11] level 1 done: 4968 divisors; residual 13904x13904
[  9603.1s]   [4,11] level 2: 3 pivots (col 10/13904, rows 13904)
[  9605.8s]   [4,11] level 2: 6 pivots (col 14/13904, rows 13904)
[  9608.4s]   [4,11] level 2: 9 pivots (col 17/13904, rows 13904)
[  9611.1s]   [4,11] level 2: 12 pivots (col 39/13904, rows 13904)
[  9613.8s]   [4,11] level 2: 15 pivots (col 43/13904, rows 13904)
[  9616.5s]   [4,11] level 2: 18 pivots (col 46/13904, rows 13904)
[  9619.3s]   [4,11] level 2: 21 pivots (col 50/13904, rows 13904)
[  9621.9s]   [4,11] level 2: 24 pivots (col 53/13904, rows 13904)
[  9624.6s]   [4,11] level 2: 27 pivots (col 75/13904, rows 13904)
[  9627.3s]   [4,11] level 2: 30 pivots (col 79/13904, rows 13904)
[  9630.0s]   [4,11] level 2: 33 pivots (col 82/13904, rows 13904)
[  9632.6s]   [4,11] level 2: 36 pivots (col 86/13904, rows 13904)
[  9635.3s]   [4,11] level 2: 39 pivots (col 89/13904, rows 13904)
[  9638.0s]   [4,11] level 2: 42 pivots (col 109/13904, rows 13904)
[  9640.7s]   [4,11] level 2: 45 pivots (col 113/13904, rows 13904)
[  9643.3s]   [4,11] level 2: 48 pivots (col 117/13904, rows 13904)
[  9646.0s]   [4,11] level 2: 51 pivots (col 120/13904, rows 13904)
[  9648.7s]   [4,11] level 2: 54 pivots (col 124/13904, rows 13904)
[  9651.3s]   [4,11] level 2: 57 pivots (col 127/13904, rows 13904)
[  9654.0s]   [4,11] level 2: 60 pivots (col 130/13904, rows 13904)
[  9656.6s]   [4,11] level 2: 63 pivots (col 134/13904, rows 13904)
[  9659.3s]   [4,11] level 2: 66 pivots (col 137/13904, rows 13904)
[  9662.0s]   [4,11] level 2: 69 pivots (col 155/13904, rows 13904)
[  9664.6s]   [4,11] level 2: 72 pivots (col 161/13904, rows 13904)
[  9667.3s]   [4,11] level 2: 75 pivots (col 164/13904, rows 13904)
[  9669.9s]   [4,11] level 2: 78 pivots (col 168/13904, rows 13904)
[  9672.6s]   [4,11] level 2: 81 pivots (col 171/13904, rows 13904)
[  9675.2s]   [4,11] level 2: 84 pivots (col 175/13904, rows 13904)
[  9677.9s]   [4,11] level 2: 87 pivots (col 178/13904, rows 13904)
[  9680.5s]   [4,11] level 2: 90 pivots (col 182/13904, rows 13904)
[  9683.2s]   [4,11] level 2: 93 pivots (col 185/13904, rows 13904)
[  9685.8s]   [4,11] level 2: 96 pivots (col 190/13904, rows 13904)
[  9688.5s]   [4,11] level 2: 99 pivots (col 193/13904, rows 13904)
[  9691.1s]   [4,11] level 2: 102 pivots (col 196/13904, rows 13904)
[  9693.8s]   [4,11] level 2: 105 pivots (col 216/13904, rows 13904)
[  9696.4s]   [4,11] level 2: 108 pivots (col 219/13904, rows 13904)
[  9699.1s]   [4,11] level 2: 111 pivots (col 222/13904, rows 13904)
[  9701.7s]   [4,11] level 2: 114 pivots (col 226/13904, rows 13904)
[  9704.4s]   [4,11] level 2: 117 pivots (col 229/13904, rows 13904)
[  9707.0s]   [4,11] level 2: 120 pivots (col 232/13904, rows 13904)
[  9709.7s]   [4,11] level 2: 123 pivots (col 236/13904, rows 13904)
[  9712.3s]   [4,11] level 2: 126 pivots (col 239/13904, rows 13904)
[  9715.0s]   [4,11] level 2: 129 pivots (col 242/13904, rows 13904)
[  9717.6s]   [4,11] level 2: 132 pivots (col 246/13904, rows 13904)
[  9720.3s]   [4,11] level 2: 135 pivots (col 249/13904, rows 13904)
[  9722.9s]   [4,11] level 2: 138 pivots (col 252/13904, rows 13904)
[  9725.5s]   [4,11] level 2: 141 pivots (col 256/13904, rows 13904)
[  9728.2s]   [4,11] level 2: 144 pivots (col 259/13904, rows 13904)
[  9730.8s]   [4,11] level 2: 147 pivots (col 262/13904, rows 13904)
[  9733.4s]   [4,11] level 2: 150 pivots (col 266/13904, rows 13904)
[  9736.1s]   [4,11] level 2: 153 pivots (col 275/13904, rows 13904)
[  9738.7s]   [4,11] level 2: 156 pivots (col 298/13904, rows 13904)
[  9741.3s]   [4,11] level 2: 159 pivots (col 302/13904, rows 13904)
[  9744.0s]   [4,11] level 2: 162 pivots (col 305/13904, rows 13904)
[  9746.6s]   [4,11] level 2: 165 pivots (col 308/13904, rows 13904)
[  9749.2s]   [4,11] level 2: 168 pivots (col 312/13904, rows 13904)
[  9751.8s]   [4,11] level 2: 171 pivots (col 315/13904, rows 13904)
[  9754.5s]   [4,11] level 2: 174 pivots (col 318/13904, rows 13904)
[  9757.1s]   [4,11] level 2: 177 pivots (col 322/13904, rows 13904)
[  9759.7s]   [4,11] level 2: 180 pivots (col 325/13904, rows 13904)
[  9762.3s]   [4,11] level 2: 183 pivots (col 328/13904, rows 13904)
[  9765.0s]   [4,11] level 2: 186 pivots (col 332/13904, rows 13904)
[  9767.6s]   [4,11] level 2: 189 pivots (col 335/13904, rows 13904)
[  9770.2s]   [4,11] level 2: 192 pivots (col 341/13904, rows 13904)
[  9772.8s]   [4,11] level 2: 195 pivots (col 344/13904, rows 13904)
[  9775.4s]   [4,11] level 2: 198 pivots (col 351/13904, rows 13904)
[  9778.1s]   [4,11] level 2: 201 pivots (col 354/13904, rows 13904)
[  9780.7s]   [4,11] level 2: 204 pivots (col 363/13904, rows 13904)
[  9783.3s]   [4,11] level 2: 207 pivots (col 386/13904, rows 13904)
[  9785.9s]   [4,11] level 2: 210 pivots (col 390/13904, rows 13904)
[  9788.5s]   [4,11] level 2: 213 pivots (col 393/13904, rows 13904)
[  9791.1s]   [4,11] level 2: 216 pivots (col 396/13904, rows 13904)
[  9793.8s]   [4,11] level 2: 219 pivots (col 400/13904, rows 13904)
[  9796.4s]   [4,11] level 2: 222 pivots (col 403/13904, rows 13904)
[  9799.0s]   [4,11] level 2: 225 pivots (col 406/13904, rows 13904)
[  9801.6s]   [4,11] level 2: 228 pivots (col 410/13904, rows 13904)
[  9804.2s]   [4,11] level 2: 231 pivots (col 413/13904, rows 13904)
[  9806.8s]   [4,11] level 2: 234 pivots (col 418/13904, rows 13904)
[  9809.4s]   [4,11] level 2: 237 pivots (col 421/13904, rows 13904)
[  9812.0s]   [4,11] level 2: 240 pivots (col 428/13904, rows 13904)
[  9814.6s]   [4,11] level 2: 243 pivots (col 431/13904, rows 13904)
[  9817.2s]   [4,11] level 2: 246 pivots (col 439/13904, rows 13904)
[  9819.8s]   [4,11] level 2: 249 pivots (col 448/13904, rows 13904)
[  9822.4s]   [4,11] level 2: 252 pivots (col 469/13904, rows 13904)
[  9825.0s]   [4,11] level 2: 255 pivots (col 472/13904, rows 13904)
[  9827.6s]   [4,11] level 2: 258 pivots (col 476/13904, rows 13904)
[  9830.2s]   [4,11] level 2: 261 pivots (col 479/13904, rows 13904)
[  9832.8s]   [4,11] level 2: 264 pivots (col 483/13904, rows 13904)
[  9835.4s]   [4,11] level 2: 267 pivots (col 486/13904, rows 13904)
[  9838.0s]   [4,11] level 2: 270 pivots (col 490/13904, rows 13904)
[  9840.6s]   [4,11] level 2: 273 pivots (col 493/13904, rows 13904)
[  9843.2s]   [4,11] level 2: 276 pivots (col 496/13904, rows 13904)
[  9845.8s]   [4,11] level 2: 279 pivots (col 501/13904, rows 13904)
[  9848.4s]   [4,11] level 2: 282 pivots (col 504/13904, rows 13904)
[  9851.0s]   [4,11] level 2: 285 pivots (col 510/13904, rows 13904)
[  9853.5s]   [4,11] level 2: 288 pivots (col 513/13904, rows 13904)
[  9856.1s]   [4,11] level 2: 291 pivots (col 522/13904, rows 13904)
[  9858.7s]   [4,11] level 2: 294 pivots (col 525/13904, rows 13904)
[  9861.3s]   [4,11] level 2: 297 pivots (col 534/13904, rows 13904)
[  9863.8s]   [4,11] level 2: 300 pivots (col 543/13904, rows 13904)
[  9866.4s]   [4,11] level 2: 303 pivots (col 554/13904, rows 13904)
[  9869.0s]   [4,11] level 2: 306 pivots (col 578/13904, rows 13904)
[  9871.5s]   [4,11] level 2: 309 pivots (col 581/13904, rows 13904)
[  9874.1s]   [4,11] level 2: 312 pivots (col 585/13904, rows 13904)
[  9876.7s]   [4,11] level 2: 315 pivots (col 588/13904, rows 13904)
[  9879.3s]   [4,11] level 2: 318 pivots (col 592/13904, rows 13904)
[  9881.9s]   [4,11] level 2: 321 pivots (col 595/13904, rows 13904)
[  9884.5s]   [4,11] level 2: 324 pivots (col 599/13904, rows 13904)
[  9887.0s]   [4,11] level 2: 327 pivots (col 602/13904, rows 13904)
[  9889.6s]   [4,11] level 2: 330 pivots (col 605/13904, rows 13904)
[  9892.2s]   [4,11] level 2: 333 pivots (col 610/13904, rows 13904)
[  9894.8s]   [4,11] level 2: 336 pivots (col 613/13904, rows 13904)
[  9897.3s]   [4,11] level 2: 339 pivots (col 620/13904, rows 13904)
[  9899.9s]   [4,11] level 2: 342 pivots (col 623/13904, rows 13904)
[  9902.5s]   [4,11] level 2: 345 pivots (col 633/13904, rows 13904)
[  9905.0s]   [4,11] level 2: 348 pivots (col 643/13904, rows 13904)
[  9907.6s]   [4,11] level 2: 351 pivots (col 653/13904, rows 13904)
[  9910.2s]   [4,11] level 2: 354 pivots (col 816/13904, rows 13904)
[  9912.7s]   [4,11] level 2: 357 pivots (col 819/13904, rows 13904)
[  9915.3s]   [4,11] level 2: 360 pivots (col 853/13904, rows 13904)
[  9917.9s]   [4,11] level 2: 363 pivots (col 856/13904, rows 13904)
[  9920.4s]   [4,11] level 2: 366 pivots (col 888/13904, rows 13904)
[  9923.0s]   [4,11] level 2: 369 pivots (col 893/13904, rows 13904)
[  9925.6s]   [4,11] level 2: 372 pivots (col 896/13904, rows 13904)
[  9928.1s]   [4,11] level 2: 375 pivots (col 927/13904, rows 13904)
[  9930.7s]   [4,11] level 2: 378 pivots (col 931/13904, rows 13904)
[  9933.2s]   [4,11] level 2: 381 pivots (col 935/13904, rows 13904)
[  9935.8s]   [4,11] level 2: 384 pivots (col 938/13904, rows 13904)
[  9938.4s]   [4,11] level 2: 387 pivots (col 941/13904, rows 13904)
[  9940.9s]   [4,11] level 2: 390 pivots (col 945/13904, rows 13904)
[  9943.5s]   [4,11] level 2: 393 pivots (col 948/13904, rows 13904)
[  9946.0s]   [4,11] level 2: 396 pivots (col 975/13904, rows 13904)
[  9948.6s]   [4,11] level 2: 399 pivots (col 981/13904, rows 13904)
[  9951.1s]   [4,11] level 2: 402 pivots (col 985/13904, rows 13904)
[  9953.7s]   [4,11] level 2: 405 pivots (col 988/13904, rows 13904)
[  9956.2s]   [4,11] level 2: 408 pivots (col 992/13904, rows 13904)
[  9958.8s]   [4,11] level 2: 411 pivots (col 995/13904, rows 13904)
[  9961.3s]   [4,11] level 2: 414 pivots (col 999/13904, rows 13904)
[  9963.9s]   [4,11] level 2: 417 pivots (col 1002/13904, rows 13904)
[  9966.4s]   [4,11] level 2: 420 pivots (col 1006/13904, rows 13904)
[  9969.0s]   [4,11] level 2: 423 pivots (col 1009/13904, rows 13904)
[  9971.5s]   [4,11] level 2: 426 pivots (col 1012/13904, rows 13904)
[  9974.0s]   [4,11] level 2: 429 pivots (col 1042/13904, rows 13904)
[  9976.6s]   [4,11] level 2: 432 pivots (col 1046/13904, rows 13904)
[  9979.1s]   [4,11] level 2: 435 pivots (col 1049/13904, rows 13904)
[  9981.7s]   [4,11] level 2: 438 pivots (col 1052/13904, rows 13904)
[  9984.2s]   [4,11] level 2: 441 pivots (col 1056/13904, rows 13904)
[  9986.7s]   [4,11] level 2: 444 pivots (col 1059/13904, rows 13904)
[  9989.3s]   [4,11] level 2: 447 pivots (col 1062/13904, rows 13904)
[  9991.8s]   [4,11] level 2: 450 pivots (col 1066/13904, rows 13904)
[  9994.4s]   [4,11] level 2: 453 pivots (col 1069/13904, rows 13904)
[  9996.9s]   [4,11] level 2: 456 pivots (col 1072/13904, rows 13904)
[  9999.4s]   [4,11] level 2: 459 pivots (col 1076/13904, rows 13904)
[ 10002.0s]   [4,11] level 2: 462 pivots (col 1079/13904, rows 13904)
[ 10004.5s]   [4,11] level 2: 465 pivots (col 1082/13904, rows 13904)
[ 10007.0s]   [4,11] level 2: 468 pivots (col 1086/13904, rows 13904)
[ 10009.5s]   [4,11] level 2: 471 pivots (col 1089/13904, rows 13904)
[ 10012.1s]   [4,11] level 2: 474 pivots (col 1092/13904, rows 13904)
[ 10014.6s]   [4,11] level 2: 477 pivots (col 1096/13904, rows 13904)
[ 10017.1s]   [4,11] level 2: 480 pivots (col 1130/13904, rows 13904)
[ 10019.7s]   [4,11] level 2: 483 pivots (col 1134/13904, rows 13904)
[ 10022.2s]   [4,11] level 2: 486 pivots (col 1137/13904, rows 13904)
[ 10024.7s]   [4,11] level 2: 489 pivots (col 1140/13904, rows 13904)
[ 10027.2s]   [4,11] level 2: 492 pivots (col 1144/13904, rows 13904)
[ 10029.8s]   [4,11] level 2: 495 pivots (col 1147/13904, rows 13904)
[ 10032.3s]   [4,11] level 2: 498 pivots (col 1150/13904, rows 13904)
[ 10034.8s]   [4,11] level 2: 501 pivots (col 1154/13904, rows 13904)
[ 10037.3s]   [4,11] level 2: 504 pivots (col 1157/13904, rows 13904)
[ 10039.8s]   [4,11] level 2: 507 pivots (col 1160/13904, rows 13904)
[ 10042.3s]   [4,11] level 2: 510 pivots (col 1164/13904, rows 13904)
[ 10044.9s]   [4,11] level 2: 513 pivots (col 1167/13904, rows 13904)
[ 10047.4s]   [4,11] level 2: 516 pivots (col 1170/13904, rows 13904)
[ 10049.9s]   [4,11] level 2: 519 pivots (col 1176/13904, rows 13904)
[ 10052.4s]   [4,11] level 2: 522 pivots (col 1179/13904, rows 13904)
[ 10054.9s]   [4,11] level 2: 525 pivots (col 1186/13904, rows 13904)
[ 10057.4s]   [4,11] level 2: 528 pivots (col 1220/13904, rows 13904)
[ 10060.0s]   [4,11] level 2: 531 pivots (col 1224/13904, rows 13904)
[ 10062.5s]   [4,11] level 2: 534 pivots (col 1227/13904, rows 13904)
[ 10065.0s]   [4,11] level 2: 537 pivots (col 1230/13904, rows 13904)
[ 10067.5s]   [4,11] level 2: 540 pivots (col 1234/13904, rows 13904)
[ 10070.0s]   [4,11] level 2: 543 pivots (col 1237/13904, rows 13904)
[ 10072.5s]   [4,11] level 2: 546 pivots (col 1240/13904, rows 13904)
[ 10075.0s]   [4,11] level 2: 549 pivots (col 1244/13904, rows 13904)
[ 10077.5s]   [4,11] level 2: 552 pivots (col 1247/13904, rows 13904)
[ 10080.0s]   [4,11] level 2: 555 pivots (col 1253/13904, rows 13904)
[ 10082.5s]   [4,11] level 2: 558 pivots (col 1256/13904, rows 13904)
[ 10085.0s]   [4,11] level 2: 561 pivots (col 1263/13904, rows 13904)
[ 10087.5s]   [4,11] level 2: 564 pivots (col 1266/13904, rows 13904)
[ 10090.0s]   [4,11] level 2: 567 pivots (col 1274/13904, rows 13904)
[ 10092.5s]   [4,11] level 2: 570 pivots (col 1306/13904, rows 13904)
[ 10095.0s]   [4,11] level 2: 573 pivots (col 1309/13904, rows 13904)
[ 10097.5s]   [4,11] level 2: 576 pivots (col 1313/13904, rows 13904)
[ 10100.0s]   [4,11] level 2: 579 pivots (col 1316/13904, rows 13904)
[ 10102.5s]   [4,11] level 2: 582 pivots (col 1320/13904, rows 13904)
[ 10105.0s]   [4,11] level 2: 585 pivots (col 1323/13904, rows 13904)
[ 10107.4s]   [4,11] level 2: 588 pivots (col 1327/13904, rows 13904)
[ 10109.9s]   [4,11] level 2: 591 pivots (col 1330/13904, rows 13904)
[ 10112.4s]   [4,11] level 2: 594 pivots (col 1333/13904, rows 13904)
[ 10114.9s]   [4,11] level 2: 597 pivots (col 1338/13904, rows 13904)
[ 10117.4s]   [4,11] level 2: 600 pivots (col 1341/13904, rows 13904)
[ 10119.9s]   [4,11] level 2: 603 pivots (col 1347/13904, rows 13904)
[ 10122.3s]   [4,11] level 2: 606 pivots (col 1350/13904, rows 13904)
[ 10124.8s]   [4,11] level 2: 609 pivots (col 1359/13904, rows 13904)
[ 10127.3s]   [4,11] level 2: 612 pivots (col 1368/13904, rows 13904)
[ 10129.8s]   [4,11] level 2: 615 pivots (col 1371/13904, rows 13904)
[ 10132.3s]   [4,11] level 2: 618 pivots (col 1412/13904, rows 13904)
[ 10134.8s]   [4,11] level 2: 621 pivots (col 1415/13904, rows 13904)
[ 10137.2s]   [4,11] level 2: 624 pivots (col 1419/13904, rows 13904)
[ 10139.7s]   [4,11] level 2: 627 pivots (col 1422/13904, rows 13904)
[ 10142.2s]   [4,11] level 2: 630 pivots (col 1425/13904, rows 13904)
[ 10144.7s]   [4,11] level 2: 633 pivots (col 1429/13904, rows 13904)
[ 10147.1s]   [4,11] level 2: 636 pivots (col 1432/13904, rows 13904)
[ 10149.6s]   [4,11] level 2: 639 pivots (col 1436/13904, rows 13904)
[ 10152.1s]   [4,11] level 2: 642 pivots (col 1439/13904, rows 13904)
[ 10154.5s]   [4,11] level 2: 645 pivots (col 1442/13904, rows 13904)
[ 10157.0s]   [4,11] level 2: 648 pivots (col 1448/13904, rows 13904)
[ 10159.5s]   [4,11] level 2: 651 pivots (col 1451/13904, rows 13904)
[ 10161.9s]   [4,11] level 2: 654 pivots (col 1458/13904, rows 13904)
[ 10164.4s]   [4,11] level 2: 657 pivots (col 1468/13904, rows 13904)
[ 10166.8s]   [4,11] level 2: 660 pivots (col 1471/13904, rows 13904)
[ 10169.3s]   [4,11] level 2: 663 pivots (col 1481/13904, rows 13904)
[ 10171.8s]   [4,11] level 2: 666 pivots (col 1733/13904, rows 13904)
[ 10174.3s]   [4,11] level 2: 669 pivots (col 1776/13904, rows 13904)
[ 10176.7s]   [4,11] level 2: 672 pivots (col 1780/13904, rows 13904)
[ 10179.2s]   [4,11] level 2: 675 pivots (col 1784/13904, rows 13904)
[ 10181.6s]   [4,11] level 2: 678 pivots (col 1787/13904, rows 13904)
[ 10184.1s]   [4,11] level 2: 681 pivots (col 1790/13904, rows 13904)
[ 10186.6s]   [4,11] level 2: 684 pivots (col 1829/13904, rows 13904)
[ 10189.0s]   [4,11] level 2: 687 pivots (col 1834/13904, rows 13904)
[ 10191.5s]   [4,11] level 2: 690 pivots (col 1838/13904, rows 13904)
[ 10193.9s]   [4,11] level 2: 693 pivots (col 1841/13904, rows 13904)
[ 10196.4s]   [4,11] level 2: 696 pivots (col 1845/13904, rows 13904)
[ 10198.8s]   [4,11] level 2: 699 pivots (col 1848/13904, rows 13904)
[ 10201.3s]   [4,11] level 2: 702 pivots (col 1852/13904, rows 13904)
[ 10203.7s]   [4,11] level 2: 705 pivots (col 1855/13904, rows 13904)
[ 10206.2s]   [4,11] level 2: 708 pivots (col 1858/13904, rows 13904)
[ 10208.7s]   [4,11] level 2: 711 pivots (col 1896/13904, rows 13904)
[ 10211.1s]   [4,11] level 2: 714 pivots (col 1900/13904, rows 13904)
[ 10213.5s]   [4,11] level 2: 717 pivots (col 1904/13904, rows 13904)
[ 10216.0s]   [4,11] level 2: 720 pivots (col 1907/13904, rows 13904)
[ 10218.4s]   [4,11] level 2: 723 pivots (col 1910/13904, rows 13904)
[ 10220.9s]   [4,11] level 2: 726 pivots (col 1914/13904, rows 13904)
[ 10223.3s]   [4,11] level 2: 729 pivots (col 1917/13904, rows 13904)
[ 10225.8s]   [4,11] level 2: 732 pivots (col 1920/13904, rows 13904)
[ 10228.2s]   [4,11] level 2: 735 pivots (col 1924/13904, rows 13904)
[ 10230.6s]   [4,11] level 2: 738 pivots (col 1927/13904, rows 13904)
[ 10233.1s]   [4,11] level 2: 741 pivots (col 1930/13904, rows 13904)
[ 10235.5s]   [4,11] level 2: 744 pivots (col 1934/13904, rows 13904)
[ 10238.0s]   [4,11] level 2: 747 pivots (col 1937/13904, rows 13904)
[ 10240.4s]   [4,11] level 2: 750 pivots (col 1940/13904, rows 13904)
[ 10242.9s]   [4,11] level 2: 753 pivots (col 1944/13904, rows 13904)
[ 10245.3s]   [4,11] level 2: 756 pivots (col 1947/13904, rows 13904)
[ 10247.7s]   [4,11] level 2: 759 pivots (col 1950/13904, rows 13904)
[ 10250.2s]   [4,11] level 2: 762 pivots (col 1987/13904, rows 13904)
[ 10252.6s]   [4,11] level 2: 765 pivots (col 1991/13904, rows 13904)
[ 10255.0s]   [4,11] level 2: 768 pivots (col 1995/13904, rows 13904)
[ 10257.5s]   [4,11] level 2: 771 pivots (col 1999/13904, rows 13904)
[ 10259.9s]   [4,11] level 2: 774 pivots (col 2002/13904, rows 13904)
[ 10262.3s]   [4,11] level 2: 777 pivots (col 2005/13904, rows 13904)
[ 10264.7s]   [4,11] level 2: 780 pivots (col 2009/13904, rows 13904)
[ 10267.2s]   [4,11] level 2: 783 pivots (col 2012/13904, rows 13904)
[ 10269.6s]   [4,11] level 2: 786 pivots (col 2015/13904, rows 13904)
[ 10272.0s]   [4,11] level 2: 789 pivots (col 2019/13904, rows 13904)
[ 10274.4s]   [4,11] level 2: 792 pivots (col 2022/13904, rows 13904)
[ 10276.8s]   [4,11] level 2: 795 pivots (col 2025/13904, rows 13904)
[ 10279.3s]   [4,11] level 2: 798 pivots (col 2029/13904, rows 13904)
[ 10281.7s]   [4,11] level 2: 801 pivots (col 2032/13904, rows 13904)
[ 10284.1s]   [4,11] level 2: 804 pivots (col 2038/13904, rows 13904)
[ 10286.5s]   [4,11] level 2: 807 pivots (col 2041/13904, rows 13904)
[ 10288.9s]   [4,11] level 2: 810 pivots (col 2081/13904, rows 13904)
[ 10291.3s]   [4,11] level 2: 813 pivots (col 2085/13904, rows 13904)
[ 10293.8s]   [4,11] level 2: 816 pivots (col 2089/13904, rows 13904)
[ 10296.2s]   [4,11] level 2: 819 pivots (col 2093/13904, rows 13904)
[ 10298.6s]   [4,11] level 2: 822 pivots (col 2096/13904, rows 13904)
[ 10301.0s]   [4,11] level 2: 825 pivots (col 2099/13904, rows 13904)
[ 10303.4s]   [4,11] level 2: 828 pivots (col 2103/13904, rows 13904)
[ 10305.8s]   [4,11] level 2: 831 pivots (col 2106/13904, rows 13904)
[ 10308.2s]   [4,11] level 2: 834 pivots (col 2109/13904, rows 13904)
[ 10310.6s]   [4,11] level 2: 837 pivots (col 2114/13904, rows 13904)
[ 10313.0s]   [4,11] level 2: 840 pivots (col 2117/13904, rows 13904)
[ 10315.4s]   [4,11] level 2: 843 pivots (col 2123/13904, rows 13904)
[ 10317.8s]   [4,11] level 2: 846 pivots (col 2126/13904, rows 13904)
[ 10320.2s]   [4,11] level 2: 849 pivots (col 2133/13904, rows 13904)
[ 10322.6s]   [4,11] level 2: 852 pivots (col 2136/13904, rows 13904)
[ 10325.0s]   [4,11] level 2: 855 pivots (col 2177/13904, rows 13904)
[ 10327.4s]   [4,11] level 2: 858 pivots (col 2181/13904, rows 13904)
[ 10329.8s]   [4,11] level 2: 861 pivots (col 2184/13904, rows 13904)
[ 10332.2s]   [4,11] level 2: 864 pivots (col 2188/13904, rows 13904)
[ 10334.6s]   [4,11] level 2: 867 pivots (col 2191/13904, rows 13904)
[ 10337.0s]   [4,11] level 2: 870 pivots (col 2194/13904, rows 13904)
[ 10339.4s]   [4,11] level 2: 873 pivots (col 2198/13904, rows 13904)
[ 10341.8s]   [4,11] level 2: 876 pivots (col 2201/13904, rows 13904)
[ 10344.2s]   [4,11] level 2: 879 pivots (col 2206/13904, rows 13904)
[ 10346.6s]   [4,11] level 2: 882 pivots (col 2209/13904, rows 13904)
[ 10349.0s]   [4,11] level 2: 885 pivots (col 2216/13904, rows 13904)
[ 10351.4s]   [4,11] level 2: 888 pivots (col 2219/13904, rows 13904)
[ 10353.8s]   [4,11] level 2: 891 pivots (col 2228/13904, rows 13904)
[ 10356.1s]   [4,11] level 2: 894 pivots (col 2231/13904, rows 13904)
[ 10358.5s]   [4,11] level 2: 897 pivots (col 2240/13904, rows 13904)
[ 10360.9s]   [4,11] level 2: 900 pivots (col 2284/13904, rows 13904)
[ 10363.3s]   [4,11] level 2: 903 pivots (col 2287/13904, rows 13904)
[ 10365.7s]   [4,11] level 2: 906 pivots (col 2291/13904, rows 13904)
[ 10368.0s]   [4,11] level 2: 909 pivots (col 2294/13904, rows 13904)
[ 10370.4s]   [4,11] level 2: 912 pivots (col 2298/13904, rows 13904)
[ 10372.8s]   [4,11] level 2: 915 pivots (col 2301/13904, rows 13904)
[ 10375.2s]   [4,11] level 2: 918 pivots (col 2306/13904, rows 13904)
[ 10377.6s]   [4,11] level 2: 921 pivots (col 2309/13904, rows 13904)
[ 10379.9s]   [4,11] level 2: 924 pivots (col 2312/13904, rows 13904)
[ 10382.3s]   [4,11] level 2: 927 pivots (col 2318/13904, rows 13904)
[ 10384.7s]   [4,11] level 2: 930 pivots (col 2321/13904, rows 13904)
[ 10387.0s]   [4,11] level 2: 933 pivots (col 2329/13904, rows 13904)
[ 10389.4s]   [4,11] level 2: 936 pivots (col 2339/13904, rows 13904)
[ 10391.8s]   [4,11] level 2: 939 pivots (col 2350/13904, rows 13904)
[ 10394.2s]   [4,11] level 2: 942 pivots (col 2523/13904, rows 13904)
[ 10396.5s]   [4,11] level 2: 945 pivots (col 2526/13904, rows 13904)
[ 10398.9s]   [4,11] level 2: 948 pivots (col 2530/13904, rows 13904)
[ 10401.3s]   [4,11] level 2: 951 pivots (col 2533/13904, rows 13904)
[ 10403.7s]   [4,11] level 2: 954 pivots (col 2555/13904, rows 13904)
[ 10406.0s]   [4,11] level 2: 957 pivots (col 2559/13904, rows 13904)
[ 10408.4s]   [4,11] level 2: 960 pivots (col 2562/13904, rows 13904)
[ 10410.8s]   [4,11] level 2: 963 pivots (col 2566/13904, rows 13904)
[ 10413.1s]   [4,11] level 2: 966 pivots (col 2569/13904, rows 13904)
[ 10415.5s]   [4,11] level 2: 969 pivots (col 2591/13904, rows 13904)
[ 10417.8s]   [4,11] level 2: 972 pivots (col 2595/13904, rows 13904)
[ 10420.2s]   [4,11] level 2: 975 pivots (col 2598/13904, rows 13904)
[ 10422.6s]   [4,11] level 2: 978 pivots (col 2602/13904, rows 13904)
[ 10424.9s]   [4,11] level 2: 981 pivots (col 2605/13904, rows 13904)
[ 10427.3s]   [4,11] level 2: 984 pivots (col 2608/13904, rows 13904)
[ 10429.6s]   [4,11] level 2: 987 pivots (col 2629/13904, rows 13904)
[ 10432.0s]   [4,11] level 2: 990 pivots (col 2633/13904, rows 13904)
[ 10434.3s]   [4,11] level 2: 993 pivots (col 2636/13904, rows 13904)
[ 10436.7s]   [4,11] level 2: 996 pivots (col 2640/13904, rows 13904)
[ 10439.1s]   [4,11] level 2: 999 pivots (col 2643/13904, rows 13904)
[ 10441.4s]   [4,11] level 2: 1002 pivots (col 2647/13904, rows 13904)
[ 10443.8s]   [4,11] level 2: 1005 pivots (col 2650/13904, rows 13904)
[ 10446.1s]   [4,11] level 2: 1008 pivots (col 2653/13904, rows 13904)
[ 10448.5s]   [4,11] level 2: 1011 pivots (col 2658/13904, rows 13904)
[ 10450.8s]   [4,11] level 2: 1014 pivots (col 2661/13904, rows 13904)
[ 10453.2s]   [4,11] level 2: 1017 pivots (col 2681/13904, rows 13904)
[ 10455.5s]   [4,11] level 2: 1020 pivots (col 2685/13904, rows 13904)
[ 10457.9s]   [4,11] level 2: 1023 pivots (col 2689/13904, rows 13904)
[ 10460.2s]   [4,11] level 2: 1026 pivots (col 2692/13904, rows 13904)
[ 10462.5s]   [4,11] level 2: 1029 pivots (col 2696/13904, rows 13904)
[ 10464.9s]   [4,11] level 2: 1032 pivots (col 2699/13904, rows 13904)
[ 10467.2s]   [4,11] level 2: 1035 pivots (col 2702/13904, rows 13904)
[ 10469.6s]   [4,11] level 2: 1038 pivots (col 2706/13904, rows 13904)
[ 10471.9s]   [4,11] level 2: 1041 pivots (col 2709/13904, rows 13904)
[ 10474.3s]   [4,11] level 2: 1044 pivots (col 2712/13904, rows 13904)
[ 10476.6s]   [4,11] level 2: 1047 pivots (col 2716/13904, rows 13904)
[ 10478.9s]   [4,11] level 2: 1050 pivots (col 2725/13904, rows 13904)
[ 10481.3s]   [4,11] level 2: 1053 pivots (col 2749/13904, rows 13904)
[ 10483.6s]   [4,11] level 2: 1056 pivots (col 2752/13904, rows 13904)
[ 10485.9s]   [4,11] level 2: 1059 pivots (col 2755/13904, rows 13904)
[ 10488.3s]   [4,11] level 2: 1062 pivots (col 2759/13904, rows 13904)
[ 10490.6s]   [4,11] level 2: 1065 pivots (col 2762/13904, rows 13904)
[ 10492.9s]   [4,11] level 2: 1068 pivots (col 2765/13904, rows 13904)
[ 10495.3s]   [4,11] level 2: 1071 pivots (col 2769/13904, rows 13904)
[ 10497.6s]   [4,11] level 2: 1074 pivots (col 2772/13904, rows 13904)
[ 10499.9s]   [4,11] level 2: 1077 pivots (col 2775/13904, rows 13904)
[ 10502.3s]   [4,11] level 2: 1080 pivots (col 2779/13904, rows 13904)
[ 10504.6s]   [4,11] level 2: 1083 pivots (col 2782/13904, rows 13904)
[ 10506.9s]   [4,11] level 2: 1086 pivots (col 2785/13904, rows 13904)
[ 10509.2s]   [4,11] level 2: 1089 pivots (col 2789/13904, rows 13904)
[ 10511.6s]   [4,11] level 2: 1092 pivots (col 2792/13904, rows 13904)
[ 10513.9s]   [4,11] level 2: 1095 pivots (col 2795/13904, rows 13904)
[ 10516.2s]   [4,11] level 2: 1098 pivots (col 2799/13904, rows 13904)
[ 10518.5s]   [4,11] level 2: 1101 pivots (col 2802/13904, rows 13904)
[ 10520.8s]   [4,11] level 2: 1104 pivots (col 2811/13904, rows 13904)
[ 10523.2s]   [4,11] level 2: 1107 pivots (col 2835/13904, rows 13904)
[ 10525.5s]   [4,11] level 2: 1110 pivots (col 2838/13904, rows 13904)
[ 10527.8s]   [4,11] level 2: 1113 pivots (col 2841/13904, rows 13904)
[ 10530.1s]   [4,11] level 2: 1116 pivots (col 2845/13904, rows 13904)
[ 10532.4s]   [4,11] level 2: 1119 pivots (col 2848/13904, rows 13904)
[ 10534.7s]   [4,11] level 2: 1122 pivots (col 2851/13904, rows 13904)
[ 10537.0s]   [4,11] level 2: 1125 pivots (col 2855/13904, rows 13904)
[ 10539.3s]   [4,11] level 2: 1128 pivots (col 2858/13904, rows 13904)
[ 10541.6s]   [4,11] level 2: 1131 pivots (col 2861/13904, rows 13904)
[ 10544.0s]   [4,11] level 2: 1134 pivots (col 2866/13904, rows 13904)
[ 10546.3s]   [4,11] level 2: 1137 pivots (col 2869/13904, rows 13904)
[ 10548.6s]   [4,11] level 2: 1140 pivots (col 2875/13904, rows 13904)
[ 10550.9s]   [4,11] level 2: 1143 pivots (col 2878/13904, rows 13904)
[ 10553.2s]   [4,11] level 2: 1146 pivots (col 2885/13904, rows 13904)
[ 10555.5s]   [4,11] level 2: 1149 pivots (col 2888/13904, rows 13904)
[ 10557.8s]   [4,11] level 2: 1152 pivots (col 2897/13904, rows 13904)
[ 10560.1s]   [4,11] level 2: 1155 pivots (col 2920/13904, rows 13904)
[ 10562.4s]   [4,11] level 2: 1158 pivots (col 2923/13904, rows 13904)
[ 10564.7s]   [4,11] level 2: 1161 pivots (col 2927/13904, rows 13904)
[ 10567.0s]   [4,11] level 2: 1164 pivots (col 2930/13904, rows 13904)
[ 10569.3s]   [4,11] level 2: 1167 pivots (col 2933/13904, rows 13904)
[ 10571.5s]   [4,11] level 2: 1170 pivots (col 2937/13904, rows 13904)
[ 10573.8s]   [4,11] level 2: 1173 pivots (col 2940/13904, rows 13904)
[ 10576.1s]   [4,11] level 2: 1176 pivots (col 2943/13904, rows 13904)
[ 10578.4s]   [4,11] level 2: 1179 pivots (col 2948/13904, rows 13904)
[ 10580.7s]   [4,11] level 2: 1182 pivots (col 2957/13904, rows 13904)
[ 10583.0s]   [4,11] level 2: 1185 pivots (col 2966/13904, rows 13904)
[ 10585.3s]   [4,11] level 2: 1188 pivots (col 2969/13904, rows 13904)
[ 10587.6s]   [4,11] level 2: 1191 pivots (col 2978/13904, rows 13904)
[ 10589.8s]   [4,11] level 2: 1194 pivots (col 2987/13904, rows 13904)
[ 10592.1s]   [4,11] level 2: 1197 pivots (col 3008/13904, rows 13904)
[ 10594.4s]   [4,11] level 2: 1200 pivots (col 3011/13904, rows 13904)
[ 10596.7s]   [4,11] level 2: 1203 pivots (col 3015/13904, rows 13904)
[ 10599.0s]   [4,11] level 2: 1206 pivots (col 3018/13904, rows 13904)
[ 10601.3s]   [4,11] level 2: 1209 pivots (col 3022/13904, rows 13904)
[ 10603.6s]   [4,11] level 2: 1212 pivots (col 3025/13904, rows 13904)
[ 10605.8s]   [4,11] level 2: 1215 pivots (col 3028/13904, rows 13904)
[ 10608.1s]   [4,11] level 2: 1218 pivots (col 3032/13904, rows 13904)
[ 10610.4s]   [4,11] level 2: 1221 pivots (col 3035/13904, rows 13904)
[ 10612.7s]   [4,11] level 2: 1224 pivots (col 3040/13904, rows 13904)
[ 10614.9s]   [4,11] level 2: 1227 pivots (col 3043/13904, rows 13904)
[ 10617.2s]   [4,11] level 2: 1230 pivots (col 3046/13904, rows 13904)
[ 10619.5s]   [4,11] level 2: 1233 pivots (col 3053/13904, rows 13904)
[ 10621.7s]   [4,11] level 2: 1236 pivots (col 3063/13904, rows 13904)
[ 10624.0s]   [4,11] level 2: 1239 pivots (col 3073/13904, rows 13904)
[ 10626.3s]   [4,11] level 2: 1242 pivots (col 3076/13904, rows 13904)
[ 10628.6s]   [4,11] level 2: 1245 pivots (col 3367/13904, rows 13904)
[ 10630.8s]   [4,11] level 2: 1248 pivots (col 3370/13904, rows 13904)
[ 10633.1s]   [4,11] level 2: 1251 pivots (col 3403/13904, rows 13904)
[ 10635.4s]   [4,11] level 2: 1254 pivots (col 3407/13904, rows 13904)
[ 10637.7s]   [4,11] level 2: 1257 pivots (col 3410/13904, rows 13904)
[ 10639.9s]   [4,11] level 2: 1260 pivots (col 3443/13904, rows 13904)
[ 10642.2s]   [4,11] level 2: 1263 pivots (col 3447/13904, rows 13904)
[ 10644.4s]   [4,11] level 2: 1266 pivots (col 3450/13904, rows 13904)
[ 10646.7s]   [4,11] level 2: 1269 pivots (col 3453/13904, rows 13904)
[ 10649.0s]   [4,11] level 2: 1272 pivots (col 3484/13904, rows 13904)
[ 10651.3s]   [4,11] level 2: 1275 pivots (col 3487/13904, rows 13904)
[ 10653.5s]   [4,11] level 2: 1278 pivots (col 3491/13904, rows 13904)
[ 10655.8s]   [4,11] level 2: 1281 pivots (col 3494/13904, rows 13904)
[ 10658.1s]   [4,11] level 2: 1284 pivots (col 3498/13904, rows 13904)
[ 10660.3s]   [4,11] level 2: 1287 pivots (col 3501/13904, rows 13904)
[ 10662.6s]   [4,11] level 2: 1290 pivots (col 3505/13904, rows 13904)
[ 10664.8s]   [4,11] level 2: 1293 pivots (col 3508/13904, rows 13904)
[ 10667.1s]   [4,11] level 2: 1296 pivots (col 3536/13904, rows 13904)
[ 10669.3s]   [4,11] level 2: 1299 pivots (col 3541/13904, rows 13904)
[ 10671.6s]   [4,11] level 2: 1302 pivots (col 3545/13904, rows 13904)
[ 10673.8s]   [4,11] level 2: 1305 pivots (col 3548/13904, rows 13904)
[ 10676.1s]   [4,11] level 2: 1308 pivots (col 3552/13904, rows 13904)
[ 10678.3s]   [4,11] level 2: 1311 pivots (col 3555/13904, rows 13904)
[ 10680.6s]   [4,11] level 2: 1314 pivots (col 3559/13904, rows 13904)
[ 10682.8s]   [4,11] level 2: 1317 pivots (col 3562/13904, rows 13904)
[ 10685.2s]   [4,11] level 2: 1320 pivots (col 3566/13904, rows 13904)
[ 10687.5s]   [4,11] level 2: 1323 pivots (col 3569/13904, rows 13904)
[ 10689.7s]   [4,11] level 2: 1326 pivots (col 3572/13904, rows 13904)
[ 10692.0s]   [4,11] level 2: 1329 pivots (col 3576/13904, rows 13904)
[ 10694.3s]   [4,11] level 2: 1332 pivots (col 3609/13904, rows 13904)
[ 10696.5s]   [4,11] level 2: 1335 pivots (col 3613/13904, rows 13904)
[ 10698.8s]   [4,11] level 2: 1338 pivots (col 3617/13904, rows 13904)
[ 10701.0s]   [4,11] level 2: 1341 pivots (col 3620/13904, rows 13904)
[ 10703.3s]   [4,11] level 2: 1344 pivots (col 3623/13904, rows 13904)
[ 10705.5s]   [4,11] level 2: 1347 pivots (col 3627/13904, rows 13904)
[ 10707.8s]   [4,11] level 2: 1350 pivots (col 3630/13904, rows 13904)
[ 10710.0s]   [4,11] level 2: 1353 pivots (col 3633/13904, rows 13904)
[ 10712.3s]   [4,11] level 2: 1356 pivots (col 3637/13904, rows 13904)
[ 10714.5s]   [4,11] level 2: 1359 pivots (col 3640/13904, rows 13904)
[ 10716.7s]   [4,11] level 2: 1362 pivots (col 3643/13904, rows 13904)
[ 10719.0s]   [4,11] level 2: 1365 pivots (col 3647/13904, rows 13904)
[ 10721.2s]   [4,11] level 2: 1368 pivots (col 3650/13904, rows 13904)
[ 10723.5s]   [4,11] level 2: 1371 pivots (col 3653/13904, rows 13904)
[ 10725.7s]   [4,11] level 2: 1374 pivots (col 3657/13904, rows 13904)
[ 10727.9s]   [4,11] level 2: 1377 pivots (col 3660/13904, rows 13904)
[ 10730.2s]   [4,11] level 2: 1380 pivots (col 3663/13904, rows 13904)
[ 10732.4s]   [4,11] level 2: 1383 pivots (col 3667/13904, rows 13904)
[ 10734.6s]   [4,11] level 2: 1386 pivots (col 3701/13904, rows 13904)
[ 10736.8s]   [4,11] level 2: 1389 pivots (col 3705/13904, rows 13904)
[ 10739.1s]   [4,11] level 2: 1392 pivots (col 3708/13904, rows 13904)
[ 10741.3s]   [4,11] level 2: 1395 pivots (col 3711/13904, rows 13904)
[ 10743.5s]   [4,11] level 2: 1398 pivots (col 3715/13904, rows 13904)
[ 10745.8s]   [4,11] level 2: 1401 pivots (col 3718/13904, rows 13904)
[ 10748.0s]   [4,11] level 2: 1404 pivots (col 3721/13904, rows 13904)
[ 10750.2s]   [4,11] level 2: 1407 pivots (col 3725/13904, rows 13904)
[ 10752.4s]   [4,11] level 2: 1410 pivots (col 3728/13904, rows 13904)
[ 10754.6s]   [4,11] level 2: 1413 pivots (col 3731/13904, rows 13904)
[ 10756.8s]   [4,11] level 2: 1416 pivots (col 3736/13904, rows 13904)
[ 10759.1s]   [4,11] level 2: 1419 pivots (col 3739/13904, rows 13904)
[ 10761.3s]   [4,11] level 2: 1422 pivots (col 3745/13904, rows 13904)
[ 10763.5s]   [4,11] level 2: 1425 pivots (col 3748/13904, rows 13904)
[ 10765.7s]   [4,11] level 2: 1428 pivots (col 3755/13904, rows 13904)
[ 10767.9s]   [4,11] level 2: 1431 pivots (col 3788/13904, rows 13904)
[ 10770.1s]   [4,11] level 2: 1434 pivots (col 3792/13904, rows 13904)
[ 10772.3s]   [4,11] level 2: 1437 pivots (col 3795/13904, rows 13904)
[ 10774.5s]   [4,11] level 2: 1440 pivots (col 3799/13904, rows 13904)
[ 10776.7s]   [4,11] level 2: 1443 pivots (col 3802/13904, rows 13904)
[ 10778.9s]   [4,11] level 2: 1446 pivots (col 3805/13904, rows 13904)
[ 10781.1s]   [4,11] level 2: 1449 pivots (col 3809/13904, rows 13904)
[ 10783.3s]   [4,11] level 2: 1452 pivots (col 3812/13904, rows 13904)
[ 10785.5s]   [4,11] level 2: 1455 pivots (col 3817/13904, rows 13904)
[ 10787.7s]   [4,11] level 2: 1458 pivots (col 3820/13904, rows 13904)
[ 10789.9s]   [4,11] level 2: 1461 pivots (col 3829/13904, rows 13904)
[ 10792.1s]   [4,11] level 2: 1464 pivots (col 3838/13904, rows 13904)
[ 10794.3s]   [4,11] level 2: 1467 pivots (col 3847/13904, rows 13904)
[ 10796.5s]   [4,11] level 2: 1470 pivots (col 3879/13904, rows 13904)
[ 10798.7s]   [4,11] level 2: 1473 pivots (col 3882/13904, rows 13904)
[ 10800.9s]   [4,11] level 2: 1476 pivots (col 3886/13904, rows 13904)
[ 10803.1s]   [4,11] level 2: 1479 pivots (col 3889/13904, rows 13904)
[ 10805.3s]   [4,11] level 2: 1482 pivots (col 3892/13904, rows 13904)
[ 10807.5s]   [4,11] level 2: 1485 pivots (col 3896/13904, rows 13904)
[ 10809.6s]   [4,11] level 2: 1488 pivots (col 3899/13904, rows 13904)
[ 10811.8s]   [4,11] level 2: 1491 pivots (col 3903/13904, rows 13904)
[ 10814.0s]   [4,11] level 2: 1494 pivots (col 3906/13904, rows 13904)
[ 10816.2s]   [4,11] level 2: 1497 pivots (col 3912/13904, rows 13904)
[ 10818.4s]   [4,11] level 2: 1500 pivots (col 3915/13904, rows 13904)
[ 10820.5s]   [4,11] level 2: 1503 pivots (col 3918/13904, rows 13904)
[ 10822.7s]   [4,11] level 2: 1506 pivots (col 3925/13904, rows 13904)
[ 10824.9s]   [4,11] level 2: 1509 pivots (col 3935/13904, rows 13904)
[ 10827.1s]   [4,11] level 2: 1512 pivots (col 3945/13904, rows 13904)
[ 10829.3s]   [4,11] level 2: 1515 pivots (col 3956/13904, rows 13904)
[ 10831.4s]   [4,11] level 2: 1518 pivots (col 4321/13904, rows 13904)
[ 10833.6s]   [4,11] level 2: 1521 pivots (col 4325/13904, rows 13904)
[ 10835.8s]   [4,11] level 2: 1524 pivots (col 4367/13904, rows 13904)
[ 10838.0s]   [4,11] level 2: 1527 pivots (col 4370/13904, rows 13904)
[ 10840.2s]   [4,11] level 2: 1530 pivots (col 4374/13904, rows 13904)
[ 10842.4s]   [4,11] level 2: 1533 pivots (col 4377/13904, rows 13904)
[ 10844.6s]   [4,11] level 2: 1536 pivots (col 4381/13904, rows 13904)
[ 10846.7s]   [4,11] level 2: 1539 pivots (col 4384/13904, rows 13904)
[ 10848.9s]   [4,11] level 2: 1542 pivots (col 4421/13904, rows 13904)
[ 10851.1s]   [4,11] level 2: 1545 pivots (col 4427/13904, rows 13904)
[ 10853.3s]   [4,11] level 2: 1548 pivots (col 4430/13904, rows 13904)
[ 10855.4s]   [4,11] level 2: 1551 pivots (col 4434/13904, rows 13904)
[ 10857.6s]   [4,11] level 2: 1554 pivots (col 4437/13904, rows 13904)
[ 10859.8s]   [4,11] level 2: 1557 pivots (col 4441/13904, rows 13904)
[ 10862.0s]   [4,11] level 2: 1560 pivots (col 4444/13904, rows 13904)
[ 10864.1s]   [4,11] level 2: 1563 pivots (col 4448/13904, rows 13904)
[ 10866.4s]   [4,11] level 2: 1566 pivots (col 4451/13904, rows 13904)
[ 10868.5s]   [4,11] level 2: 1569 pivots (col 4454/13904, rows 13904)
[ 10870.7s]   [4,11] level 2: 1572 pivots (col 4458/13904, rows 13904)
[ 10872.9s]   [4,11] level 2: 1575 pivots (col 4461/13904, rows 13904)
[ 10875.0s]   [4,11] level 2: 1578 pivots (col 4464/13904, rows 13904)
[ 10877.2s]   [4,11] level 2: 1581 pivots (col 4502/13904, rows 13904)
[ 10879.4s]   [4,11] level 2: 1584 pivots (col 4506/13904, rows 13904)
[ 10881.5s]   [4,11] level 2: 1587 pivots (col 4510/13904, rows 13904)
[ 10883.7s]   [4,11] level 2: 1590 pivots (col 4513/13904, rows 13904)
[ 10885.8s]   [4,11] level 2: 1593 pivots (col 4516/13904, rows 13904)
[ 10888.0s]   [4,11] level 2: 1596 pivots (col 4520/13904, rows 13904)
[ 10890.2s]   [4,11] level 2: 1599 pivots (col 4523/13904, rows 13904)
[ 10892.3s]   [4,11] level 2: 1602 pivots (col 4526/13904, rows 13904)
[ 10894.5s]   [4,11] level 2: 1605 pivots (col 4530/13904, rows 13904)
[ 10896.6s]   [4,11] level 2: 1608 pivots (col 4533/13904, rows 13904)
[ 10898.8s]   [4,11] level 2: 1611 pivots (col 4536/13904, rows 13904)
[ 10900.9s]   [4,11] level 2: 1614 pivots (col 4540/13904, rows 13904)
[ 10903.1s]   [4,11] level 2: 1617 pivots (col 4543/13904, rows 13904)
[ 10905.3s]   [4,11] level 2: 1620 pivots (col 4546/13904, rows 13904)
[ 10907.4s]   [4,11] level 2: 1623 pivots (col 4550/13904, rows 13904)
[ 10909.6s]   [4,11] level 2: 1626 pivots (col 4553/13904, rows 13904)
[ 10911.7s]   [4,11] level 2: 1629 pivots (col 4556/13904, rows 13904)
[ 10913.9s]   [4,11] level 2: 1632 pivots (col 4593/13904, rows 13904)
[ 10916.0s]   [4,11] level 2: 1635 pivots (col 4597/13904, rows 13904)
[ 10918.2s]   [4,11] level 2: 1638 pivots (col 4601/13904, rows 13904)
[ 10920.3s]   [4,11] level 2: 1641 pivots (col 4605/13904, rows 13904)
[ 10922.4s]   [4,11] level 2: 1644 pivots (col 4608/13904, rows 13904)
[ 10924.6s]   [4,11] level 2: 1647 pivots (col 4611/13904, rows 13904)
[ 10926.7s]   [4,11] level 2: 1650 pivots (col 4615/13904, rows 13904)
[ 10928.9s]   [4,11] level 2: 1653 pivots (col 4618/13904, rows 13904)
[ 10931.0s]   [4,11] level 2: 1656 pivots (col 4621/13904, rows 13904)
[ 10933.1s]   [4,11] level 2: 1659 pivots (col 4625/13904, rows 13904)
[ 10935.3s]   [4,11] level 2: 1662 pivots (col 4628/13904, rows 13904)
[ 10937.4s]   [4,11] level 2: 1665 pivots (col 4631/13904, rows 13904)
[ 10939.5s]   [4,11] level 2: 1668 pivots (col 4636/13904, rows 13904)
[ 10941.7s]   [4,11] level 2: 1671 pivots (col 4639/13904, rows 13904)
[ 10943.8s]   [4,11] level 2: 1674 pivots (col 4645/13904, rows 13904)
[ 10945.9s]   [4,11] level 2: 1677 pivots (col 4648/13904, rows 13904)
[ 10948.0s]   [4,11] level 2: 1680 pivots (col 4688/13904, rows 13904)
[ 10950.2s]   [4,11] level 2: 1683 pivots (col 4692/13904, rows 13904)
[ 10952.3s]   [4,11] level 2: 1686 pivots (col 4696/13904, rows 13904)
[ 10954.4s]   [4,11] level 2: 1689 pivots (col 4699/13904, rows 13904)
[ 10956.6s]   [4,11] level 2: 1692 pivots (col 4703/13904, rows 13904)
[ 10958.7s]   [4,11] level 2: 1695 pivots (col 4706/13904, rows 13904)
[ 10960.8s]   [4,11] level 2: 1698 pivots (col 4711/13904, rows 13904)
[ 10962.9s]   [4,11] level 2: 1701 pivots (col 4714/13904, rows 13904)
[ 10965.0s]   [4,11] level 2: 1704 pivots (col 4717/13904, rows 13904)
[ 10967.1s]   [4,11] level 2: 1707 pivots (col 4722/13904, rows 13904)
[ 10969.2s]   [4,11] level 2: 1710 pivots (col 4731/13904, rows 13904)
[ 10971.4s]   [4,11] level 2: 1713 pivots (col 4734/13904, rows 13904)
[ 10973.5s]   [4,11] level 2: 1716 pivots (col 4743/13904, rows 13904)
[ 10975.6s]   [4,11] level 2: 1719 pivots (col 4785/13904, rows 13904)
[ 10977.7s]   [4,11] level 2: 1722 pivots (col 4788/13904, rows 13904)
[ 10979.8s]   [4,11] level 2: 1725 pivots (col 4792/13904, rows 13904)
[ 10981.9s]   [4,11] level 2: 1728 pivots (col 4795/13904, rows 13904)
[ 10984.0s]   [4,11] level 2: 1731 pivots (col 4799/13904, rows 13904)
[ 10986.1s]   [4,11] level 2: 1734 pivots (col 4802/13904, rows 13904)
[ 10988.2s]   [4,11] level 2: 1737 pivots (col 4807/13904, rows 13904)
[ 10990.3s]   [4,11] level 2: 1740 pivots (col 4810/13904, rows 13904)
[ 10992.5s]   [4,11] level 2: 1743 pivots (col 4813/13904, rows 13904)
[ 10994.6s]   [4,11] level 2: 1746 pivots (col 4819/13904, rows 13904)
[ 10996.7s]   [4,11] level 2: 1749 pivots (col 4822/13904, rows 13904)
[ 10998.8s]   [4,11] level 2: 1752 pivots (col 4830/13904, rows 13904)
[ 11000.9s]   [4,11] level 2: 1755 pivots (col 4840/13904, rows 13904)
[ 11003.0s]   [4,11] level 2: 1758 pivots (col 4851/13904, rows 13904)
[ 11005.1s]   [4,11] level 2: 1761 pivots (col 5145/13904, rows 13904)
[ 11007.2s]   [4,11] level 2: 1764 pivots (col 5148/13904, rows 13904)
[ 11009.3s]   [4,11] level 2: 1767 pivots (col 5152/13904, rows 13904)
[ 11011.4s]   [4,11] level 2: 1770 pivots (col 5155/13904, rows 13904)
[ 11013.5s]   [4,11] level 2: 1773 pivots (col 5176/13904, rows 13904)
[ 11015.6s]   [4,11] level 2: 1776 pivots (col 5181/13904, rows 13904)
[ 11017.7s]   [4,11] level 2: 1779 pivots (col 5184/13904, rows 13904)
[ 11019.8s]   [4,11] level 2: 1782 pivots (col 5188/13904, rows 13904)
[ 11021.9s]   [4,11] level 2: 1785 pivots (col 5191/13904, rows 13904)
[ 11024.0s]   [4,11] level 2: 1788 pivots (col 5194/13904, rows 13904)
[ 11026.1s]   [4,11] level 2: 1791 pivots (col 5216/13904, rows 13904)
[ 11028.2s]   [4,11] level 2: 1794 pivots (col 5220/13904, rows 13904)
[ 11030.2s]   [4,11] level 2: 1797 pivots (col 5223/13904, rows 13904)
[ 11032.3s]   [4,11] level 2: 1800 pivots (col 5227/13904, rows 13904)
[ 11034.4s]   [4,11] level 2: 1803 pivots (col 5230/13904, rows 13904)
[ 11036.5s]   [4,11] level 2: 1806 pivots (col 5234/13904, rows 13904)
[ 11038.6s]   [4,11] level 2: 1809 pivots (col 5237/13904, rows 13904)
[ 11040.7s]   [4,11] level 2: 1812 pivots (col 5240/13904, rows 13904)
[ 11042.7s]   [4,11] level 2: 1815 pivots (col 5261/13904, rows 13904)
[ 11044.8s]   [4,11] level 2: 1818 pivots (col 5265/13904, rows 13904)
[ 11046.9s]   [4,11] level 2: 1821 pivots (col 5268/13904, rows 13904)
[ 11049.0s]   [4,11] level 2: 1824 pivots (col 5272/13904, rows 13904)
[ 11051.1s]   [4,11] level 2: 1827 pivots (col 5275/13904, rows 13904)
[ 11053.2s]   [4,11] level 2: 1830 pivots (col 5279/13904, rows 13904)
[ 11055.2s]   [4,11] level 2: 1833 pivots (col 5282/13904, rows 13904)
[ 11057.3s]   [4,11] level 2: 1836 pivots (col 5285/13904, rows 13904)
[ 11059.4s]   [4,11] level 2: 1839 pivots (col 5289/13904, rows 13904)
[ 11061.5s]   [4,11] level 2: 1842 pivots (col 5298/13904, rows 13904)
[ 11063.5s]   [4,11] level 2: 1845 pivots (col 5321/13904, rows 13904)
[ 11065.6s]   [4,11] level 2: 1848 pivots (col 5325/13904, rows 13904)
[ 11067.7s]   [4,11] level 2: 1851 pivots (col 5329/13904, rows 13904)
[ 11069.8s]   [4,11] level 2: 1854 pivots (col 5333/13904, rows 13904)
[ 11071.8s]   [4,11] level 2: 1857 pivots (col 5336/13904, rows 13904)
[ 11073.9s]   [4,11] level 2: 1860 pivots (col 5339/13904, rows 13904)
[ 11076.0s]   [4,11] level 2: 1863 pivots (col 5343/13904, rows 13904)
[ 11078.0s]   [4,11] level 2: 1866 pivots (col 5346/13904, rows 13904)
[ 11080.1s]   [4,11] level 2: 1869 pivots (col 5350/13904, rows 13904)
[ 11082.1s]   [4,11] level 2: 1872 pivots (col 5353/13904, rows 13904)
[ 11084.2s]   [4,11] level 2: 1875 pivots (col 5356/13904, rows 13904)
[ 11086.3s]   [4,11] level 2: 1878 pivots (col 5360/13904, rows 13904)
[ 11088.3s]   [4,11] level 2: 1881 pivots (col 5363/13904, rows 13904)
[ 11090.4s]   [4,11] level 2: 1884 pivots (col 5372/13904, rows 13904)
[ 11092.4s]   [4,11] level 2: 1887 pivots (col 5396/13904, rows 13904)
[ 11094.5s]   [4,11] level 2: 1890 pivots (col 5399/13904, rows 13904)
[ 11096.6s]   [4,11] level 2: 1893 pivots (col 5402/13904, rows 13904)
[ 11098.6s]   [4,11] level 2: 1896 pivots (col 5406/13904, rows 13904)
[ 11100.7s]   [4,11] level 2: 1899 pivots (col 5409/13904, rows 13904)
[ 11102.7s]   [4,11] level 2: 1902 pivots (col 5412/13904, rows 13904)
[ 11104.8s]   [4,11] level 2: 1905 pivots (col 5416/13904, rows 13904)
[ 11106.8s]   [4,11] level 2: 1908 pivots (col 5419/13904, rows 13904)
[ 11108.9s]   [4,11] level 2: 1911 pivots (col 5422/13904, rows 13904)
[ 11110.9s]   [4,11] level 2: 1914 pivots (col 5426/13904, rows 13904)
[ 11113.0s]   [4,11] level 2: 1917 pivots (col 5429/13904, rows 13904)
[ 11115.0s]   [4,11] level 2: 1920 pivots (col 5432/13904, rows 13904)
[ 11117.1s]   [4,11] level 2: 1923 pivots (col 5436/13904, rows 13904)
[ 11119.1s]   [4,11] level 2: 1926 pivots (col 5439/13904, rows 13904)
[ 11121.2s]   [4,11] level 2: 1929 pivots (col 5442/13904, rows 13904)
[ 11123.2s]   [4,11] level 2: 1932 pivots (col 5446/13904, rows 13904)
[ 11125.2s]   [4,11] level 2: 1935 pivots (col 5455/13904, rows 13904)
[ 11127.3s]   [4,11] level 2: 1938 pivots (col 5477/13904, rows 13904)
[ 11129.3s]   [4,11] level 2: 1941 pivots (col 5481/13904, rows 13904)
[ 11131.4s]   [4,11] level 2: 1944 pivots (col 5484/13904, rows 13904)
[ 11133.4s]   [4,11] level 2: 1947 pivots (col 5488/13904, rows 13904)
[ 11135.4s]   [4,11] level 2: 1950 pivots (col 5491/13904, rows 13904)
[ 11137.5s]   [4,11] level 2: 1953 pivots (col 5494/13904, rows 13904)
[ 11139.5s]   [4,11] level 2: 1956 pivots (col 5498/13904, rows 13904)
[ 11141.5s]   [4,11] level 2: 1959 pivots (col 5501/13904, rows 13904)
[ 11143.6s]   [4,11] level 2: 1962 pivots (col 5506/13904, rows 13904)
[ 11145.6s]   [4,11] level 2: 1965 pivots (col 5509/13904, rows 13904)
[ 11147.6s]   [4,11] level 2: 1968 pivots (col 5518/13904, rows 13904)
[ 11149.7s]   [4,11] level 2: 1971 pivots (col 5527/13904, rows 13904)
[ 11151.7s]   [4,11] level 2: 1974 pivots (col 5536/13904, rows 13904)
[ 11153.7s]   [4,11] level 2: 1977 pivots (col 5539/13904, rows 13904)
[ 11155.7s]   [4,11] level 2: 1980 pivots (col 5548/13904, rows 13904)
[ 11157.7s]   [4,11] level 2: 1983 pivots (col 5571/13904, rows 13904)
[ 11159.8s]   [4,11] level 2: 1986 pivots (col 5574/13904, rows 13904)
[ 11161.8s]   [4,11] level 2: 1989 pivots (col 5578/13904, rows 13904)
[ 11163.8s]   [4,11] level 2: 1992 pivots (col 5581/13904, rows 13904)
[ 11165.9s]   [4,11] level 2: 1995 pivots (col 5584/13904, rows 13904)
[ 11168.0s]   [4,11] level 2: 1998 pivots (col 5589/13904, rows 13904)
[ 11170.0s]   [4,11] level 2: 2001 pivots (col 5592/13904, rows 13904)
[ 11172.0s]   [4,11] level 2: 2004 pivots (col 5598/13904, rows 13904)
[ 11174.0s]   [4,11] level 2: 2007 pivots (col 5608/13904, rows 13904)
[ 11176.0s]   [4,11] level 2: 2010 pivots (col 5618/13904, rows 13904)
[ 11178.0s]   [4,11] level 2: 2013 pivots (col 5628/13904, rows 13904)
[ 11180.0s]   [4,11] level 2: 2016 pivots (col 5638/13904, rows 13904)
[ 11182.1s]   [4,11] level 2: 2019 pivots (col 6031/13904, rows 13904)
[ 11184.1s]   [4,11] level 2: 2022 pivots (col 6034/13904, rows 13904)
[ 11186.1s]   [4,11] level 2: 2025 pivots (col 6067/13904, rows 13904)
[ 11188.1s]   [4,11] level 2: 2028 pivots (col 6071/13904, rows 13904)
[ 11190.1s]   [4,11] level 2: 2031 pivots (col 6074/13904, rows 13904)
[ 11192.1s]   [4,11] level 2: 2034 pivots (col 6105/13904, rows 13904)
[ 11194.1s]   [4,11] level 2: 2037 pivots (col 6109/13904, rows 13904)
[ 11196.2s]   [4,11] level 2: 2040 pivots (col 6113/13904, rows 13904)
[ 11198.2s]   [4,11] level 2: 2043 pivots (col 6116/13904, rows 13904)
[ 11200.2s]   [4,11] level 2: 2046 pivots (col 6120/13904, rows 13904)
[ 11202.8s]   [4,11] level 2: 2050 pivots (col 6124/13904, rows 13904)
[ 11205.5s]   [4,11] level 2: 2054 pivots (col 6155/13904, rows 13904)
[ 11207.5s]   [4,11] level 2: 2057 pivots (col 6159/13904, rows 13904)
[ 11209.5s]   [4,11] level 2: 2060 pivots (col 6163/13904, rows 13904)
[ 11212.2s]   [4,11] level 2: 2064 pivots (col 6167/13904, rows 13904)
[ 11214.8s]   [4,11] level 2: 2068 pivots (col 6172/13904, rows 13904)
[ 11217.5s]   [4,11] level 2: 2072 pivots (col 6177/13904, rows 13904)
[ 11220.2s]   [4,11] level 2: 2076 pivots (col 6181/13904, rows 13904)
[ 11222.8s]   [4,11] level 2: 2080 pivots (col 6186/13904, rows 13904)
[ 11225.5s]   [4,11] level 2: 2084 pivots (col 6190/13904, rows 13904)
[ 11228.1s]   [4,11] level 2: 2088 pivots (col 6222/13904, rows 13904)
[ 11230.8s]   [4,11] level 2: 2092 pivots (col 6227/13904, rows 13904)
[ 11233.4s]   [4,11] level 2: 2096 pivots (col 6232/13904, rows 13904)
[ 11236.1s]   [4,11] level 2: 2100 pivots (col 6236/13904, rows 13904)
[ 11238.7s]   [4,11] level 2: 2104 pivots (col 6241/13904, rows 13904)
[ 11241.4s]   [4,11] level 2: 2108 pivots (col 6246/13904, rows 13904)
[ 11244.0s]   [4,11] level 2: 2112 pivots (col 6250/13904, rows 13904)
[ 11246.7s]   [4,11] level 2: 2116 pivots (col 6255/13904, rows 13904)
[ 11249.3s]   [4,11] level 2: 2120 pivots (col 6259/13904, rows 13904)
[ 11252.0s]   [4,11] level 2: 2124 pivots (col 6263/13904, rows 13904)
[ 11254.6s]   [4,11] level 2: 2128 pivots (col 6298/13904, rows 13904)
[ 11257.2s]   [4,11] level 2: 2132 pivots (col 6304/13904, rows 13904)
[ 11259.9s]   [4,11] level 2: 2136 pivots (col 6308/13904, rows 13904)
[ 11262.5s]   [4,11] level 2: 2140 pivots (col 6312/13904, rows 13904)
[ 11265.1s]   [4,11] level 2: 2144 pivots (col 6317/13904, rows 13904)
[ 11267.7s]   [4,11] level 2: 2148 pivots (col 6321/13904, rows 13904)
[ 11270.4s]   [4,11] level 2: 2152 pivots (col 6326/13904, rows 13904)
[ 11273.0s]   [4,11] level 2: 2156 pivots (col 6330/13904, rows 13904)
[ 11275.6s]   [4,11] level 2: 2160 pivots (col 6335/13904, rows 13904)
[ 11278.2s]   [4,11] level 2: 2164 pivots (col 6339/13904, rows 13904)
[ 11280.8s]   [4,11] level 2: 2168 pivots (col 6344/13904, rows 13904)
[ 11283.5s]   [4,11] level 2: 2172 pivots (col 6348/13904, rows 13904)
[ 11286.1s]   [4,11] level 2: 2176 pivots (col 6352/13904, rows 13904)
[ 11288.7s]   [4,11] level 2: 2180 pivots (col 6387/13904, rows 13904)
[ 11291.3s]   [4,11] level 2: 2184 pivots (col 6392/13904, rows 13904)
[ 11293.9s]   [4,11] level 2: 2188 pivots (col 6397/13904, rows 13904)
[ 11296.5s]   [4,11] level 2: 2192 pivots (col 6401/13904, rows 13904)
[ 11299.1s]   [4,11] level 2: 2196 pivots (col 6406/13904, rows 13904)
[ 11301.7s]   [4,11] level 2: 2200 pivots (col 6410/13904, rows 13904)
[ 11304.3s]   [4,11] level 2: 2204 pivots (col 6416/13904, rows 13904)
[ 11306.9s]   [4,11] level 2: 2208 pivots (col 6420/13904, rows 13904)
[ 11309.5s]   [4,11] level 2: 2212 pivots (col 6427/13904, rows 13904)
[ 11312.1s]   [4,11] level 2: 2216 pivots (col 6435/13904, rows 13904)
[ 11314.7s]   [4,11] level 2: 2220 pivots (col 6444/13904, rows 13904)
[ 11317.3s]   [4,11] level 2: 2224 pivots (col 6478/13904, rows 13904)
[ 11319.9s]   [4,11] level 2: 2228 pivots (col 6482/13904, rows 13904)
[ 11322.5s]   [4,11] level 2: 2232 pivots (col 6487/13904, rows 13904)
[ 11325.1s]   [4,11] level 2: 2236 pivots (col 6491/13904, rows 13904)
[ 11327.7s]   [4,11] level 2: 2240 pivots (col 6496/13904, rows 13904)
[ 11330.3s]   [4,11] level 2: 2244 pivots (col 6503/13904, rows 13904)
[ 11332.8s]   [4,11] level 2: 2248 pivots (col 6507/13904, rows 13904)
[ 11335.4s]   [4,11] level 2: 2252 pivots (col 6515/13904, rows 13904)
[ 11338.0s]   [4,11] level 2: 2256 pivots (col 6526/13904, rows 13904)
[ 11340.6s]   [4,11] level 2: 2260 pivots (col 6537/13904, rows 13904)
[ 11343.1s]   [4,11] level 2: 2264 pivots (col 6581/13904, rows 13904)
[ 11345.7s]   [4,11] level 2: 2268 pivots (col 6585/13904, rows 13904)
[ 11348.3s]   [4,11] level 2: 2272 pivots (col 7029/13904, rows 13904)
[ 11350.9s]   [4,11] level 2: 2276 pivots (col 7034/13904, rows 13904)
[ 11353.4s]   [4,11] level 2: 2280 pivots (col 7039/13904, rows 13904)
[ 11356.0s]   [4,11] level 2: 2284 pivots (col 7077/13904, rows 13904)
[ 11358.6s]   [4,11] level 2: 2288 pivots (col 7084/13904, rows 13904)
[ 11361.2s]   [4,11] level 2: 2292 pivots (col 7089/13904, rows 13904)
[ 11363.7s]   [4,11] level 2: 2296 pivots (col 7094/13904, rows 13904)
[ 11366.3s]   [4,11] level 2: 2300 pivots (col 7099/13904, rows 13904)
[ 11368.8s]   [4,11] level 2: 2304 pivots (col 7103/13904, rows 13904)
[ 11371.4s]   [4,11] level 2: 2308 pivots (col 7108/13904, rows 13904)
[ 11374.0s]   [4,11] level 2: 2312 pivots (col 7112/13904, rows 13904)
[ 11376.5s]   [4,11] level 2: 2316 pivots (col 7151/13904, rows 13904)
[ 11379.1s]   [4,11] level 2: 2320 pivots (col 7156/13904, rows 13904)
[ 11381.7s]   [4,11] level 2: 2324 pivots (col 7161/13904, rows 13904)
[ 11384.2s]   [4,11] level 2: 2328 pivots (col 7166/13904, rows 13904)
[ 11386.7s]   [4,11] level 2: 2332 pivots (col 7170/13904, rows 13904)
[ 11389.3s]   [4,11] level 2: 2336 pivots (col 7175/13904, rows 13904)
[ 11391.8s]   [4,11] level 2: 2340 pivots (col 7180/13904, rows 13904)
[ 11394.4s]   [4,11] level 2: 2344 pivots (col 7184/13904, rows 13904)
[ 11396.9s]   [4,11] level 2: 2348 pivots (col 7188/13904, rows 13904)
[ 11399.4s]   [4,11] level 2: 2352 pivots (col 7193/13904, rows 13904)
[ 11402.0s]   [4,11] level 2: 2356 pivots (col 7197/13904, rows 13904)
[ 11404.5s]   [4,11] level 2: 2360 pivots (col 7236/13904, rows 13904)
[ 11407.1s]   [4,11] level 2: 2364 pivots (col 7241/13904, rows 13904)
[ 11409.6s]   [4,11] level 2: 2368 pivots (col 7246/13904, rows 13904)
[ 11412.1s]   [4,11] level 2: 2372 pivots (col 7250/13904, rows 13904)
[ 11414.6s]   [4,11] level 2: 2376 pivots (col 7255/13904, rows 13904)
[ 11417.2s]   [4,11] level 2: 2380 pivots (col 7259/13904, rows 13904)
[ 11419.7s]   [4,11] level 2: 2384 pivots (col 7264/13904, rows 13904)
[ 11422.2s]   [4,11] level 2: 2388 pivots (col 7268/13904, rows 13904)
[ 11424.7s]   [4,11] level 2: 2392 pivots (col 7272/13904, rows 13904)
[ 11427.2s]   [4,11] level 2: 2396 pivots (col 7277/13904, rows 13904)
[ 11429.8s]   [4,11] level 2: 2400 pivots (col 7281/13904, rows 13904)
[ 11432.3s]   [4,11] level 2: 2404 pivots (col 7286/13904, rows 13904)
[ 11434.8s]   [4,11] level 2: 2408 pivots (col 7290/13904, rows 13904)
[ 11437.4s]   [4,11] level 2: 2412 pivots (col 7329/13904, rows 13904)
[ 11439.9s]   [4,11] level 2: 2416 pivots (col 7334/13904, rows 13904)
[ 11442.4s]   [4,11] level 2: 2420 pivots (col 7339/13904, rows 13904)
[ 11444.9s]   [4,11] level 2: 2424 pivots (col 7343/13904, rows 13904)
[ 11447.4s]   [4,11] level 2: 2428 pivots (col 7348/13904, rows 13904)
[ 11449.9s]   [4,11] level 2: 2432 pivots (col 7352/13904, rows 13904)
[ 11452.4s]   [4,11] level 2: 2436 pivots (col 7358/13904, rows 13904)
[ 11454.9s]   [4,11] level 2: 2440 pivots (col 7362/13904, rows 13904)
[ 11457.4s]   [4,11] level 2: 2444 pivots (col 7369/13904, rows 13904)
[ 11459.9s]   [4,11] level 2: 2448 pivots (col 7373/13904, rows 13904)
[ 11462.3s]   [4,11] level 2: 2452 pivots (col 7381/13904, rows 13904)
[ 11464.8s]   [4,11] level 2: 2456 pivots (col 7424/13904, rows 13904)
[ 11467.3s]   [4,11] level 2: 2460 pivots (col 7428/13904, rows 13904)
[ 11469.8s]   [4,11] level 2: 2464 pivots (col 7433/13904, rows 13904)
[ 11472.3s]   [4,11] level 2: 2468 pivots (col 7439/13904, rows 13904)
[ 11474.8s]   [4,11] level 2: 2472 pivots (col 7443/13904, rows 13904)
[ 11477.3s]   [4,11] level 2: 2476 pivots (col 7450/13904, rows 13904)
[ 11479.7s]   [4,11] level 2: 2480 pivots (col 7459/13904, rows 13904)
[ 11482.2s]   [4,11] level 2: 2484 pivots (col 7470/13904, rows 13904)
[ 11484.7s]   [4,11] level 2: 2488 pivots (col 7482/13904, rows 13904)
[ 11487.2s]   [4,11] level 2: 2492 pivots (col 7898/13904, rows 13904)
[ 11489.7s]   [4,11] level 2: 2496 pivots (col 7902/13904, rows 13904)
[ 11492.1s]   [4,11] level 2: 2500 pivots (col 7907/13904, rows 13904)
[ 11494.6s]   [4,11] level 2: 2504 pivots (col 7911/13904, rows 13904)
[ 11497.1s]   [4,11] level 2: 2508 pivots (col 7934/13904, rows 13904)
[ 11499.6s]   [4,11] level 2: 2512 pivots (col 7939/13904, rows 13904)
[ 11502.0s]   [4,11] level 2: 2516 pivots (col 7943/13904, rows 13904)
[ 11504.5s]   [4,11] level 2: 2520 pivots (col 7948/13904, rows 13904)
[ 11507.0s]   [4,11] level 2: 2524 pivots (col 7952/13904, rows 13904)
[ 11509.4s]   [4,11] level 2: 2528 pivots (col 7973/13904, rows 13904)
[ 11511.9s]   [4,11] level 2: 2532 pivots (col 7978/13904, rows 13904)
[ 11514.4s]   [4,11] level 2: 2536 pivots (col 7983/13904, rows 13904)
[ 11516.8s]   [4,11] level 2: 2540 pivots (col 7987/13904, rows 13904)
[ 11519.3s]   [4,11] level 2: 2544 pivots (col 7992/13904, rows 13904)
[ 11521.8s]   [4,11] level 2: 2548 pivots (col 7996/13904, rows 13904)
[ 11524.2s]   [4,11] level 2: 2552 pivots (col 8001/13904, rows 13904)
[ 11526.7s]   [4,11] level 2: 2556 pivots (col 8009/13904, rows 13904)
[ 11529.2s]   [4,11] level 2: 2560 pivots (col 8032/13904, rows 13904)
[ 11531.6s]   [4,11] level 2: 2564 pivots (col 8037/13904, rows 13904)
[ 11534.1s]   [4,11] level 2: 2568 pivots (col 8042/13904, rows 13904)
[ 11536.5s]   [4,11] level 2: 2572 pivots (col 8046/13904, rows 13904)
[ 11539.0s]   [4,11] level 2: 2576 pivots (col 8051/13904, rows 13904)
[ 11541.4s]   [4,11] level 2: 2580 pivots (col 8055/13904, rows 13904)
[ 11543.9s]   [4,11] level 2: 2584 pivots (col 8060/13904, rows 13904)
[ 11546.3s]   [4,11] level 2: 2588 pivots (col 8064/13904, rows 13904)
[ 11548.7s]   [4,11] level 2: 2592 pivots (col 8069/13904, rows 13904)
[ 11551.2s]   [4,11] level 2: 2596 pivots (col 8079/13904, rows 13904)
[ 11553.6s]   [4,11] level 2: 2600 pivots (col 8104/13904, rows 13904)
[ 11556.0s]   [4,11] level 2: 2604 pivots (col 8108/13904, rows 13904)
[ 11558.5s]   [4,11] level 2: 2608 pivots (col 8113/13904, rows 13904)
[ 11560.9s]   [4,11] level 2: 2612 pivots (col 8117/13904, rows 13904)
[ 11563.3s]   [4,11] level 2: 2616 pivots (col 8122/13904, rows 13904)
[ 11565.7s]   [4,11] level 2: 2620 pivots (col 8126/13904, rows 13904)
[ 11568.2s]   [4,11] level 2: 2624 pivots (col 8131/13904, rows 13904)
[ 11570.6s]   [4,11] level 2: 2628 pivots (col 8135/13904, rows 13904)
[ 11573.0s]   [4,11] level 2: 2632 pivots (col 8140/13904, rows 13904)
[ 11575.4s]   [4,11] level 2: 2636 pivots (col 8144/13904, rows 13904)
[ 11577.8s]   [4,11] level 2: 2640 pivots (col 8149/13904, rows 13904)
[ 11580.2s]   [4,11] level 2: 2644 pivots (col 8159/13904, rows 13904)
[ 11582.6s]   [4,11] level 2: 2648 pivots (col 8184/13904, rows 13904)
[ 11585.0s]   [4,11] level 2: 2652 pivots (col 8188/13904, rows 13904)
[ 11587.4s]   [4,11] level 2: 2656 pivots (col 8193/13904, rows 13904)
[ 11589.8s]   [4,11] level 2: 2660 pivots (col 8197/13904, rows 13904)
[ 11592.2s]   [4,11] level 2: 2664 pivots (col 8201/13904, rows 13904)
[ 11594.6s]   [4,11] level 2: 2668 pivots (col 8206/13904, rows 13904)
[ 11597.0s]   [4,11] level 2: 2672 pivots (col 8210/13904, rows 13904)
[ 11599.4s]   [4,11] level 2: 2676 pivots (col 8215/13904, rows 13904)
[ 11601.8s]   [4,11] level 2: 2680 pivots (col 8219/13904, rows 13904)
[ 11604.2s]   [4,11] level 2: 2684 pivots (col 8224/13904, rows 13904)
[ 11606.6s]   [4,11] level 2: 2688 pivots (col 8228/13904, rows 13904)
[ 11609.0s]   [4,11] level 2: 2692 pivots (col 8233/13904, rows 13904)
[ 11611.4s]   [4,11] level 2: 2696 pivots (col 8243/13904, rows 13904)
[ 11613.8s]   [4,11] level 2: 2700 pivots (col 8267/13904, rows 13904)
[ 11616.2s]   [4,11] level 2: 2704 pivots (col 8271/13904, rows 13904)
[ 11618.5s]   [4,11] level 2: 2708 pivots (col 8276/13904, rows 13904)
[ 11620.9s]   [4,11] level 2: 2712 pivots (col 8280/13904, rows 13904)
[ 11623.3s]   [4,11] level 2: 2716 pivots (col 8285/13904, rows 13904)
[ 11625.7s]   [4,11] level 2: 2720 pivots (col 8289/13904, rows 13904)
[ 11628.0s]   [4,11] level 2: 2724 pivots (col 8295/13904, rows 13904)
[ 11630.4s]   [4,11] level 2: 2728 pivots (col 8306/13904, rows 13904)
[ 11632.8s]   [4,11] level 2: 2732 pivots (col 8324/13904, rows 13904)
[ 11635.1s]   [4,11] level 2: 2736 pivots (col 8335/13904, rows 13904)
[ 11637.5s]   [4,11] level 2: 2740 pivots (col 8357/13904, rows 13904)
[ 11639.9s]   [4,11] level 2: 2744 pivots (col 8362/13904, rows 13904)
[ 11642.3s]   [4,11] level 2: 2748 pivots (col 8366/13904, rows 13904)
[ 11644.6s]   [4,11] level 2: 2752 pivots (col 8841/13904, rows 13904)
[ 11647.0s]   [4,11] level 2: 2756 pivots (col 8845/13904, rows 13904)
[ 11649.4s]   [4,11] level 2: 2760 pivots (col 8877/13904, rows 13904)
[ 11651.8s]   [4,11] level 2: 2764 pivots (col 8883/13904, rows 13904)
[ 11654.1s]   [4,11] level 2: 2768 pivots (col 8888/13904, rows 13904)
[ 11656.5s]   [4,11] level 2: 2772 pivots (col 8892/13904, rows 13904)
[ 11658.8s]   [4,11] level 2: 2776 pivots (col 8922/13904, rows 13904)
[ 11661.2s]   [4,11] level 2: 2780 pivots (col 8928/13904, rows 13904)
[ 11663.6s]   [4,11] level 2: 2784 pivots (col 8932/13904, rows 13904)
[ 11665.9s]   [4,11] level 2: 2788 pivots (col 8937/13904, rows 13904)
[ 11668.3s]   [4,11] level 2: 2792 pivots (col 8942/13904, rows 13904)
[ 11670.6s]   [4,11] level 2: 2796 pivots (col 8946/13904, rows 13904)
[ 11673.0s]   [4,11] level 2: 2800 pivots (col 8951/13904, rows 13904)
[ 11675.3s]   [4,11] level 2: 2804 pivots (col 8955/13904, rows 13904)
[ 11677.6s]   [4,11] level 2: 2808 pivots (col 8988/13904, rows 13904)
[ 11680.0s]   [4,11] level 2: 2812 pivots (col 8993/13904, rows 13904)
[ 11682.3s]   [4,11] level 2: 2816 pivots (col 8997/13904, rows 13904)
[ 11684.7s]   [4,11] level 2: 2820 pivots (col 9002/13904, rows 13904)
[ 11687.0s]   [4,11] level 2: 2824 pivots (col 9007/13904, rows 13904)
[ 11689.3s]   [4,11] level 2: 2828 pivots (col 9011/13904, rows 13904)
[ 11691.6s]   [4,11] level 2: 2832 pivots (col 9016/13904, rows 13904)
[ 11694.0s]   [4,11] level 2: 2836 pivots (col 9020/13904, rows 13904)
[ 11696.3s]   [4,11] level 2: 2840 pivots (col 9024/13904, rows 13904)
[ 11698.6s]   [4,11] level 2: 2844 pivots (col 9059/13904, rows 13904)
[ 11700.9s]   [4,11] level 2: 2848 pivots (col 9065/13904, rows 13904)
[ 11703.2s]   [4,11] level 2: 2852 pivots (col 9069/13904, rows 13904)
[ 11705.6s]   [4,11] level 2: 2856 pivots (col 9074/13904, rows 13904)
[ 11707.9s]   [4,11] level 2: 2860 pivots (col 9078/13904, rows 13904)
[ 11710.2s]   [4,11] level 2: 2864 pivots (col 9083/13904, rows 13904)
[ 11712.5s]   [4,11] level 2: 2868 pivots (col 9087/13904, rows 13904)
[ 11714.8s]   [4,11] level 2: 2872 pivots (col 9092/13904, rows 13904)
[ 11717.1s]   [4,11] level 2: 2876 pivots (col 9096/13904, rows 13904)
[ 11719.4s]   [4,11] level 2: 2880 pivots (col 9101/13904, rows 13904)
[ 11721.7s]   [4,11] level 2: 2884 pivots (col 9105/13904, rows 13904)
[ 11724.0s]   [4,11] level 2: 2888 pivots (col 9110/13904, rows 13904)
[ 11726.3s]   [4,11] level 2: 2892 pivots (col 9145/13904, rows 13904)
[ 11728.6s]   [4,11] level 2: 2896 pivots (col 9150/13904, rows 13904)
[ 11730.9s]   [4,11] level 2: 2900 pivots (col 9154/13904, rows 13904)
[ 11733.1s]   [4,11] level 2: 2904 pivots (col 9159/13904, rows 13904)
[ 11735.4s]   [4,11] level 2: 2908 pivots (col 9163/13904, rows 13904)
[ 11737.7s]   [4,11] level 2: 2912 pivots (col 9168/13904, rows 13904)
[ 11740.0s]   [4,11] level 2: 2916 pivots (col 9172/13904, rows 13904)
[ 11742.3s]   [4,11] level 2: 2920 pivots (col 9176/13904, rows 13904)
[ 11744.6s]   [4,11] level 2: 2924 pivots (col 9181/13904, rows 13904)
[ 11746.8s]   [4,11] level 2: 2928 pivots (col 9185/13904, rows 13904)
[ 11749.1s]   [4,11] level 2: 2932 pivots (col 9190/13904, rows 13904)
[ 11751.4s]   [4,11] level 2: 2936 pivots (col 9194/13904, rows 13904)
[ 11753.7s]   [4,11] level 2: 2940 pivots (col 9199/13904, rows 13904)
[ 11755.9s]   [4,11] level 2: 2944 pivots (col 9234/13904, rows 13904)
[ 11758.2s]   [4,11] level 2: 2948 pivots (col 9238/13904, rows 13904)
[ 11760.5s]   [4,11] level 2: 2952 pivots (col 9243/13904, rows 13904)
[ 11762.8s]   [4,11] level 2: 2956 pivots (col 9247/13904, rows 13904)
[ 11765.0s]   [4,11] level 2: 2960 pivots (col 9252/13904, rows 13904)
[ 11767.3s]   [4,11] level 2: 2964 pivots (col 9256/13904, rows 13904)
[ 11769.6s]   [4,11] level 2: 2968 pivots (col 9263/13904, rows 13904)
[ 11771.8s]   [4,11] level 2: 2972 pivots (col 9274/13904, rows 13904)
[ 11774.1s]   [4,11] level 2: 2976 pivots (col 9292/13904, rows 13904)
[ 11776.3s]   [4,11] level 2: 2980 pivots (col 9325/13904, rows 13904)
[ 11778.6s]   [4,11] level 2: 2984 pivots (col 9329/13904, rows 13904)
[ 11780.9s]   [4,11] level 2: 2988 pivots (col 9854/13904, rows 13904)
[ 11783.2s]   [4,11] level 2: 2992 pivots (col 9859/13904, rows 13904)
[ 11785.4s]   [4,11] level 2: 2996 pivots (col 9899/13904, rows 13904)
[ 11787.7s]   [4,11] level 2: 3000 pivots (col 9905/13904, rows 13904)
[ 11790.0s]   [4,11] level 2: 3004 pivots (col 9910/13904, rows 13904)
[ 11792.2s]   [4,11] level 2: 3008 pivots (col 9915/13904, rows 13904)
[ 11794.5s]   [4,11] level 2: 3012 pivots (col 9919/13904, rows 13904)
[ 11796.8s]   [4,11] level 2: 3016 pivots (col 9924/13904, rows 13904)
[ 11799.0s]   [4,11] level 2: 3020 pivots (col 9928/13904, rows 13904)
[ 11801.3s]   [4,11] level 2: 3024 pivots (col 9967/13904, rows 13904)
[ 11803.5s]   [4,11] level 2: 3028 pivots (col 9972/13904, rows 13904)
[ 11805.8s]   [4,11] level 2: 3032 pivots (col 9977/13904, rows 13904)
[ 11808.0s]   [4,11] level 2: 3036 pivots (col 9982/13904, rows 13904)
[ 11810.3s]   [4,11] level 2: 3040 pivots (col 9987/13904, rows 13904)
[ 11812.5s]   [4,11] level 2: 3044 pivots (col 9992/13904, rows 13904)
[ 11814.8s]   [4,11] level 2: 3048 pivots (col 9996/13904, rows 13904)
[ 11817.0s]   [4,11] level 2: 3052 pivots (col 10001/13904, rows 13904)
[ 11819.2s]   [4,11] level 2: 3056 pivots (col 10005/13904, rows 13904)
[ 11821.4s]   [4,11] level 2: 3060 pivots (col 10009/13904, rows 13904)
[ 11823.7s]   [4,11] level 2: 3064 pivots (col 10048/13904, rows 13904)
[ 11825.9s]   [4,11] level 2: 3068 pivots (col 10053/13904, rows 13904)
[ 11828.1s]   [4,11] level 2: 3072 pivots (col 10058/13904, rows 13904)
[ 11830.4s]   [4,11] level 2: 3076 pivots (col 10063/13904, rows 13904)
[ 11832.6s]   [4,11] level 2: 3080 pivots (col 10067/13904, rows 13904)
[ 11834.8s]   [4,11] level 2: 3084 pivots (col 10072/13904, rows 13904)
[ 11837.0s]   [4,11] level 2: 3088 pivots (col 10076/13904, rows 13904)
[ 11839.2s]   [4,11] level 2: 3092 pivots (col 10081/13904, rows 13904)
[ 11841.4s]   [4,11] level 2: 3096 pivots (col 10085/13904, rows 13904)
[ 11843.6s]   [4,11] level 2: 3100 pivots (col 10090/13904, rows 13904)
[ 11845.8s]   [4,11] level 2: 3104 pivots (col 10094/13904, rows 13904)
[ 11848.0s]   [4,11] level 2: 3108 pivots (col 10132/13904, rows 13904)
[ 11850.2s]   [4,11] level 2: 3112 pivots (col 10138/13904, rows 13904)
[ 11852.4s]   [4,11] level 2: 3116 pivots (col 10143/13904, rows 13904)
[ 11854.6s]   [4,11] level 2: 3120 pivots (col 10147/13904, rows 13904)
[ 11856.8s]   [4,11] level 2: 3124 pivots (col 10151/13904, rows 13904)
[ 11859.0s]   [4,11] level 2: 3128 pivots (col 10156/13904, rows 13904)
[ 11861.2s]   [4,11] level 2: 3132 pivots (col 10160/13904, rows 13904)
[ 11863.4s]   [4,11] level 2: 3136 pivots (col 10165/13904, rows 13904)
[ 11865.6s]   [4,11] level 2: 3140 pivots (col 10169/13904, rows 13904)
[ 11867.8s]   [4,11] level 2: 3144 pivots (col 10174/13904, rows 13904)
[ 11870.0s]   [4,11] level 2: 3148 pivots (col 10178/13904, rows 13904)
[ 11872.1s]   [4,11] level 2: 3152 pivots (col 10183/13904, rows 13904)
[ 11874.3s]   [4,11] level 2: 3156 pivots (col 10187/13904, rows 13904)
[ 11876.5s]   [4,11] level 2: 3160 pivots (col 10191/13904, rows 13904)
[ 11878.7s]   [4,11] level 2: 3164 pivots (col 10230/13904, rows 13904)
[ 11880.9s]   [4,11] level 2: 3168 pivots (col 10235/13904, rows 13904)
[ 11883.0s]   [4,11] level 2: 3172 pivots (col 10240/13904, rows 13904)
[ 11885.2s]   [4,11] level 2: 3176 pivots (col 10244/13904, rows 13904)
[ 11887.4s]   [4,11] level 2: 3180 pivots (col 10249/13904, rows 13904)
[ 11889.5s]   [4,11] level 2: 3184 pivots (col 10253/13904, rows 13904)
[ 11891.7s]   [4,11] level 2: 3188 pivots (col 10261/13904, rows 13904)
[ 11893.9s]   [4,11] level 2: 3192 pivots (col 10269/13904, rows 13904)
[ 11896.1s]   [4,11] level 2: 3196 pivots (col 10281/13904, rows 13904)
[ 11898.3s]   [4,11] level 2: 3200 pivots (col 10816/13904, rows 13904)
[ 11900.5s]   [4,11] level 2: 3204 pivots (col 10821/13904, rows 13904)
[ 11902.6s]   [4,11] level 2: 3208 pivots (col 10826/13904, rows 13904)
[ 11904.8s]   [4,11] level 2: 3212 pivots (col 10831/13904, rows 13904)
[ 11907.0s]   [4,11] level 2: 3216 pivots (col 10835/13904, rows 13904)
[ 11909.1s]   [4,11] level 2: 3220 pivots (col 10855/13904, rows 13904)
[ 11911.3s]   [4,11] level 2: 3224 pivots (col 10861/13904, rows 13904)
[ 11913.5s]   [4,11] level 2: 3228 pivots (col 10866/13904, rows 13904)
[ 11915.7s]   [4,11] level 2: 3232 pivots (col 10871/13904, rows 13904)
[ 11917.8s]   [4,11] level 2: 3236 pivots (col 10875/13904, rows 13904)
[ 11920.0s]   [4,11] level 2: 3240 pivots (col 10880/13904, rows 13904)
[ 11922.1s]   [4,11] level 2: 3244 pivots (col 10888/13904, rows 13904)
[ 11924.3s]   [4,11] level 2: 3248 pivots (col 10892/13904, rows 13904)
[ 11926.4s]   [4,11] level 2: 3252 pivots (col 10915/13904, rows 13904)
[ 11928.6s]   [4,11] level 2: 3256 pivots (col 10920/13904, rows 13904)
[ 11930.8s]   [4,11] level 2: 3260 pivots (col 10925/13904, rows 13904)
[ 11932.9s]   [4,11] level 2: 3264 pivots (col 10930/13904, rows 13904)
[ 11935.1s]   [4,11] level 2: 3268 pivots (col 10934/13904, rows 13904)
[ 11937.2s]   [4,11] level 2: 3272 pivots (col 10939/13904, rows 13904)
[ 11939.4s]   [4,11] level 2: 3276 pivots (col 10943/13904, rows 13904)
[ 11941.5s]   [4,11] level 2: 3280 pivots (col 10948/13904, rows 13904)
[ 11943.6s]   [4,11] level 2: 3284 pivots (col 10957/13904, rows 13904)
[ 11945.8s]   [4,11] level 2: 3288 pivots (col 10961/13904, rows 13904)
[ 11947.9s]   [4,11] level 2: 3292 pivots (col 10984/13904, rows 13904)
[ 11950.0s]   [4,11] level 2: 3296 pivots (col 10989/13904, rows 13904)
[ 11952.2s]   [4,11] level 2: 3300 pivots (col 10993/13904, rows 13904)
[ 11954.3s]   [4,11] level 2: 3304 pivots (col 10998/13904, rows 13904)
[ 11956.4s]   [4,11] level 2: 3308 pivots (col 11003/13904, rows 13904)
[ 11958.5s]   [4,11] level 2: 3312 pivots (col 11007/13904, rows 13904)
[ 11960.6s]   [4,11] level 2: 3316 pivots (col 11012/13904, rows 13904)
[ 11962.8s]   [4,11] level 2: 3320 pivots (col 11016/13904, rows 13904)
[ 11964.9s]   [4,11] level 2: 3324 pivots (col 11020/13904, rows 13904)
[ 11967.0s]   [4,11] level 2: 3328 pivots (col 11025/13904, rows 13904)
[ 11969.1s]   [4,11] level 2: 3332 pivots (col 11055/13904, rows 13904)
[ 11971.2s]   [4,11] level 2: 3336 pivots (col 11060/13904, rows 13904)
[ 11973.3s]   [4,11] level 2: 3340 pivots (col 11065/13904, rows 13904)
[ 11975.4s]   [4,11] level 2: 3344 pivots (col 11069/13904, rows 13904)
[ 11977.5s]   [4,11] level 2: 3348 pivots (col 11074/13904, rows 13904)
[ 11979.6s]   [4,11] level 2: 3352 pivots (col 11078/13904, rows 13904)
[ 11981.7s]   [4,11] level 2: 3356 pivots (col 11083/13904, rows 13904)
[ 11983.8s]   [4,11] level 2: 3360 pivots (col 11087/13904, rows 13904)
[ 11985.9s]   [4,11] level 2: 3364 pivots (col 11092/13904, rows 13904)
[ 11987.9s]   [4,11] level 2: 3368 pivots (col 11096/13904, rows 13904)
[ 11990.0s]   [4,11] level 2: 3372 pivots (col 11100/13904, rows 13904)
[ 11992.1s]   [4,11] level 2: 3376 pivots (col 11105/13904, rows 13904)
[ 11994.2s]   [4,11] level 2: 3380 pivots (col 11135/13904, rows 13904)
[ 11996.3s]   [4,11] level 2: 3384 pivots (col 11140/13904, rows 13904)
[ 11998.3s]   [4,11] level 2: 3388 pivots (col 11144/13904, rows 13904)
[ 12000.4s]   [4,11] level 2: 3392 pivots (col 11149/13904, rows 13904)
[ 12002.5s]   [4,11] level 2: 3396 pivots (col 11153/13904, rows 13904)
[ 12004.6s]   [4,11] level 2: 3400 pivots (col 11158/13904, rows 13904)
[ 12006.6s]   [4,11] level 2: 3404 pivots (col 11162/13904, rows 13904)
[ 12008.7s]   [4,11] level 2: 3408 pivots (col 11167/13904, rows 13904)
[ 12010.8s]   [4,11] level 2: 3412 pivots (col 11171/13904, rows 13904)
[ 12012.9s]   [4,11] level 2: 3416 pivots (col 11175/13904, rows 13904)
[ 12014.9s]   [4,11] level 2: 3420 pivots (col 11180/13904, rows 13904)
[ 12017.0s]   [4,11] level 2: 3424 pivots (col 11184/13904, rows 13904)
[ 12019.1s]   [4,11] level 2: 3428 pivots (col 11189/13904, rows 13904)
[ 12021.1s]   [4,11] level 2: 3432 pivots (col 11199/13904, rows 13904)
[ 12023.2s]   [4,11] level 2: 3436 pivots (col 11221/13904, rows 13904)
[ 12025.3s]   [4,11] level 2: 3440 pivots (col 11226/13904, rows 13904)
[ 12027.4s]   [4,11] level 2: 3444 pivots (col 11330/13904, rows 13904)
[ 12029.5s]   [4,11] level 2: 3448 pivots (col 11334/13904, rows 13904)
[ 12031.6s]   [4,11] level 2: 3452 pivots (col 11339/13904, rows 13904)
[ 12033.6s]   [4,11] level 2: 3456 pivots (col 11343/13904, rows 13904)
[ 12035.7s]   [4,11] level 2: 3460 pivots (col 11815/13904, rows 13904)
[ 12037.8s]   [4,11] level 2: 3464 pivots (col 11821/13904, rows 13904)
[ 12039.8s]   [4,11] level 2: 3468 pivots (col 11826/13904, rows 13904)
[ 12041.9s]   [4,11] level 2: 3472 pivots (col 11830/13904, rows 13904)
[ 12044.0s]   [4,11] level 2: 3476 pivots (col 11861/13904, rows 13904)
[ 12046.0s]   [4,11] level 2: 3480 pivots (col 11866/13904, rows 13904)
[ 12048.1s]   [4,11] level 2: 3484 pivots (col 11871/13904, rows 13904)
[ 12050.2s]   [4,11] level 2: 3488 pivots (col 11876/13904, rows 13904)
[ 12052.2s]   [4,11] level 2: 3492 pivots (col 11880/13904, rows 13904)
[ 12054.3s]   [4,11] level 2: 3496 pivots (col 11885/13904, rows 13904)
[ 12056.3s]   [4,11] level 2: 3500 pivots (col 11889/13904, rows 13904)
[ 12058.4s]   [4,11] level 2: 3504 pivots (col 11922/13904, rows 13904)
[ 12060.5s]   [4,11] level 2: 3508 pivots (col 11927/13904, rows 13904)
[ 12062.5s]   [4,11] level 2: 3512 pivots (col 11932/13904, rows 13904)
[ 12064.6s]   [4,11] level 2: 3516 pivots (col 11936/13904, rows 13904)
[ 12066.6s]   [4,11] level 2: 3520 pivots (col 11941/13904, rows 13904)
[ 12068.6s]   [4,11] level 2: 3524 pivots (col 11945/13904, rows 13904)
[ 12070.7s]   [4,11] level 2: 3528 pivots (col 11950/13904, rows 13904)
[ 12072.7s]   [4,11] level 2: 3532 pivots (col 11954/13904, rows 13904)
[ 12074.7s]   [4,11] level 2: 3536 pivots (col 11959/13904, rows 13904)
[ 12076.7s]   [4,11] level 2: 3540 pivots (col 11992/13904, rows 13904)
[ 12078.8s]   [4,11] level 2: 3544 pivots (col 11997/13904, rows 13904)
[ 12080.8s]   [4,11] level 2: 3548 pivots (col 12002/13904, rows 13904)
[ 12082.8s]   [4,11] level 2: 3552 pivots (col 12006/13904, rows 13904)
[ 12084.8s]   [4,11] level 2: 3556 pivots (col 12011/13904, rows 13904)
[ 12086.8s]   [4,11] level 2: 3560 pivots (col 12015/13904, rows 13904)
[ 12088.8s]   [4,11] level 2: 3564 pivots (col 12020/13904, rows 13904)
[ 12091.3s]   [4,11] level 2: 3569 pivots (col 12025/13904, rows 13904)
[ 12093.8s]   [4,11] level 2: 3574 pivots (col 12031/13904, rows 13904)
[ 12096.3s]   [4,11] level 2: 3579 pivots (col 12037/13904, rows 13904)
[ 12098.8s]   [4,11] level 2: 3584 pivots (col 12073/13904, rows 13904)
[ 12100.8s]   [4,11] level 2: 3588 pivots (col 12078/13904, rows 13904)
[ 12103.3s]   [4,11] level 2: 3593 pivots (col 12084/13904, rows 13904)
[ 12105.8s]   [4,11] level 2: 3598 pivots (col 12089/13904, rows 13904)
[ 12108.3s]   [4,11] level 2: 3603 pivots (col 12095/13904, rows 13904)
[ 12110.8s]   [4,11] level 2: 3608 pivots (col 12100/13904, rows 13904)
[ 12113.2s]   [4,11] level 2: 3613 pivots (col 12106/13904, rows 13904)
[ 12115.7s]   [4,11] level 2: 3618 pivots (col 12112/13904, rows 13904)
[ 12118.2s]   [4,11] level 2: 3623 pivots (col 12117/13904, rows 13904)
[ 12120.6s]   [4,11] level 2: 3628 pivots (col 12123/13904, rows 13904)
[ 12123.1s]   [4,11] level 2: 3633 pivots (col 12159/13904, rows 13904)
[ 12125.6s]   [4,11] level 2: 3638 pivots (col 12165/13904, rows 13904)
[ 12128.0s]   [4,11] level 2: 3643 pivots (col 12171/13904, rows 13904)
[ 12130.5s]   [4,11] level 2: 3648 pivots (col 12176/13904, rows 13904)
[ 12132.9s]   [4,11] level 2: 3653 pivots (col 12182/13904, rows 13904)
[ 12135.4s]   [4,11] level 2: 3658 pivots (col 12187/13904, rows 13904)
[ 12137.8s]   [4,11] level 2: 3663 pivots (col 12193/13904, rows 13904)
[ 12140.3s]   [4,11] level 2: 3668 pivots (col 12198/13904, rows 13904)
[ 12142.7s]   [4,11] level 2: 3673 pivots (col 12204/13904, rows 13904)
[ 12145.2s]   [4,11] level 2: 3678 pivots (col 12209/13904, rows 13904)
[ 12147.6s]   [4,11] level 2: 3683 pivots (col 12244/13904, rows 13904)
[ 12150.1s]   [4,11] level 2: 3688 pivots (col 12360/13904, rows 13904)
[ 12152.6s]   [4,11] level 2: 3693 pivots (col 12365/13904, rows 13904)
[ 12155.1s]   [4,11] level 2: 3698 pivots (col 12851/13904, rows 13904)
[ 12157.5s]   [4,11] level 2: 3703 pivots (col 12893/13904, rows 13904)
[ 12160.0s]   [4,11] level 2: 3708 pivots (col 12900/13904, rows 13904)
[ 12162.4s]   [4,11] level 2: 3713 pivots (col 12906/13904, rows 13904)
[ 12164.9s]   [4,11] level 2: 3718 pivots (col 12912/13904, rows 13904)
[ 12167.3s]   [4,11] level 2: 3723 pivots (col 12917/13904, rows 13904)
[ 12169.8s]   [4,11] level 2: 3728 pivots (col 12958/13904, rows 13904)
[ 12172.2s]   [4,11] level 2: 3733 pivots (col 12964/13904, rows 13904)
[ 12174.7s]   [4,11] level 2: 3738 pivots (col 12970/13904, rows 13904)
[ 12177.1s]   [4,11] level 2: 3743 pivots (col 12976/13904, rows 13904)
[ 12179.5s]   [4,11] level 2: 3748 pivots (col 12982/13904, rows 13904)
[ 12182.0s]   [4,11] level 2: 3753 pivots (col 12988/13904, rows 13904)
[ 12184.4s]   [4,11] level 2: 3758 pivots (col 12993/13904, rows 13904)
[ 12186.8s]   [4,11] level 2: 3763 pivots (col 13033/13904, rows 13904)
[ 12189.2s]   [4,11] level 2: 3768 pivots (col 13039/13904, rows 13904)
[ 12191.6s]   [4,11] level 2: 3773 pivots (col 13045/13904, rows 13904)
[ 12194.0s]   [4,11] level 2: 3778 pivots (col 13051/13904, rows 13904)
[ 12196.4s]   [4,11] level 2: 3783 pivots (col 13057/13904, rows 13904)
[ 12198.8s]   [4,11] level 2: 3788 pivots (col 13063/13904, rows 13904)
[ 12201.2s]   [4,11] level 2: 3793 pivots (col 13068/13904, rows 13904)
[ 12203.6s]   [4,11] level 2: 3798 pivots (col 13074/13904, rows 13904)
[ 12205.9s]   [4,11] level 2: 3803 pivots (col 13079/13904, rows 13904)
[ 12208.3s]   [4,11] level 2: 3808 pivots (col 13119/13904, rows 13904)
[ 12210.7s]   [4,11] level 2: 3813 pivots (col 13125/13904, rows 13904)
[ 12213.1s]   [4,11] level 2: 3818 pivots (col 13131/13904, rows 13904)
[ 12215.4s]   [4,11] level 2: 3823 pivots (col 13137/13904, rows 13904)
[ 12217.8s]   [4,11] level 2: 3828 pivots (col 13143/13904, rows 13904)
[ 12220.2s]   [4,11] level 2: 3833 pivots (col 13148/13904, rows 13904)
[ 12222.5s]   [4,11] level 2: 3838 pivots (col 13154/13904, rows 13904)
[ 12224.9s]   [4,11] level 2: 3843 pivots (col 13159/13904, rows 13904)
[ 12227.2s]   [4,11] level 2: 3848 pivots (col 13165/13904, rows 13904)
[ 12229.5s]   [4,11] level 2: 3853 pivots (col 13170/13904, rows 13904)
[ 12231.9s]   [4,11] level 2: 3858 pivots (col 13210/13904, rows 13904)
[ 12234.2s]   [4,11] level 2: 3863 pivots (col 13217/13904, rows 13904)
[ 12236.6s]   [4,11] level 2: 3868 pivots (col 13222/13904, rows 13904)
[ 12238.9s]   [4,11] level 2: 3873 pivots (col 13228/13904, rows 13904)
[ 12241.2s]   [4,11] level 2: 3878 pivots (col 13233/13904, rows 13904)
[ 12243.6s]   [4,11] level 2: 3883 pivots (col 13239/13904, rows 13904)
[ 12245.9s]   [4,11] level 2: 3888 pivots (col 13244/13904, rows 13904)
[ 12248.2s]   [4,11] level 2: 3893 pivots (col 13250/13904, rows 13904)
[ 12250.5s]   [4,11] level 2: 3898 pivots (col 13255/13904, rows 13904)
[ 12252.8s]   [4,11] level 2: 3903 pivots (col 13261/13904, rows 13904)
[ 12254.9s]   [4,11] level 2 done: 3907 divisors; residual 9997x9997
[ 12257.2s]   [4,11] level 3: 6 pivots (col 118/9997, rows 9997)
[ 12259.5s]   [4,11] level 3: 11 pivots (col 124/9997, rows 9997)
[ 12261.7s]   [4,11] level 3: 16 pivots (col 147/9997, rows 9997)
[ 12264.0s]   [4,11] level 3: 21 pivots (col 154/9997, rows 9997)
[ 12266.2s]   [4,11] level 3: 26 pivots (col 160/9997, rows 9997)
[ 12268.4s]   [4,11] level 3: 31 pivots (col 165/9997, rows 9997)
[ 12270.7s]   [4,11] level 3: 36 pivots (col 189/9997, rows 9997)
[ 12272.9s]   [4,11] level 3: 41 pivots (col 195/9997, rows 9997)
[ 12275.1s]   [4,11] level 3: 46 pivots (col 201/9997, rows 9997)
[ 12277.3s]   [4,11] level 3: 51 pivots (col 221/9997, rows 9997)
[ 12279.5s]   [4,11] level 3: 56 pivots (col 228/9997, rows 9997)
[ 12281.8s]   [4,11] level 3: 61 pivots (col 234/9997, rows 9997)
[ 12284.0s]   [4,11] level 3: 66 pivots (col 240/9997, rows 9997)
[ 12286.2s]   [4,11] level 3: 71 pivots (col 246/9997, rows 9997)
[ 12288.4s]   [4,11] level 3: 76 pivots (col 253/9997, rows 9997)
[ 12290.6s]   [4,11] level 3: 81 pivots (col 258/9997, rows 9997)
[ 12292.8s]   [4,11] level 3: 86 pivots (col 282/9997, rows 9997)
[ 12295.0s]   [4,11] level 3: 91 pivots (col 287/9997, rows 9997)
[ 12297.2s]   [4,11] level 3: 96 pivots (col 293/9997, rows 9997)
[ 12299.4s]   [4,11] level 3: 101 pivots (col 299/9997, rows 9997)
[ 12301.6s]   [4,11] level 3: 106 pivots (col 305/9997, rows 9997)
[ 12303.8s]   [4,11] level 3: 111 pivots (col 313/9997, rows 9997)
[ 12306.0s]   [4,11] level 3: 116 pivots (col 318/9997, rows 9997)
[ 12308.2s]   [4,11] level 3: 121 pivots (col 622/9997, rows 9997)
[ 12310.4s]   [4,11] level 3: 126 pivots (col 656/9997, rows 9997)
[ 12312.6s]   [4,11] level 3: 131 pivots (col 663/9997, rows 9997)
[ 12314.8s]   [4,11] level 3: 136 pivots (col 696/9997, rows 9997)
[ 12317.0s]   [4,11] level 3: 141 pivots (col 703/9997, rows 9997)
[ 12319.1s]   [4,11] level 3: 146 pivots (col 709/9997, rows 9997)
[ 12321.3s]   [4,11] level 3: 151 pivots (col 740/9997, rows 9997)
[ 12323.5s]   [4,11] level 3: 156 pivots (col 747/9997, rows 9997)
[ 12325.7s]   [4,11] level 3: 161 pivots (col 753/9997, rows 9997)
[ 12327.8s]   [4,11] level 3: 166 pivots (col 759/9997, rows 9997)
[ 12330.0s]   [4,11] level 3: 171 pivots (col 765/9997, rows 9997)
[ 12332.2s]   [4,11] level 3: 176 pivots (col 798/9997, rows 9997)
[ 12334.3s]   [4,11] level 3: 181 pivots (col 805/9997, rows 9997)
[ 12336.5s]   [4,11] level 3: 186 pivots (col 810/9997, rows 9997)
[ 12338.6s]   [4,11] level 3: 191 pivots (col 816/9997, rows 9997)
[ 12340.8s]   [4,11] level 3: 196 pivots (col 822/9997, rows 9997)
[ 12342.9s]   [4,11] level 3: 201 pivots (col 828/9997, rows 9997)
[ 12345.1s]   [4,11] level 3: 206 pivots (col 833/9997, rows 9997)
[ 12347.2s]   [4,11] level 3: 211 pivots (col 1237/9997, rows 9997)
[ 12349.4s]   [4,11] level 3: 216 pivots (col 1282/9997, rows 9997)
[ 12351.5s]   [4,11] level 3: 221 pivots (col 1288/9997, rows 9997)
[ 12353.6s]   [4,11] level 3: 226 pivots (col 1332/9997, rows 9997)
[ 12355.8s]   [4,11] level 3: 231 pivots (col 1338/9997, rows 9997)
[ 12357.9s]   [4,11] level 3: 236 pivots (col 1344/9997, rows 9997)
[ 12360.0s]   [4,11] level 3: 241 pivots (col 1349/9997, rows 9997)
[ 12362.2s]   [4,11] level 3: 246 pivots (col 1392/9997, rows 9997)
[ 12364.3s]   [4,11] level 3: 251 pivots (col 1398/9997, rows 9997)
[ 12366.4s]   [4,11] level 3: 256 pivots (col 1404/9997, rows 9997)
[ 12368.5s]   [4,11] level 3: 261 pivots (col 1409/9997, rows 9997)
[ 12370.6s]   [4,11] level 3: 266 pivots (col 1415/9997, rows 9997)
[ 12372.8s]   [4,11] level 3: 271 pivots (col 1646/9997, rows 9997)
[ 12374.9s]   [4,11] level 3: 276 pivots (col 1672/9997, rows 9997)
[ 12377.0s]   [4,11] level 3: 281 pivots (col 1678/9997, rows 9997)
[ 12379.1s]   [4,11] level 3: 286 pivots (col 1703/9997, rows 9997)
[ 12381.2s]   [4,11] level 3: 291 pivots (col 1709/9997, rows 9997)
[ 12383.3s]   [4,11] level 3: 296 pivots (col 1731/9997, rows 9997)
[ 12385.4s]   [4,11] level 3: 301 pivots (col 1738/9997, rows 9997)
[ 12387.5s]   [4,11] level 3: 306 pivots (col 1744/9997, rows 9997)
[ 12389.6s]   [4,11] level 3: 311 pivots (col 1750/9997, rows 9997)
[ 12391.7s]   [4,11] level 3: 316 pivots (col 1772/9997, rows 9997)
[ 12393.7s]   [4,11] level 3: 321 pivots (col 1778/9997, rows 9997)
[ 12395.8s]   [4,11] level 3: 326 pivots (col 1784/9997, rows 9997)
[ 12397.9s]   [4,11] level 3: 331 pivots (col 1790/9997, rows 9997)
[ 12400.0s]   [4,11] level 3: 336 pivots (col 1796/9997, rows 9997)
[ 12402.1s]   [4,11] level 3: 341 pivots (col 1817/9997, rows 9997)
[ 12404.1s]   [4,11] level 3: 346 pivots (col 1823/9997, rows 9997)
[ 12406.2s]   [4,11] level 3: 351 pivots (col 1829/9997, rows 9997)
[ 12408.3s]   [4,11] level 3: 356 pivots (col 1835/9997, rows 9997)
[ 12410.3s]   [4,11] level 3: 361 pivots (col 1840/9997, rows 9997)
[ 12412.4s]   [4,11] level 3: 366 pivots (col 1846/9997, rows 9997)
[ 12414.4s]   [4,11] level 3: 371 pivots (col 1854/9997, rows 9997)
[ 12416.5s]   [4,11] level 3: 376 pivots (col 2248/9997, rows 9997)
[ 12418.5s]   [4,11] level 3: 381 pivots (col 2253/9997, rows 9997)
[ 12420.6s]   [4,11] level 3: 386 pivots (col 2289/9997, rows 9997)
[ 12422.6s]   [4,11] level 3: 391 pivots (col 2324/9997, rows 9997)
[ 12424.7s]   [4,11] level 3: 396 pivots (col 2330/9997, rows 9997)
[ 12426.7s]   [4,11] level 3: 401 pivots (col 2363/9997, rows 9997)
[ 12428.7s]   [4,11] level 3: 406 pivots (col 2369/9997, rows 9997)
[ 12430.8s]   [4,11] level 3: 411 pivots (col 2375/9997, rows 9997)
[ 12432.8s]   [4,11] level 3: 416 pivots (col 2381/9997, rows 9997)
[ 12434.8s]   [4,11] level 3: 421 pivots (col 2386/9997, rows 9997)
[ 12436.9s]   [4,11] level 3: 426 pivots (col 2418/9997, rows 9997)
[ 12438.9s]   [4,11] level 3: 431 pivots (col 2424/9997, rows 9997)
[ 12440.9s]   [4,11] level 3: 436 pivots (col 2430/9997, rows 9997)
[ 12442.9s]   [4,11] level 3: 441 pivots (col 2436/9997, rows 9997)
[ 12444.9s]   [4,11] level 3: 446 pivots (col 2442/9997, rows 9997)
[ 12446.9s]   [4,11] level 3: 451 pivots (col 2447/9997, rows 9997)
[ 12448.9s]   [4,11] level 3: 456 pivots (col 2972/9997, rows 9997)
[ 12451.3s]   [4,11] level 3: 462 pivots (col 3017/9997, rows 9997)
[ 12453.7s]   [4,11] level 3: 468 pivots (col 3024/9997, rows 9997)
[ 12456.1s]   [4,11] level 3: 474 pivots (col 3031/9997, rows 9997)
[ 12458.5s]   [4,11] level 3: 480 pivots (col 3075/9997, rows 9997)
[ 12460.9s]   [4,11] level 3: 486 pivots (col 3082/9997, rows 9997)
[ 12463.3s]   [4,11] level 3: 492 pivots (col 3089/9997, rows 9997)
[ 12465.6s]   [4,11] level 3: 498 pivots (col 3096/9997, rows 9997)
[ 12468.0s]   [4,11] level 3: 504 pivots (col 3429/9997, rows 9997)
[ 12470.3s]   [4,11] level 3: 510 pivots (col 3455/9997, rows 9997)
[ 12472.7s]   [4,11] level 3: 516 pivots (col 3462/9997, rows 9997)
[ 12475.1s]   [4,11] level 3: 522 pivots (col 3489/9997, rows 9997)
[ 12477.4s]   [4,11] level 3: 528 pivots (col 3515/9997, rows 9997)
[ 12479.7s]   [4,11] level 3: 534 pivots (col 3522/9997, rows 9997)
[ 12482.1s]   [4,11] level 3: 540 pivots (col 3545/9997, rows 9997)
[ 12484.4s]   [4,11] level 3: 546 pivots (col 3552/9997, rows 9997)
[ 12486.8s]   [4,11] level 3: 552 pivots (col 3559/9997, rows 9997)
[ 12489.1s]   [4,11] level 3: 558 pivots (col 3566/9997, rows 9997)
[ 12491.4s]   [4,11] level 3: 564 pivots (col 3573/9997, rows 9997)
[ 12493.7s]   [4,11] level 3: 570 pivots (col 3596/9997, rows 9997)
[ 12496.1s]   [4,11] level 3: 576 pivots (col 3603/9997, rows 9997)
[ 12498.4s]   [4,11] level 3: 582 pivots (col 3610/9997, rows 9997)
[ 12500.7s]   [4,11] level 3: 588 pivots (col 3617/9997, rows 9997)
[ 12503.0s]   [4,11] level 3: 594 pivots (col 3624/9997, rows 9997)
[ 12505.3s]   [4,11] level 3: 600 pivots (col 4107/9997, rows 9997)
[ 12507.6s]   [4,11] level 3: 606 pivots (col 4144/9997, rows 9997)
[ 12509.8s]   [4,11] level 3: 612 pivots (col 4181/9997, rows 9997)
[ 12512.1s]   [4,11] level 3: 618 pivots (col 4216/9997, rows 9997)
[ 12514.4s]   [4,11] level 3: 624 pivots (col 4223/9997, rows 9997)
[ 12516.6s]   [4,11] level 3: 630 pivots (col 4230/9997, rows 9997)
[ 12518.9s]   [4,11] level 3: 636 pivots (col 4264/9997, rows 9997)
[ 12521.2s]   [4,11] level 3: 642 pivots (col 4271/9997, rows 9997)
[ 12523.4s]   [4,11] level 3: 648 pivots (col 4278/9997, rows 9997)
[ 12525.7s]   [4,11] level 3: 654 pivots (col 4284/9997, rows 9997)
[ 12527.9s]   [4,11] level 3: 660 pivots (col 4291/9997, rows 9997)
[ 12530.1s]   [4,11] level 3: 666 pivots (col 4927/9997, rows 9997)
[ 12532.4s]   [4,11] level 3: 672 pivots (col 4970/9997, rows 9997)
[ 12534.6s]   [4,11] level 3: 678 pivots (col 4978/9997, rows 9997)
[ 12536.8s]   [4,11] level 3: 684 pivots (col 4985/9997, rows 9997)
[ 12539.0s]   [4,11] level 3: 690 pivots (col 4992/9997, rows 9997)
[ 12541.2s]   [4,11] level 3: 696 pivots (col 4999/9997, rows 9997)
[ 12543.4s]   [4,11] level 3: 702 pivots (col 5452/9997, rows 9997)
[ 12545.6s]   [4,11] level 3: 708 pivots (col 5479/9997, rows 9997)
[ 12547.7s]   [4,11] level 3: 714 pivots (col 5486/9997, rows 9997)
[ 12549.9s]   [4,11] level 3: 720 pivots (col 5512/9997, rows 9997)
[ 12552.1s]   [4,11] level 3: 726 pivots (col 5519/9997, rows 9997)
[ 12554.2s]   [4,11] level 3: 732 pivots (col 5545/9997, rows 9997)
[ 12556.4s]   [4,11] level 3: 738 pivots (col 5552/9997, rows 9997)
[ 12558.6s]   [4,11] level 3: 744 pivots (col 5575/9997, rows 9997)
[ 12560.7s]   [4,11] level 3: 750 pivots (col 5582/9997, rows 9997)
[ 12562.9s]   [4,11] level 3: 756 pivots (col 5589/9997, rows 9997)
[ 12565.0s]   [4,11] level 3: 762 pivots (col 5596/9997, rows 9997)
[ 12567.1s]   [4,11] level 3: 768 pivots (col 5603/9997, rows 9997)
[ 12569.3s]   [4,11] level 3: 774 pivots (col 6186/9997, rows 9997)
[ 12571.4s]   [4,11] level 3: 780 pivots (col 6223/9997, rows 9997)
[ 12573.5s]   [4,11] level 3: 786 pivots (col 6260/9997, rows 9997)
[ 12575.6s]   [4,11] level 3: 792 pivots (col 6293/9997, rows 9997)
[ 12577.7s]   [4,11] level 3: 798 pivots (col 6300/9997, rows 9997)
[ 12579.8s]   [4,11] level 3: 804 pivots (col 6307/9997, rows 9997)
[ 12581.9s]   [4,11] level 3: 810 pivots (col 6314/9997, rows 9997)
[ 12584.0s]   [4,11] level 3: 816 pivots (col 6321/9997, rows 9997)
[ 12586.1s]   [4,11] level 3: 822 pivots (col 7075/9997, rows 9997)
[ 12588.1s]   [4,11] level 3: 828 pivots (col 7082/9997, rows 9997)
[ 12590.2s]   [4,11] level 3: 834 pivots (col 7089/9997, rows 9997)
[ 12592.3s]   [4,11] level 3: 840 pivots (col 7642/9997, rows 9997)
[ 12594.3s]   [4,11] level 3: 846 pivots (col 7669/9997, rows 9997)
[ 12596.3s]   [4,11] level 3: 852 pivots (col 7676/9997, rows 9997)
[ 12598.4s]   [4,11] level 3: 858 pivots (col 7702/9997, rows 9997)
[ 12600.4s]   [4,11] level 3: 864 pivots (col 7709/9997, rows 9997)
[ 12602.4s]   [4,11] level 3: 870 pivots (col 7736/9997, rows 9997)
[ 12604.4s]   [4,11] level 3: 876 pivots (col 7762/9997, rows 9997)
[ 12606.4s]   [4,11] level 3: 882 pivots (col 7769/9997, rows 9997)
[ 12608.4s]   [4,11] level 3: 888 pivots (col 8391/9997, rows 9997)
[ 12610.7s]   [4,11] level 3: 895 pivots (col 8460/9997, rows 9997)
[ 12613.1s]   [4,11] level 3: 902 pivots (col 8498/9997, rows 9997)
[ 12615.3s]   [4,11] level 3: 909 pivots (col 8536/9997, rows 9997)
[ 12616.1s]   [4,11] level 3 done: 911 divisors; residual 9086x9086
[ 12618.4s]   [4,11] level 4: 8 pivots (col 205/9086, rows 9086)
[ 12620.5s]   [4,11] level 4: 15 pivots (col 1484/9086, rows 9086)
[ 12622.5s]   [4,11] level 4: 22 pivots (col 3633/9086, rows 9086)
[ 12622.6s]   [4,11] level 4 done: 22 divisors; residual 9064x9064
[ 12622.9s]   [4,11] level 5 done: 0 divisors; residual 9064x9064
[ 12623.1s]   [4,11] level 6 done: 0 divisors; residual 9064x9064
[ 12623.3s]   [4,11] level 7 done: 0 divisors; residual 9064x9064
======================================================================
VERDICT (4,11): rank = 10901 (seal 10901: HIT) | h_max = 4 (seal 6: MISS) | E = 15603 (seal 20211: MISS)
  TRIPLE SEAL: AT LEAST ONE MISS - maximum information
  11-adic height counts: {0: 1093, 1: 4968, 2: 3907, 3: 911, 4: 22, 5: 0, 6: 0, 7: 0}
  unaccounted: 0 (honesty meter; nonzero = precision ceiling touched)
[ 12623.3s] building Gram fam d=10: 1000 planes (raw int8 1 MB)
[ 12623.3s] Gram fam d=10 built
[ 12623.4s]   [sf10p2] level 0 done: 26 divisors; residual 974x974
[ 12623.4s]   [sf10p2] level 1 done: 192 divisors; residual 782x782
[ 12623.4s]   [sf10p2] level 2 done: 512 divisors; residual 270x270
[ 12623.4s]   [sf10p2] level 3 done: 0 divisors; residual 270x270
[ 12623.4s]   [sf10p2] level 4 done: 0 divisors; residual 270x270
[ 12623.4s]   [sf10p2] level 5 done: 0 divisors; residual 270x270
[ 12623.4s]   [sf10p5] level 0 done: 26 divisors; residual 974x974
[ 12623.5s]   [sf10p5] level 1 done: 192 divisors; residual 782x782
[ 12623.7s]   [sf10p5] level 2 done: 512 divisors; residual 270x270
[ 12623.7s]   [sf10p5] level 3 done: 0 divisors; residual 270x270
[ 12623.7s]   [sf10p5] level 4 done: 0 divisors; residual 270x270
[ 12623.7s]   [sf10p5] level 5 done: 0 divisors; residual 270x270
SEAL TEST fam d=10: rank 730 | p=2 {0: 26, 1: 192, 2: 512} | p=5 {0: 26, 1: 192, 2: 512}
[ 12623.7s] SEAL TEST flat law 8th degree -> p2 HIT, p5 HIT, continuing
[ 12623.7s] CELL B: (4,10), 15000 planes, raw built ONCE, both towers. SEALED: rank 7762, G 3188. Profiles: zero commitments.
[ 12623.7s] RAM ledger: raw 0.21 GB + two u32 buffers 1.68 GB = 1.89 GB
[ 12623.7s] building Gram (4,10): 15000 planes (raw int8 215 MB)
[ 12625.7s]   Gram (4,10) rows 6881/15000
[ 12626.5s] Gram (4,10) built
[ 12628.8s]   [4,10] rank pass: 16 pivots (col 16/15000)
[ 12630.9s]   [4,10] rank pass: 32 pivots (col 34/15000)
[ 12633.0s]   [4,10] rank pass: 49 pivots (col 53/15000)
[ 12635.0s]   [4,10] rank pass: 70 pivots (col 76/15000)
[ 12637.2s]   [4,10] rank pass: 93 pivots (col 112/15000)
[ 12639.5s]   [4,10] rank pass: 105 pivots (col 125/15000)
[ 12641.5s]   [4,10] rank pass: 116 pivots (col 137/15000)
[ 12643.7s]   [4,10] rank pass: 129 pivots (col 152/15000)
[ 12645.8s]   [4,10] rank pass: 142 pivots (col 166/15000)
[ 12648.0s]   [4,10] rank pass: 165 pivots (col 202/15000)
[ 12650.1s]   [4,10] rank pass: 177 pivots (col 215/15000)
[ 12652.2s]   [4,10] rank pass: 187 pivots (col 226/15000)
[ 12654.4s]   [4,10] rank pass: 197 pivots (col 237/15000)
[ 12656.5s]   [4,10] rank pass: 207 pivots (col 248/15000)
[ 12658.6s]   [4,10] rank pass: 219 pivots (col 262/15000)
[ 12660.7s]   [4,10] rank pass: 232 pivots (col 276/15000)
[ 12662.7s]   [4,10] rank pass: 249 pivots (col 305/15000)
[ 12664.7s]   [4,10] rank pass: 260 pivots (col 317/15000)
[ 12666.8s]   [4,10] rank pass: 270 pivots (col 328/15000)
[ 12669.0s]   [4,10] rank pass: 279 pivots (col 338/15000)
[ 12671.1s]   [4,10] rank pass: 288 pivots (col 348/15000)
[ 12673.2s]   [4,10] rank pass: 298 pivots (col 359/15000)
[ 12675.2s]   [4,10] rank pass: 310 pivots (col 373/15000)
[ 12677.2s]   [4,10] rank pass: 326 pivots (col 401/15000)
[ 12679.3s]   [4,10] rank pass: 338 pivots (col 414/15000)
[ 12681.5s]   [4,10] rank pass: 348 pivots (col 425/15000)
[ 12683.5s]   [4,10] rank pass: 357 pivots (col 435/15000)
[ 12685.6s]   [4,10] rank pass: 366 pivots (col 445/15000)
[ 12687.7s]   [4,10] rank pass: 375 pivots (col 455/15000)
[ 12689.9s]   [4,10] rank pass: 386 pivots (col 467/15000)
[ 12691.9s]   [4,10] rank pass: 401 pivots (col 484/15000)
[ 12694.1s]   [4,10] rank pass: 417 pivots (col 512/15000)
[ 12696.2s]   [4,10] rank pass: 428 pivots (col 524/15000)
[ 12698.4s]   [4,10] rank pass: 438 pivots (col 535/15000)
[ 12700.4s]   [4,10] rank pass: 447 pivots (col 545/15000)
[ 12702.5s]   [4,10] rank pass: 457 pivots (col 556/15000)
[ 12704.6s]   [4,10] rank pass: 468 pivots (col 568/15000)
[ 12706.7s]   [4,10] rank pass: 483 pivots (col 585/15000)
[ 12708.8s]   [4,10] rank pass: 501 pivots (col 615/15000)
[ 12710.8s]   [4,10] rank pass: 513 pivots (col 628/15000)
[ 12713.0s]   [4,10] rank pass: 525 pivots (col 642/15000)
[ 12715.2s]   [4,10] rank pass: 536 pivots (col 654/15000)
[ 12717.2s]   [4,10] rank pass: 547 pivots (col 666/15000)
[ 12719.3s]   [4,10] rank pass: 563 pivots (col 684/15000)
[ 12721.3s]   [4,10] rank pass: 585 pivots (col 718/15000)
[ 12723.4s]   [4,10] rank pass: 600 pivots (col 735/15000)
[ 12725.4s]   [4,10] rank pass: 613 pivots (col 749/15000)
[ 12727.5s]   [4,10] rank pass: 627 pivots (col 765/15000)
[ 12729.6s]   [4,10] rank pass: 647 pivots (col 787/15000)
[ 12731.6s]   [4,10] rank pass: 678 pivots (col 832/15000)
[ 12733.6s]   [4,10] rank pass: 697 pivots (col 853/15000)
[ 12735.7s]   [4,10] rank pass: 717 pivots (col 875/15000)
[ 12737.8s]   [4,10] rank pass: 741 pivots (col 1012/15000)
[ 12739.9s]   [4,10] rank pass: 753 pivots (col 1025/15000)
[ 12742.0s]   [4,10] rank pass: 767 pivots (col 1041/15000)
[ 12744.0s]   [4,10] rank pass: 783 pivots (col 1058/15000)
[ 12746.1s]   [4,10] rank pass: 805 pivots (col 1103/15000)
[ 12748.1s]   [4,10] rank pass: 817 pivots (col 1116/15000)
[ 12750.1s]   [4,10] rank pass: 828 pivots (col 1128/15000)
[ 12752.2s]   [4,10] rank pass: 841 pivots (col 1143/15000)
[ 12754.3s]   [4,10] rank pass: 857 pivots (col 1161/15000)
[ 12756.3s]   [4,10] rank pass: 877 pivots (col 1203/15000)
[ 12758.4s]   [4,10] rank pass: 889 pivots (col 1216/15000)
[ 12760.5s]   [4,10] rank pass: 900 pivots (col 1228/15000)
[ 12762.6s]   [4,10] rank pass: 913 pivots (col 1243/15000)
[ 12764.6s]   [4,10] rank pass: 928 pivots (col 1259/15000)
[ 12766.7s]   [4,10] rank pass: 948 pivots (col 1302/15000)
[ 12768.8s]   [4,10] rank pass: 960 pivots (col 1315/15000)
[ 12770.8s]   [4,10] rank pass: 971 pivots (col 1327/15000)
[ 12772.8s]   [4,10] rank pass: 983 pivots (col 1341/15000)
[ 12774.8s]   [4,10] rank pass: 997 pivots (col 1356/15000)
[ 12776.9s]   [4,10] rank pass: 1016 pivots (col 1377/15000)
[ 12778.9s]   [4,10] rank pass: 1030 pivots (col 1413/15000)
[ 12781.1s]   [4,10] rank pass: 1042 pivots (col 1426/15000)
[ 12783.1s]   [4,10] rank pass: 1054 pivots (col 1439/15000)
[ 12785.2s]   [4,10] rank pass: 1068 pivots (col 1455/15000)
[ 12787.2s]   [4,10] rank pass: 1086 pivots (col 1475/15000)
[ 12789.3s]   [4,10] rank pass: 1102 pivots (col 1513/15000)
[ 12791.4s]   [4,10] rank pass: 1114 pivots (col 1526/15000)
[ 12793.5s]   [4,10] rank pass: 1127 pivots (col 1541/15000)
[ 12795.6s]   [4,10] rank pass: 1141 pivots (col 1556/15000)
[ 12797.6s]   [4,10] rank pass: 1161 pivots (col 1578/15000)
[ 12799.7s]   [4,10] rank pass: 1176 pivots (col 1615/15000)
[ 12801.7s]   [4,10] rank pass: 1188 pivots (col 1628/15000)
[ 12803.8s]   [4,10] rank pass: 1202 pivots (col 1644/15000)
[ 12805.9s]   [4,10] rank pass: 1218 pivots (col 1662/15000)
[ 12807.9s]   [4,10] rank pass: 1239 pivots (col 1705/15000)
[ 12810.0s]   [4,10] rank pass: 1254 pivots (col 1722/15000)
[ 12812.1s]   [4,10] rank pass: 1268 pivots (col 1737/15000)
[ 12814.2s]   [4,10] rank pass: 1285 pivots (col 1756/15000)
[ 12816.3s]   [4,10] rank pass: 1309 pivots (col 1803/15000)
[ 12818.4s]   [4,10] rank pass: 1327 pivots (col 1823/15000)
[ 12820.5s]   [4,10] rank pass: 1343 pivots (col 1841/15000)
[ 12822.6s]   [4,10] rank pass: 1363 pivots (col 1863/15000)
[ 12824.6s]   [4,10] rank pass: 1394 pivots (col 2017/15000)
[ 12826.7s]   [4,10] rank pass: 1445 pivots (col 2103/15000)
[ 12828.7s]   [4,10] rank pass: 1476 pivots (col 2137/15000)
[ 12830.7s]   [4,10] rank pass: 1520 pivots (col 2215/15000)
[ 12832.7s]   [4,10] rank pass: 1559 pivots (col 2258/15000)
[ 12834.7s]   [4,10] rank pass: 1595 pivots (col 2327/15000)
[ 12836.7s]   [4,10] rank pass: 1639 pivots (col 2405/15000)
[ 12838.8s]   [4,10] rank pass: 1671 pivots (col 2441/15000)
[ 12840.8s]   [4,10] rank pass: 1713 pivots (col 2516/15000)
[ 12842.8s]   [4,10] rank pass: 1752 pivots (col 2559/15000)
[ 12844.9s]   [4,10] rank pass: 1790 pivots (col 2631/15000)
[ 12846.9s]   [4,10] rank pass: 1836 pivots (col 2711/15000)
[ 12848.9s]   [4,10] rank pass: 1879 pivots (col 2758/15000)
[ 12850.9s]   [4,10] rank pass: 1924 pivots (col 2837/15000)
[ 12853.1s]   [4,10] rank pass: 1966 pivots (col 3013/15000)
[ 12855.2s]   [4,10] rank pass: 1978 pivots (col 3026/15000)
[ 12857.3s]   [4,10] rank pass: 1989 pivots (col 3038/15000)
[ 12859.4s]   [4,10] rank pass: 2000 pivots (col 3051/15000)
[ 12861.4s]   [4,10] rank pass: 2011 pivots (col 3063/15000)
[ 12863.5s]   [4,10] rank pass: 2024 pivots (col 3077/15000)
[ 12865.6s]   [4,10] rank pass: 2041 pivots (col 3106/15000)
[ 12867.6s]   [4,10] rank pass: 2051 pivots (col 3117/15000)
[ 12869.8s]   [4,10] rank pass: 2061 pivots (col 3128/15000)
[ 12871.9s]   [4,10] rank pass: 2070 pivots (col 3138/15000)
[ 12874.1s]   [4,10] rank pass: 2079 pivots (col 3148/15000)
[ 12876.2s]   [4,10] rank pass: 2088 pivots (col 3158/15000)
[ 12878.4s]   [4,10] rank pass: 2097 pivots (col 3168/15000)
[ 12880.6s]   [4,10] rank pass: 2106 pivots (col 3178/15000)
[ 12882.7s]   [4,10] rank pass: 2115 pivots (col 3188/15000)
[ 12884.8s]   [4,10] rank pass: 2125 pivots (col 3209/15000)
[ 12886.9s]   [4,10] rank pass: 2134 pivots (col 3219/15000)
[ 12889.0s]   [4,10] rank pass: 2143 pivots (col 3229/15000)
[ 12891.0s]   [4,10] rank pass: 2152 pivots (col 3239/15000)
[ 12893.1s]   [4,10] rank pass: 2161 pivots (col 3249/15000)
[ 12895.1s]   [4,10] rank pass: 2170 pivots (col 3259/15000)
[ 12897.3s]   [4,10] rank pass: 2180 pivots (col 3271/15000)
[ 12899.5s]   [4,10] rank pass: 2190 pivots (col 3282/15000)
[ 12901.5s]   [4,10] rank pass: 2200 pivots (col 3303/15000)
[ 12903.6s]   [4,10] rank pass: 2210 pivots (col 3314/15000)
[ 12905.7s]   [4,10] rank pass: 2220 pivots (col 3325/15000)
[ 12907.7s]   [4,10] rank pass: 2230 pivots (col 3336/15000)
[ 12909.8s]   [4,10] rank pass: 2240 pivots (col 3347/15000)
[ 12911.9s]   [4,10] rank pass: 2251 pivots (col 3359/15000)
[ 12914.1s]   [4,10] rank pass: 2262 pivots (col 3372/15000)
[ 12916.2s]   [4,10] rank pass: 2273 pivots (col 3384/15000)
[ 12918.2s]   [4,10] rank pass: 2284 pivots (col 3406/15000)
[ 12920.2s]   [4,10] rank pass: 2295 pivots (col 3418/15000)
[ 12922.4s]   [4,10] rank pass: 2307 pivots (col 3432/15000)
[ 12924.4s]   [4,10] rank pass: 2318 pivots (col 3444/15000)
[ 12926.5s]   [4,10] rank pass: 2330 pivots (col 3457/15000)
[ 12928.7s]   [4,10] rank pass: 2343 pivots (col 3472/15000)
[ 12930.7s]   [4,10] rank pass: 2355 pivots (col 3485/15000)
[ 12932.8s]   [4,10] rank pass: 2369 pivots (col 3511/15000)
[ 12934.9s]   [4,10] rank pass: 2382 pivots (col 3525/15000)
[ 12937.0s]   [4,10] rank pass: 2396 pivots (col 3541/15000)
[ 12939.2s]   [4,10] rank pass: 2410 pivots (col 3556/15000)
[ 12941.3s]   [4,10] rank pass: 2425 pivots (col 3573/15000)
[ 12943.3s]   [4,10] rank pass: 2440 pivots (col 3589/15000)
[ 12945.4s]   [4,10] rank pass: 2456 pivots (col 3617/15000)
[ 12947.4s]   [4,10] rank pass: 2472 pivots (col 3635/15000)
[ 12949.5s]   [4,10] rank pass: 2489 pivots (col 3654/15000)
[ 12951.6s]   [4,10] rank pass: 2507 pivots (col 3674/15000)
[ 12953.7s]   [4,10] rank pass: 2527 pivots (col 3706/15000)
[ 12955.7s]   [4,10] rank pass: 2548 pivots (col 3729/15000)
[ 12957.8s]   [4,10] rank pass: 2572 pivots (col 3756/15000)
[ 12959.8s]   [4,10] rank pass: 2607 pivots (col 4005/15000)
[ 12961.9s]   [4,10] rank pass: 2621 pivots (col 4021/15000)
[ 12963.9s]   [4,10] rank pass: 2634 pivots (col 4035/15000)
[ 12966.0s]   [4,10] rank pass: 2649 pivots (col 4052/15000)
[ 12968.1s]   [4,10] rank pass: 2666 pivots (col 4071/15000)
[ 12970.2s]   [4,10] rank pass: 2684 pivots (col 4111/15000)
[ 12972.3s]   [4,10] rank pass: 2696 pivots (col 4124/15000)
[ 12974.4s]   [4,10] rank pass: 2708 pivots (col 4137/15000)
[ 12976.4s]   [4,10] rank pass: 2720 pivots (col 4151/15000)
[ 12978.5s]   [4,10] rank pass: 2732 pivots (col 4164/15000)
[ 12980.5s]   [4,10] rank pass: 2746 pivots (col 4179/15000)
[ 12982.6s]   [4,10] rank pass: 2759 pivots (col 4214/15000)
[ 12984.7s]   [4,10] rank pass: 2772 pivots (col 4228/15000)
[ 12986.8s]   [4,10] rank pass: 2785 pivots (col 4243/15000)
[ 12988.9s]   [4,10] rank pass: 2798 pivots (col 4257/15000)
[ 12991.0s]   [4,10] rank pass: 2811 pivots (col 4272/15000)
[ 12993.1s]   [4,10] rank pass: 2827 pivots (col 4309/15000)
[ 12995.3s]   [4,10] rank pass: 2841 pivots (col 4325/15000)
[ 12997.4s]   [4,10] rank pass: 2855 pivots (col 4341/15000)
[ 12999.5s]   [4,10] rank pass: 2869 pivots (col 4356/15000)
[ 13001.6s]   [4,10] rank pass: 2883 pivots (col 4372/15000)
[ 13003.7s]   [4,10] rank pass: 2900 pivots (col 4411/15000)
[ 13005.9s]   [4,10] rank pass: 2915 pivots (col 4427/15000)
[ 13008.0s]   [4,10] rank pass: 2930 pivots (col 4444/15000)
[ 13010.1s]   [4,10] rank pass: 2945 pivots (col 4461/15000)
[ 13012.2s]   [4,10] rank pass: 2961 pivots (col 4478/15000)
[ 13014.3s]   [4,10] rank pass: 2978 pivots (col 4517/15000)
[ 13016.4s]   [4,10] rank pass: 2994 pivots (col 4535/15000)
[ 13018.5s]   [4,10] rank pass: 3010 pivots (col 4553/15000)
[ 13020.6s]   [4,10] rank pass: 3026 pivots (col 4571/15000)
[ 13022.6s]   [4,10] rank pass: 3045 pivots (col 4612/15000)
[ 13024.7s]   [4,10] rank pass: 3062 pivots (col 4631/15000)
[ 13026.8s]   [4,10] rank pass: 3079 pivots (col 4649/15000)
[ 13028.8s]   [4,10] rank pass: 3096 pivots (col 4668/15000)
[ 13030.9s]   [4,10] rank pass: 3118 pivots (col 4713/15000)
[ 13033.0s]   [4,10] rank pass: 3138 pivots (col 4735/15000)
[ 13035.0s]   [4,10] rank pass: 3166 pivots (col 4766/15000)
[ 13037.1s]   [4,10] rank pass: 3202 pivots (col 5026/15000)
[ 13039.1s]   [4,10] rank pass: 3247 pivots (col 5105/15000)
[ 13041.1s]   [4,10] rank pass: 3273 pivots (col 5134/15000)
[ 13043.2s]   [4,10] rank pass: 3300 pivots (col 5164/15000)
[ 13045.2s]   [4,10] rank pass: 3328 pivots (col 5224/15000)
[ 13047.2s]   [4,10] rank pass: 3356 pivots (col 5255/15000)
[ 13049.2s]   [4,10] rank pass: 3385 pivots (col 5316/15000)
[ 13051.3s]   [4,10] rank pass: 3415 pivots (col 5349/15000)
[ 13053.4s]   [4,10] rank pass: 3446 pivots (col 5413/15000)
[ 13055.4s]   [4,10] rank pass: 3477 pivots (col 5447/15000)
[ 13057.4s]   [4,10] rank pass: 3510 pivots (col 5513/15000)
[ 13059.5s]   [4,10] rank pass: 3543 pivots (col 5549/15000)
[ 13061.5s]   [4,10] rank pass: 3578 pivots (col 5617/15000)
[ 13063.5s]   [4,10] rank pass: 3613 pivots (col 5656/15000)
[ 13065.6s]   [4,10] rank pass: 3652 pivots (col 5728/15000)
[ 13067.6s]   [4,10] rank pass: 3704 pivots (col 6015/15000)
[ 13069.6s]   [4,10] rank pass: 3728 pivots (col 6042/15000)
[ 13071.6s]   [4,10] rank pass: 3752 pivots (col 6068/15000)
[ 13073.7s]   [4,10] rank pass: 3778 pivots (col 6107/15000)
[ 13075.8s]   [4,10] rank pass: 3802 pivots (col 6134/15000)
[ 13077.8s]   [4,10] rank pass: 3826 pivots (col 6161/15000)
[ 13079.8s]   [4,10] rank pass: 3851 pivots (col 6188/15000)
[ 13081.8s]   [4,10] rank pass: 3878 pivots (col 6228/15000)
[ 13083.9s]   [4,10] rank pass: 3906 pivots (col 6259/15000)
[ 13085.9s]   [4,10] rank pass: 3936 pivots (col 6303/15000)
[ 13088.0s]   [4,10] rank pass: 3968 pivots (col 6338/15000)
[ 13090.0s]   [4,10] rank pass: 4002 pivots (col 6376/15000)
[ 13092.0s]   [4,10] rank pass: 4042 pivots (col 6431/15000)
[ 13094.0s]   [4,10] rank pass: 4085 pivots (col 6478/15000)
[ 13096.0s]   [4,10] rank pass: 4139 pivots (col 6548/15000)
[ 13098.0s]   [4,10] rank pass: 4213 pivots (col 6641/15000)
[ 13100.1s]   [4,10] rank pass: 4279 pivots (col 7014/15000)
[ 13102.2s]   [4,10] rank pass: 4296 pivots (col 7033/15000)
[ 13104.2s]   [4,10] rank pass: 4313 pivots (col 7052/15000)
[ 13106.2s]   [4,10] rank pass: 4331 pivots (col 7072/15000)
[ 13108.2s]   [4,10] rank pass: 4351 pivots (col 7114/15000)
[ 13110.2s]   [4,10] rank pass: 4369 pivots (col 7134/15000)
[ 13112.3s]   [4,10] rank pass: 4387 pivots (col 7154/15000)
[ 13114.3s]   [4,10] rank pass: 4405 pivots (col 7174/15000)
[ 13116.3s]   [4,10] rank pass: 4424 pivots (col 7215/15000)
[ 13118.3s]   [4,10] rank pass: 4443 pivots (col 7236/15000)
[ 13120.4s]   [4,10] rank pass: 4463 pivots (col 7258/15000)
[ 13122.5s]   [4,10] rank pass: 4483 pivots (col 7301/15000)
[ 13124.5s]   [4,10] rank pass: 4504 pivots (col 7324/15000)
[ 13126.6s]   [4,10] rank pass: 4525 pivots (col 7347/15000)
[ 13128.6s]   [4,10] rank pass: 4546 pivots (col 7371/15000)
[ 13130.6s]   [4,10] rank pass: 4568 pivots (col 7415/15000)
[ 13132.6s]   [4,10] rank pass: 4591 pivots (col 7441/15000)
[ 13134.7s]   [4,10] rank pass: 4614 pivots (col 7466/15000)
[ 13136.7s]   [4,10] rank pass: 4638 pivots (col 7513/15000)
[ 13138.7s]   [4,10] rank pass: 4663 pivots (col 7541/15000)
[ 13140.7s]   [4,10] rank pass: 4688 pivots (col 7568/15000)
[ 13142.8s]   [4,10] rank pass: 4715 pivots (col 7618/15000)
[ 13144.8s]   [4,10] rank pass: 4743 pivots (col 7649/15000)
[ 13146.8s]   [4,10] rank pass: 4780 pivots (col 8002/15000)
[ 13148.8s]   [4,10] rank pass: 4843 pivots (col 8101/15000)
[ 13150.8s]   [4,10] rank pass: 4892 pivots (col 8155/15000)
[ 13152.8s]   [4,10] rank pass: 4945 pivots (col 8243/15000)
[ 13154.8s]   [4,10] rank pass: 5001 pivots (col 8334/15000)
[ 13156.8s]   [4,10] rank pass: 5061 pivots (col 8429/15000)
[ 13158.8s]   [4,10] rank pass: 5126 pivots (col 8531/15000)
[ 13160.8s]   [4,10] rank pass: 5202 pivots (col 8644/15000)
[ 13162.9s]   [4,10] rank pass: 5254 pivots (col 9031/15000)
[ 13165.0s]   [4,10] rank pass: 5285 pivots (col 9065/15000)
[ 13167.0s]   [4,10] rank pass: 5318 pivots (col 9112/15000)
[ 13169.1s]   [4,10] rank pass: 5351 pivots (col 9148/15000)
[ 13171.1s]   [4,10] rank pass: 5384 pivots (col 9185/15000)
[ 13173.1s]   [4,10] rank pass: 5422 pivots (col 9237/15000)
[ 13175.1s]   [4,10] rank pass: 5461 pivots (col 9281/15000)
[ 13177.2s]   [4,10] rank pass: 5505 pivots (col 9339/15000)
[ 13179.2s]   [4,10] rank pass: 5552 pivots (col 9402/15000)
[ 13181.2s]   [4,10] rank pass: 5606 pivots (col 9462/15000)
[ 13183.2s]   [4,10] rank pass: 5668 pivots (col 9541/15000)
[ 13185.2s]   [4,10] rank pass: 5750 pivots (col 10013/15000)
[ 13187.3s]   [4,10] rank pass: 5799 pivots (col 10067/15000)
[ 13189.3s]   [4,10] rank pass: 5853 pivots (col 10147/15000)
[ 13191.3s]   [4,10] rank pass: 5911 pivots (col 10232/15000)
[ 13193.3s]   [4,10] rank pass: 5976 pivots (col 10324/15000)
[ 13195.3s]   [4,10] rank pass: 6052 pivots (col 10428/15000)
[ 13197.3s]   [4,10] rank pass: 6143 pivots (col 10549/15000)
[ 13199.3s]   [4,10] rank pass: 6274 pivots (col 11126/15000)
[ 13201.3s]   [4,10] rank pass: 6413 pivots (col 11338/15000)
[ 13203.4s]   [4,10] rank pass: 6595 pivots (col 12018/15000)
[ 13205.4s]   [4,10] rank pass: 6673 pivots (col 12115/15000)
[ 13207.4s]   [4,10] rank pass: 6755 pivots (col 12216/15000)
[ 13209.4s]   [4,10] rank pass: 6865 pivots (col 12348/15000)
[ 13211.4s]   [4,10] rank pass: 7057 pivots (col 13025/15000)
[ 13213.4s]   [4,10] rank pass: 7235 pivots (col 13263/15000)
[ 13215.4s]   [4,10] rank pass: 7686 pivots (col 14404/15000)
[ 13215.5s] rank = 7762 | SEAL 7762: HIT | G = 15*730-rank = 3188 (seal 3188: HIT, conditional on fam seal)
[ 13217.8s]   [4,10p2] level 0: 85 pivots (col 219/15000, rows 15000)
[ 13219.8s]   [4,10p2] level 0: 152 pivots (col 1115/15000, rows 15000)
[ 13221.8s]   [4,10p2] level 0: 214 pivots (col 2013/15000, rows 15000)
[ 13223.8s]   [4,10p2] level 0: 272 pivots (col 2206/15000, rows 15000)
[ 13225.8s]   [4,10p2] level 0: 328 pivots (col 3051/15000, rows 15000)
[ 13227.8s]   [4,10p2] level 0: 382 pivots (col 3219/15000, rows 15000)
[ 13229.9s]   [4,10p2] level 0: 435 pivots (col 4109/15000, rows 15000)
[ 13231.9s]   [4,10p2] level 0: 486 pivots (col 5004/15000, rows 15000)
[ 13233.9s]   [4,10p2] level 0: 538 pivots (col 5126/15000, rows 15000)
[ 13235.9s]   [4,10p2] level 0: 590 pivots (col 6022/15000, rows 15000)
[ 13237.9s]   [4,10p2] level 0: 642 pivots (col 6206/15000, rows 15000)
[ 13240.0s]   [4,10p2] level 0: 694 pivots (col 7031/15000, rows 15000)
[ 13242.0s]   [4,10p2] level 0: 747 pivots (col 8009/15000, rows 15000)
[ 13244.0s]   [4,10p2] level 0: 801 pivots (col 8161/15000, rows 15000)
[ 13246.0s]   [4,10p2] level 0: 855 pivots (col 9113/15000, rows 15000)
[ 13248.0s]   [4,10p2] level 0: 909 pivots (col 10029/15000, rows 15000)
[ 13250.1s]   [4,10p2] level 0: 964 pivots (col 11019/15000, rows 15000)
[ 13252.1s]   [4,10p2] level 0: 1018 pivots (col 12008/15000, rows 15000)
[ 13254.1s]   [4,10p2] level 0: 1074 pivots (col 13008/15000, rows 15000)
[ 13256.2s]   [4,10p2] level 0: 1131 pivots (col 14018/15000, rows 15000)
[ 13257.5s]   [4,10p2] level 0 done: 1162 divisors; residual 13838x13838
[ 13259.5s]   [4,10p2] level 1: 61 pivots (col 101/13838, rows 13838)
[ 13261.5s]   [4,10p2] level 1: 122 pivots (col 228/13838, rows 13838)
[ 13263.5s]   [4,10p2] level 1: 183 pivots (col 324/13838, rows 13838)
[ 13265.6s]   [4,10p2] level 1: 245 pivots (col 421/13838, rows 13838)
[ 13267.6s]   [4,10p2] level 1: 306 pivots (col 917/13838, rows 13838)
[ 13269.6s]   [4,10p2] level 1: 365 pivots (col 1047/13838, rows 13838)
[ 13271.6s]   [4,10p2] level 1: 425 pivots (col 1143/13838, rows 13838)
[ 13273.6s]   [4,10p2] level 1: 485 pivots (col 1239/13838, rows 13838)
[ 13275.7s]   [4,10p2] level 1: 545 pivots (col 1399/13838, rows 13838)
[ 13277.7s]   [4,10p2] level 1: 606 pivots (col 1834/13838, rows 13838)
[ 13279.7s]   [4,10p2] level 1: 667 pivots (col 1967/13838, rows 13838)
[ 13281.7s]   [4,10p2] level 1: 729 pivots (col 2065/13838, rows 13838)
[ 13283.7s]   [4,10p2] level 1: 791 pivots (col 2163/13838, rows 13838)
[ 13285.8s]   [4,10p2] level 1: 854 pivots (col 2326/13838, rows 13838)
[ 13287.8s]   [4,10p2] level 1: 917 pivots (col 2795/13838, rows 13838)
[ 13289.8s]   [4,10p2] level 1: 980 pivots (col 2924/13838, rows 13838)
[ 13291.8s]   [4,10p2] level 1: 1044 pivots (col 3023/13838, rows 13838)
[ 13293.8s]   [4,10p2] level 1: 1108 pivots (col 3122/13838, rows 13838)
[ 13295.8s]   [4,10p2] level 1: 1172 pivots (col 3631/13838, rows 13838)
[ 13297.9s]   [4,10p2] level 1: 1236 pivots (col 3766/13838, rows 13838)
[ 13299.9s]   [4,10p2] level 1: 1300 pivots (col 3866/13838, rows 13838)
[ 13301.9s]   [4,10p2] level 1: 1364 pivots (col 3966/13838, rows 13838)
[ 13303.9s]   [4,10p2] level 1: 1428 pivots (col 4131/13838, rows 13838)
[ 13305.9s]   [4,10p2] level 1: 1490 pivots (col 4609/13838, rows 13838)
[ 13307.9s]   [4,10p2] level 1: 1552 pivots (col 4738/13838, rows 13838)
[ 13309.9s]   [4,10p2] level 1: 1615 pivots (col 4837/13838, rows 13838)
[ 13312.0s]   [4,10p2] level 1: 1679 pivots (col 4937/13838, rows 13838)
[ 13314.0s]   [4,10p2] level 1: 1743 pivots (col 5449/13838, rows 13838)
[ 13316.0s]   [4,10p2] level 1: 1808 pivots (col 5583/13838, rows 13838)
[ 13318.0s]   [4,10p2] level 1: 1873 pivots (col 5684/13838, rows 13838)
[ 13320.0s]   [4,10p2] level 1: 1938 pivots (col 5784/13838, rows 13838)
[ 13322.1s]   [4,10p2] level 1: 2004 pivots (col 5949/13838, rows 13838)
[ 13324.1s]   [4,10p2] level 1: 2070 pivots (col 6429/13838, rows 13838)
[ 13326.1s]   [4,10p2] level 1: 2137 pivots (col 6563/13838, rows 13838)
[ 13328.1s]   [4,10p2] level 1: 2204 pivots (col 6666/13838, rows 13838)
[ 13330.1s]   [4,10p2] level 1: 2272 pivots (col 6770/13838, rows 13838)
[ 13332.1s]   [4,10p2] level 1: 2340 pivots (col 7296/13838, rows 13838)
[ 13334.1s]   [4,10p2] level 1: 2409 pivots (col 7435/13838, rows 13838)
[ 13336.1s]   [4,10p2] level 1: 2479 pivots (col 7542/13838, rows 13838)
[ 13338.1s]   [4,10p2] level 1: 2549 pivots (col 7648/13838, rows 13838)
[ 13340.2s]   [4,10p2] level 1: 2620 pivots (col 8215/13838, rows 13838)
[ 13342.2s]   [4,10p2] level 1: 2692 pivots (col 8355/13838, rows 13838)
[ 13344.2s]   [4,10p2] level 1: 2764 pivots (col 8463/13838, rows 13838)
[ 13346.2s]   [4,10p2] level 1: 2837 pivots (col 8572/13838, rows 13838)
[ 13348.2s]   [4,10p2] level 1: 2910 pivots (col 9127/13838, rows 13838)
[ 13350.2s]   [4,10p2] level 1: 2984 pivots (col 9271/13838, rows 13838)
[ 13352.2s]   [4,10p2] level 1: 3056 pivots (col 9380/13838, rows 13838)
[ 13354.2s]   [4,10p2] level 1: 3131 pivots (col 9492/13838, rows 13838)
[ 13356.3s]   [4,10p2] level 1: 3206 pivots (col 10063/13838, rows 13838)
[ 13358.3s]   [4,10p2] level 1: 3281 pivots (col 10208/13838, rows 13838)
[ 13360.3s]   [4,10p2] level 1: 3356 pivots (col 10321/13838, rows 13838)
[ 13362.3s]   [4,10p2] level 1: 3430 pivots (col 10432/13838, rows 13838)
[ 13364.3s]   [4,10p2] level 1: 3505 pivots (col 11012/13838, rows 13838)
[ 13366.4s]   [4,10p2] level 1: 3581 pivots (col 11154/13838, rows 13838)
[ 13368.4s]   [4,10p2] level 1: 3657 pivots (col 11266/13838, rows 13838)
[ 13370.4s]   [4,10p2] level 1: 3733 pivots (col 11379/13838, rows 13838)
[ 13372.4s]   [4,10p2] level 1: 3809 pivots (col 11938/13838, rows 13838)
[ 13374.4s]   [4,10p2] level 1: 3886 pivots (col 12054/13838, rows 13838)
[ 13376.4s]   [4,10p2] level 1: 3963 pivots (col 12198/13838, rows 13838)
[ 13378.5s]   [4,10p2] level 1: 4041 pivots (col 12313/13838, rows 13838)
[ 13380.5s]   [4,10p2] level 1: 4119 pivots (col 12896/13838, rows 13838)
[ 13382.5s]   [4,10p2] level 1: 4198 pivots (col 13044/13838, rows 13838)
[ 13384.5s]   [4,10p2] level 1: 4277 pivots (col 13161/13838, rows 13838)
[ 13386.5s]   [4,10p2] level 1: 4357 pivots (col 13279/13838, rows 13838)
[ 13387.8s]   [4,10p2] level 1 done: 4400 divisors; residual 9438x9438
[ 13389.8s]   [4,10p2] level 2: 121 pivots (col 650/9438, rows 9438)
[ 13391.8s]   [4,10p2] level 2: 236 pivots (col 1642/9438, rows 9438)
[ 13393.8s]   [4,10p2] level 2: 353 pivots (col 2462/9438, rows 9438)
[ 13395.8s]   [4,10p2] level 2: 471 pivots (col 3725/9438, rows 9438)
[ 13397.8s]   [4,10p2] level 2: 588 pivots (col 5601/9438, rows 9438)
[ 13399.5s]   [4,10p2] level 2 done: 680 divisors; residual 8758x8758
[ 13401.5s]   [4,10p2] level 3: 138 pivots (col 274/8758, rows 8758)
[ 13403.5s]   [4,10p2] level 3: 274 pivots (col 691/8758, rows 8758)
[ 13405.5s]   [4,10p2] level 3: 407 pivots (col 1212/8758, rows 8758)
[ 13407.5s]   [4,10p2] level 3: 542 pivots (col 1653/8758, rows 8758)
[ 13409.5s]   [4,10p2] level 3: 680 pivots (col 1864/8758, rows 8758)
[ 13411.5s]   [4,10p2] level 3: 821 pivots (col 2420/8758, rows 8758)
[ 13413.5s]   [4,10p2] level 3: 966 pivots (col 3360/8758, rows 8758)
[ 13415.5s]   [4,10p2] level 3: 1113 pivots (col 3993/8758, rows 8758)
[ 13417.5s]   [4,10p2] level 3: 1260 pivots (col 5099/8758, rows 8758)
[ 13419.5s]   [4,10p2] level 3: 1416 pivots (col 6415/8758, rows 8758)
[ 13420.9s]   [4,10p2] level 3 done: 1520 divisors; residual 7238x7238
[ 13421.0s]   [4,10p2] level 4 done: 0 divisors; residual 7238x7238
[ 13421.2s]   [4,10p2] level 5 done: 0 divisors; residual 7238x7238
[ 13421.3s]   [4,10p2] level 6 done: 0 divisors; residual 7238x7238
[ 13421.5s]   [4,10p2] level 7 done: 0 divisors; residual 7238x7238
[ 13421.6s]   [4,10p2] level 8 done: 0 divisors; residual 7238x7238
[ 13421.8s]   [4,10p2] level 9 done: 0 divisors; residual 7238x7238
[ 13421.9s]   [4,10p2] level 10 done: 0 divisors; residual 7238x7238
[ 13422.1s]   [4,10p2] level 11 done: 0 divisors; residual 7238x7238
[ 13422.2s]   [4,10p2] level 12 done: 0 divisors; residual 7238x7238
[ 13422.4s]   [4,10p2] level 13 done: 0 divisors; residual 7238x7238
[ 13422.5s]   [4,10p2] level 14 done: 0 divisors; residual 7238x7238
[ 13422.7s]   [4,10p2] level 15 done: 0 divisors; residual 7238x7238
[ 13422.8s]   [4,10p2] level 16 done: 0 divisors; residual 7238x7238
[ 13422.9s]   [4,10p2] level 17 done: 0 divisors; residual 7238x7238
[ 13423.1s]   [4,10p2] level 18 done: 0 divisors; residual 7238x7238
[ 13423.2s]   [4,10p2] level 19 done: 0 divisors; residual 7238x7238
[ 13425.5s]   [4,10p5] level 0: 18 pivots (col 18/15000, rows 15000)
[ 13427.7s]   [4,10p5] level 0: 34 pivots (col 102/15000, rows 15000)
[ 13429.9s]   [4,10p5] level 0: 46 pivots (col 115/15000, rows 15000)
[ 13432.5s]   [4,10p5] level 0: 51 pivots (col 122/15000, rows 15000)
[ 13434.5s]   [4,10p5] level 0: 54 pivots (col 125/15000, rows 15000)
[ 13437.0s]   [4,10p5] level 0: 58 pivots (col 151/15000, rows 15000)
[ 13439.3s]   [4,10p5] level 0: 62 pivots (col 201/15000, rows 15000)
[ 13441.3s]   [4,10p5] level 0: 65 pivots (col 204/15000, rows 15000)
[ 13443.8s]   [4,10p5] level 0: 69 pivots (col 211/15000, rows 15000)
[ 13446.3s]   [4,10p5] level 0: 73 pivots (col 215/15000, rows 15000)
[ 13448.6s]   [4,10p5] level 0: 77 pivots (col 223/15000, rows 15000)
[ 13450.7s]   [4,10p5] level 0: 81 pivots (col 251/15000, rows 15000)
[ 13453.3s]   [4,10p5] level 0: 89 pivots (col 1001/15000, rows 15000)
[ 13455.9s]   [4,10p5] level 0: 93 pivots (col 1005/15000, rows 15000)
[ 13457.9s]   [4,10p5] level 0: 96 pivots (col 1008/15000, rows 15000)
[ 13460.0s]   [4,10p5] level 0: 99 pivots (col 1012/15000, rows 15000)
[ 13462.0s]   [4,10p5] level 0: 102 pivots (col 1015/15000, rows 15000)
[ 13464.0s]   [4,10p5] level 0: 105 pivots (col 1018/15000, rows 15000)
[ 13466.7s]   [4,10p5] level 0: 109 pivots (col 1024/15000, rows 15000)
[ 13469.2s]   [4,10p5] level 0: 113 pivots (col 1061/15000, rows 15000)
[ 13471.5s]   [4,10p5] level 0: 116 pivots (col 1102/15000, rows 15000)
[ 13474.3s]   [4,10p5] level 0: 119 pivots (col 1105/15000, rows 15000)
[ 13476.5s]   [4,10p5] level 0: 122 pivots (col 1108/15000, rows 15000)
[ 13479.4s]   [4,10p5] level 0: 125 pivots (col 1112/15000, rows 15000)
[ 13482.1s]   [4,10p5] level 0: 128 pivots (col 1115/15000, rows 15000)
[ 13484.9s]   [4,10p5] level 0: 131 pivots (col 1118/15000, rows 15000)
[ 13487.6s]   [4,10p5] level 0: 134 pivots (col 1123/15000, rows 15000)
[ 13490.3s]   [4,10p5] level 0: 137 pivots (col 1141/15000, rows 15000)
[ 13493.0s]   [4,10p5] level 0: 140 pivots (col 1171/15000, rows 15000)
[ 13495.7s]   [4,10p5] level 0: 143 pivots (col 1203/15000, rows 15000)
[ 13498.4s]   [4,10p5] level 0: 146 pivots (col 1206/15000, rows 15000)
[ 13501.1s]   [4,10p5] level 0: 149 pivots (col 1212/15000, rows 15000)
[ 13503.8s]   [4,10p5] level 0: 152 pivots (col 1215/15000, rows 15000)
[ 13506.5s]   [4,10p5] level 0: 155 pivots (col 1223/15000, rows 15000)
[ 13509.2s]   [4,10p5] level 0: 158 pivots (col 1241/15000, rows 15000)
[ 13511.9s]   [4,10p5] level 0: 161 pivots (col 2001/15000, rows 15000)
[ 13514.8s]   [4,10p5] level 0: 164 pivots (col 2004/15000, rows 15000)
[ 13517.6s]   [4,10p5] level 0: 167 pivots (col 2007/15000, rows 15000)
[ 13520.5s]   [4,10p5] level 0: 170 pivots (col 2012/15000, rows 15000)
[ 13523.4s]   [4,10p5] level 0: 173 pivots (col 2015/15000, rows 15000)
[ 13526.2s]   [4,10p5] level 0: 176 pivots (col 2022/15000, rows 15000)
[ 13529.1s]   [4,10p5] level 0: 179 pivots (col 2031/15000, rows 15000)
[ 13531.9s]   [4,10p5] level 0: 182 pivots (col 2061/15000, rows 15000)
[ 13534.8s]   [4,10p5] level 0: 185 pivots (col 2103/15000, rows 15000)
[ 13537.6s]   [4,10p5] level 0: 188 pivots (col 2106/15000, rows 15000)
[ 13540.5s]   [4,10p5] level 0: 191 pivots (col 2111/15000, rows 15000)
[ 13543.3s]   [4,10p5] level 0: 194 pivots (col 2114/15000, rows 15000)
[ 13546.2s]   [4,10p5] level 0: 197 pivots (col 2122/15000, rows 15000)
[ 13549.0s]   [4,10p5] level 0: 200 pivots (col 2131/15000, rows 15000)
[ 13551.8s]   [4,10p5] level 0: 203 pivots (col 2161/15000, rows 15000)
[ 13554.7s]   [4,10p5] level 0: 206 pivots (col 2203/15000, rows 15000)
[ 13557.5s]   [4,10p5] level 0: 209 pivots (col 2206/15000, rows 15000)
[ 13560.3s]   [4,10p5] level 0: 212 pivots (col 2212/15000, rows 15000)
[ 13563.1s]   [4,10p5] level 0: 215 pivots (col 2215/15000, rows 15000)
[ 13565.9s]   [4,10p5] level 0: 218 pivots (col 2223/15000, rows 15000)
[ 13568.7s]   [4,10p5] level 0: 221 pivots (col 2241/15000, rows 15000)
[ 13571.5s]   [4,10p5] level 0: 224 pivots (col 3002/15000, rows 15000)
[ 13574.5s]   [4,10p5] level 0: 227 pivots (col 3005/15000, rows 15000)
[ 13577.5s]   [4,10p5] level 0: 230 pivots (col 3008/15000, rows 15000)
[ 13580.5s]   [4,10p5] level 0: 233 pivots (col 3012/15000, rows 15000)
[ 13582.5s]   [4,10p5] level 0: 235 pivots (col 3014/15000, rows 15000)
[ 13584.6s]   [4,10p5] level 0: 237 pivots (col 3016/15000, rows 15000)
[ 13587.6s]   [4,10p5] level 0: 240 pivots (col 3021/15000, rows 15000)
[ 13590.6s]   [4,10p5] level 0: 243 pivots (col 3024/15000, rows 15000)
[ 13592.6s]   [4,10p5] level 0: 245 pivots (col 3026/15000, rows 15000)
[ 13594.6s]   [4,10p5] level 0: 247 pivots (col 3041/15000, rows 15000)
[ 13597.6s]   [4,10p5] level 0: 250 pivots (col 3071/15000, rows 15000)
[ 13600.6s]   [4,10p5] level 0: 253 pivots (col 3102/15000, rows 15000)
[ 13603.6s]   [4,10p5] level 0: 256 pivots (col 3105/15000, rows 15000)
[ 13606.6s]   [4,10p5] level 0: 259 pivots (col 3108/15000, rows 15000)
[ 13609.5s]   [4,10p5] level 0: 262 pivots (col 3113/15000, rows 15000)
[ 13611.6s]   [4,10p5] level 0: 264 pivots (col 3115/15000, rows 15000)
[ 13614.5s]   [4,10p5] level 0: 267 pivots (col 3122/15000, rows 15000)
[ 13617.5s]   [4,10p5] level 0: 270 pivots (col 3125/15000, rows 15000)
[ 13620.6s]   [4,10p5] level 0: 273 pivots (col 3151/15000, rows 15000)
[ 13622.6s]   [4,10p5] level 0: 275 pivots (col 3171/15000, rows 15000)
[ 13625.6s]   [4,10p5] level 0: 278 pivots (col 3203/15000, rows 15000)
[ 13628.6s]   [4,10p5] level 0: 281 pivots (col 3206/15000, rows 15000)
[ 13631.6s]   [4,10p5] level 0: 284 pivots (col 3213/15000, rows 15000)
[ 13634.6s]   [4,10p5] level 0: 287 pivots (col 3301/15000, rows 15000)
[ 13636.6s]   [4,10p5] level 0: 289 pivots (col 3501/15000, rows 15000)
[ 13638.6s]   [4,10p5] level 0: 291 pivots (col 3701/15000, rows 15000)
[ 13640.6s]   [4,10p5] level 0: 293 pivots (col 4002/15000, rows 15000)
[ 13642.6s]   [4,10p5] level 0: 295 pivots (col 4004/15000, rows 15000)
[ 13644.6s]   [4,10p5] level 0: 297 pivots (col 4006/15000, rows 15000)
[ 13646.7s]   [4,10p5] level 0: 299 pivots (col 4008/15000, rows 15000)
[ 13648.7s]   [4,10p5] level 0: 301 pivots (col 4011/15000, rows 15000)
[ 13650.7s]   [4,10p5] level 0: 303 pivots (col 4013/15000, rows 15000)
[ 13652.7s]   [4,10p5] level 0: 305 pivots (col 4015/15000, rows 15000)
[ 13654.7s]   [4,10p5] level 0: 307 pivots (col 4017/15000, rows 15000)
[ 13656.7s]   [4,10p5] level 0: 309 pivots (col 4021/15000, rows 15000)
[ 13658.7s]   [4,10p5] level 0: 311 pivots (col 4023/15000, rows 15000)
[ 13660.7s]   [4,10p5] level 0: 313 pivots (col 4031/15000, rows 15000)
[ 13662.7s]   [4,10p5] level 0: 315 pivots (col 4051/15000, rows 15000)
[ 13664.8s]   [4,10p5] level 0: 317 pivots (col 4071/15000, rows 15000)
[ 13666.8s]   [4,10p5] level 0: 319 pivots (col 4102/15000, rows 15000)
[ 13668.8s]   [4,10p5] level 0: 321 pivots (col 4104/15000, rows 15000)
[ 13670.8s]   [4,10p5] level 0: 323 pivots (col 4106/15000, rows 15000)
[ 13672.8s]   [4,10p5] level 0: 325 pivots (col 4108/15000, rows 15000)
[ 13674.8s]   [4,10p5] level 0: 327 pivots (col 4112/15000, rows 15000)
[ 13676.8s]   [4,10p5] level 0: 329 pivots (col 4114/15000, rows 15000)
[ 13678.8s]   [4,10p5] level 0: 331 pivots (col 4116/15000, rows 15000)
[ 13680.8s]   [4,10p5] level 0: 333 pivots (col 4122/15000, rows 15000)
[ 13682.8s]   [4,10p5] level 0: 335 pivots (col 4124/15000, rows 15000)
[ 13684.8s]   [4,10p5] level 0: 337 pivots (col 4141/15000, rows 15000)
[ 13686.8s]   [4,10p5] level 0: 339 pivots (col 4161/15000, rows 15000)
[ 13688.8s]   [4,10p5] level 0: 341 pivots (col 4202/15000, rows 15000)
[ 13690.8s]   [4,10p5] level 0: 343 pivots (col 4204/15000, rows 15000)
[ 13692.9s]   [4,10p5] level 0: 345 pivots (col 4206/15000, rows 15000)
[ 13694.9s]   [4,10p5] level 0: 347 pivots (col 4212/15000, rows 15000)
[ 13696.9s]   [4,10p5] level 0: 349 pivots (col 4221/15000, rows 15000)
[ 13698.9s]   [4,10p5] level 0: 351 pivots (col 5001/15000, rows 15000)
[ 13700.9s]   [4,10p5] level 0: 353 pivots (col 5003/15000, rows 15000)
[ 13703.9s]   [4,10p5] level 0: 356 pivots (col 5006/15000, rows 15000)
[ 13705.9s]   [4,10p5] level 0: 358 pivots (col 5008/15000, rows 15000)
[ 13708.9s]   [4,10p5] level 0: 361 pivots (col 5013/15000, rows 15000)
[ 13711.9s]   [4,10p5] level 0: 364 pivots (col 5016/15000, rows 15000)
[ 13714.9s]   [4,10p5] level 0: 367 pivots (col 5023/15000, rows 15000)
[ 13717.9s]   [4,10p5] level 0: 370 pivots (col 5041/15000, rows 15000)
[ 13720.9s]   [4,10p5] level 0: 373 pivots (col 5101/15000, rows 15000)
[ 13723.9s]   [4,10p5] level 0: 376 pivots (col 5104/15000, rows 15000)
[ 13726.9s]   [4,10p5] level 0: 379 pivots (col 5107/15000, rows 15000)
[ 13729.9s]   [4,10p5] level 0: 382 pivots (col 5113/15000, rows 15000)
[ 13731.9s]   [4,10p5] level 0: 384 pivots (col 5115/15000, rows 15000)
[ 13734.9s]   [4,10p5] level 0: 387 pivots (col 5123/15000, rows 15000)
[ 13737.9s]   [4,10p5] level 0: 390 pivots (col 5141/15000, rows 15000)
[ 13740.9s]   [4,10p5] level 0: 393 pivots (col 5201/15000, rows 15000)
[ 13743.9s]   [4,10p5] level 0: 396 pivots (col 5204/15000, rows 15000)
[ 13746.9s]   [4,10p5] level 0: 399 pivots (col 5212/15000, rows 15000)
[ 13749.8s]   [4,10p5] level 0: 402 pivots (col 5231/15000, rows 15000)
[ 13751.9s]   [4,10p5] level 0: 404 pivots (col 6002/15000, rows 15000)
[ 13754.9s]   [4,10p5] level 0: 407 pivots (col 6005/15000, rows 15000)
[ 13757.8s]   [4,10p5] level 0: 410 pivots (col 6008/15000, rows 15000)
[ 13760.8s]   [4,10p5] level 0: 413 pivots (col 6013/15000, rows 15000)
[ 13763.8s]   [4,10p5] level 0: 416 pivots (col 6016/15000, rows 15000)
[ 13766.8s]   [4,10p5] level 0: 419 pivots (col 6022/15000, rows 15000)
[ 13769.8s]   [4,10p5] level 0: 422 pivots (col 6025/15000, rows 15000)
[ 13771.8s]   [4,10p5] level 0: 424 pivots (col 6041/15000, rows 15000)
[ 13774.8s]   [4,10p5] level 0: 427 pivots (col 6071/15000, rows 15000)
[ 13777.8s]   [4,10p5] level 0: 430 pivots (col 6103/15000, rows 15000)
[ 13780.8s]   [4,10p5] level 0: 433 pivots (col 6106/15000, rows 15000)
[ 13783.8s]   [4,10p5] level 0: 436 pivots (col 6113/15000, rows 15000)
[ 13786.8s]   [4,10p5] level 0: 439 pivots (col 6121/15000, rows 15000)
[ 13789.8s]   [4,10p5] level 0: 442 pivots (col 6124/15000, rows 15000)
[ 13792.8s]   [4,10p5] level 0: 445 pivots (col 6151/15000, rows 15000)
[ 13795.7s]   [4,10p5] level 0: 448 pivots (col 6203/15000, rows 15000)
[ 13798.7s]   [4,10p5] level 0: 451 pivots (col 6212/15000, rows 15000)
[ 13801.7s]   [4,10p5] level 0: 454 pivots (col 6231/15000, rows 15000)
[ 13804.7s]   [4,10p5] level 0: 457 pivots (col 6501/15000, rows 15000)
[ 13806.7s]   [4,10p5] level 0: 459 pivots (col 7001/15000, rows 15000)
[ 13809.7s]   [4,10p5] level 0: 462 pivots (col 7004/15000, rows 15000)
[ 13812.7s]   [4,10p5] level 0: 465 pivots (col 7007/15000, rows 15000)
[ 13815.6s]   [4,10p5] level 0: 468 pivots (col 7011/15000, rows 15000)
[ 13818.6s]   [4,10p5] level 0: 471 pivots (col 7014/15000, rows 15000)
[ 13821.6s]   [4,10p5] level 0: 474 pivots (col 7017/15000, rows 15000)
[ 13824.6s]   [4,10p5] level 0: 477 pivots (col 7022/15000, rows 15000)
[ 13827.5s]   [4,10p5] level 0: 480 pivots (col 7031/15000, rows 15000)
[ 13830.5s]   [4,10p5] level 0: 483 pivots (col 7061/15000, rows 15000)
[ 13833.5s]   [4,10p5] level 0: 486 pivots (col 7102/15000, rows 15000)
[ 13836.5s]   [4,10p5] level 0: 489 pivots (col 7105/15000, rows 15000)
[ 13839.4s]   [4,10p5] level 0: 492 pivots (col 7108/15000, rows 15000)
[ 13842.4s]   [4,10p5] level 0: 495 pivots (col 7113/15000, rows 15000)
[ 13845.4s]   [4,10p5] level 0: 498 pivots (col 7122/15000, rows 15000)
[ 13848.4s]   [4,10p5] level 0: 501 pivots (col 7131/15000, rows 15000)
[ 13851.3s]   [4,10p5] level 0: 504 pivots (col 7202/15000, rows 15000)
[ 13854.3s]   [4,10p5] level 0: 507 pivots (col 7211/15000, rows 15000)
[ 13856.3s]   [4,10p5] level 0: 509 pivots (col 8001/15000, rows 15000)
[ 13859.3s]   [4,10p5] level 0: 512 pivots (col 8004/15000, rows 15000)
[ 13862.2s]   [4,10p5] level 0: 515 pivots (col 8007/15000, rows 15000)
[ 13865.2s]   [4,10p5] level 0: 518 pivots (col 8012/15000, rows 15000)
[ 13868.2s]   [4,10p5] level 0: 521 pivots (col 8015/15000, rows 15000)
[ 13871.1s]   [4,10p5] level 0: 524 pivots (col 8022/15000, rows 15000)
[ 13874.1s]   [4,10p5] level 0: 527 pivots (col 8031/15000, rows 15000)
[ 13877.0s]   [4,10p5] level 0: 530 pivots (col 8061/15000, rows 15000)
[ 13880.0s]   [4,10p5] level 0: 533 pivots (col 8103/15000, rows 15000)
[ 13883.0s]   [4,10p5] level 0: 536 pivots (col 8106/15000, rows 15000)
[ 13885.9s]   [4,10p5] level 0: 539 pivots (col 8112/15000, rows 15000)
[ 13888.9s]   [4,10p5] level 0: 542 pivots (col 8121/15000, rows 15000)
[ 13891.8s]   [4,10p5] level 0: 545 pivots (col 8124/15000, rows 15000)
[ 13894.8s]   [4,10p5] level 0: 548 pivots (col 8201/15000, rows 15000)
[ 13897.7s]   [4,10p5] level 0: 551 pivots (col 8211/15000, rows 15000)
[ 13900.7s]   [4,10p5] level 0: 554 pivots (col 9003/15000, rows 15000)
[ 13903.7s]   [4,10p5] level 0: 557 pivots (col 9006/15000, rows 15000)
[ 13906.6s]   [4,10p5] level 0: 560 pivots (col 9011/15000, rows 15000)
[ 13909.6s]   [4,10p5] level 0: 563 pivots (col 9014/15000, rows 15000)
[ 13912.5s]   [4,10p5] level 0: 566 pivots (col 9017/15000, rows 15000)
[ 13915.5s]   [4,10p5] level 0: 569 pivots (col 9023/15000, rows 15000)
[ 13918.4s]   [4,10p5] level 0: 572 pivots (col 9031/15000, rows 15000)
[ 13921.3s]   [4,10p5] level 0: 575 pivots (col 9061/15000, rows 15000)
[ 13924.3s]   [4,10p5] level 0: 578 pivots (col 9103/15000, rows 15000)
[ 13927.2s]   [4,10p5] level 0: 581 pivots (col 9111/15000, rows 15000)
[ 13930.2s]   [4,10p5] level 0: 584 pivots (col 9114/15000, rows 15000)
[ 13933.1s]   [4,10p5] level 0: 587 pivots (col 9123/15000, rows 15000)
[ 13936.1s]   [4,10p5] level 0: 590 pivots (col 9201/15000, rows 15000)
[ 13939.0s]   [4,10p5] level 0: 593 pivots (col 9204/15000, rows 15000)
[ 13941.9s]   [4,10p5] level 0: 596 pivots (col 9301/15000, rows 15000)
[ 13944.9s]   [4,10p5] level 0: 599 pivots (col 9601/15000, rows 15000)
[ 13947.8s]   [4,10p5] level 0: 602 pivots (col 10003/15000, rows 15000)
[ 13950.8s]   [4,10p5] level 0: 605 pivots (col 10006/15000, rows 15000)
[ 13953.7s]   [4,10p5] level 0: 608 pivots (col 10011/15000, rows 15000)
[ 13956.7s]   [4,10p5] level 0: 611 pivots (col 10014/15000, rows 15000)
[ 13959.6s]   [4,10p5] level 0: 614 pivots (col 10017/15000, rows 15000)
[ 13962.5s]   [4,10p5] level 0: 617 pivots (col 10023/15000, rows 15000)
[ 13965.4s]   [4,10p5] level 0: 620 pivots (col 10041/15000, rows 15000)
[ 13968.4s]   [4,10p5] level 0: 623 pivots (col 10102/15000, rows 15000)
[ 13971.3s]   [4,10p5] level 0: 626 pivots (col 10105/15000, rows 15000)
[ 13974.2s]   [4,10p5] level 0: 629 pivots (col 10113/15000, rows 15000)
[ 13977.2s]   [4,10p5] level 0: 632 pivots (col 10122/15000, rows 15000)
[ 13980.1s]   [4,10p5] level 0: 635 pivots (col 10131/15000, rows 15000)
[ 13983.0s]   [4,10p5] level 0: 638 pivots (col 10203/15000, rows 15000)
[ 13986.0s]   [4,10p5] level 0: 641 pivots (col 11002/15000, rows 15000)
[ 13988.9s]   [4,10p5] level 0: 644 pivots (col 11005/15000, rows 15000)
[ 13991.8s]   [4,10p5] level 0: 647 pivots (col 11011/15000, rows 15000)
[ 13994.8s]   [4,10p5] level 0: 650 pivots (col 11014/15000, rows 15000)
[ 13997.7s]   [4,10p5] level 0: 653 pivots (col 11022/15000, rows 15000)
[ 14000.6s]   [4,10p5] level 0: 656 pivots (col 11031/15000, rows 15000)
[ 14003.5s]   [4,10p5] level 0: 659 pivots (col 11061/15000, rows 15000)
[ 14006.5s]   [4,10p5] level 0: 662 pivots (col 11103/15000, rows 15000)
[ 14009.4s]   [4,10p5] level 0: 665 pivots (col 11111/15000, rows 15000)
[ 14012.3s]   [4,10p5] level 0: 668 pivots (col 11114/15000, rows 15000)
[ 14015.2s]   [4,10p5] level 0: 671 pivots (col 11123/15000, rows 15000)
[ 14018.1s]   [4,10p5] level 0: 674 pivots (col 11202/15000, rows 15000)
[ 14021.1s]   [4,10p5] level 0: 677 pivots (col 12002/15000, rows 15000)
[ 14024.0s]   [4,10p5] level 0: 680 pivots (col 12005/15000, rows 15000)
[ 14026.9s]   [4,10p5] level 0: 683 pivots (col 12008/15000, rows 15000)
[ 14029.8s]   [4,10p5] level 0: 686 pivots (col 12013/15000, rows 15000)
[ 14032.7s]   [4,10p5] level 0: 689 pivots (col 12016/15000, rows 15000)
[ 14035.6s]   [4,10p5] level 0: 692 pivots (col 12023/15000, rows 15000)
[ 14038.5s]   [4,10p5] level 0: 695 pivots (col 12031/15000, rows 15000)
[ 14041.4s]   [4,10p5] level 0: 698 pivots (col 12101/15000, rows 15000)
[ 14044.3s]   [4,10p5] level 0: 701 pivots (col 12104/15000, rows 15000)
[ 14047.2s]   [4,10p5] level 0: 704 pivots (col 12113/15000, rows 15000)
[ 14050.1s]   [4,10p5] level 0: 707 pivots (col 12122/15000, rows 15000)
[ 14053.0s]   [4,10p5] level 0: 710 pivots (col 12201/15000, rows 15000)
[ 14055.9s]   [4,10p5] level 0: 713 pivots (col 12204/15000, rows 15000)
[ 14058.8s]   [4,10p5] level 0: 716 pivots (col 12401/15000, rows 15000)
[ 14061.8s]   [4,10p5] level 0: 719 pivots (col 13001/15000, rows 15000)
[ 14064.7s]   [4,10p5] level 0: 722 pivots (col 13004/15000, rows 15000)
[ 14067.5s]   [4,10p5] level 0: 725 pivots (col 13007/15000, rows 15000)
[ 14070.4s]   [4,10p5] level 0: 728 pivots (col 13012/15000, rows 15000)
[ 14073.3s]   [4,10p5] level 0: 731 pivots (col 13015/15000, rows 15000)
[ 14076.2s]   [4,10p5] level 0: 734 pivots (col 13023/15000, rows 15000)
[ 14079.1s]   [4,10p5] level 0: 737 pivots (col 13041/15000, rows 15000)
[ 14082.0s]   [4,10p5] level 0: 740 pivots (col 13103/15000, rows 15000)
[ 14084.9s]   [4,10p5] level 0: 743 pivots (col 13112/15000, rows 15000)
[ 14087.8s]   [4,10p5] level 0: 746 pivots (col 13121/15000, rows 15000)
[ 14090.7s]   [4,10p5] level 0: 749 pivots (col 13131/15000, rows 15000)
[ 14093.6s]   [4,10p5] level 0: 752 pivots (col 13211/15000, rows 15000)
[ 14096.5s]   [4,10p5] level 0: 755 pivots (col 14003/15000, rows 15000)
[ 14099.4s]   [4,10p5] level 0: 758 pivots (col 14011/15000, rows 15000)
[ 14102.3s]   [4,10p5] level 0: 761 pivots (col 14014/15000, rows 15000)
[ 14105.2s]   [4,10p5] level 0: 764 pivots (col 14022/15000, rows 15000)
[ 14108.1s]   [4,10p5] level 0: 767 pivots (col 14031/15000, rows 15000)
[ 14111.0s]   [4,10p5] level 0: 770 pivots (col 14103/15000, rows 15000)
[ 14113.8s]   [4,10p5] level 0: 773 pivots (col 14112/15000, rows 15000)
[ 14116.7s]   [4,10p5] level 0: 776 pivots (col 14121/15000, rows 15000)
[ 14119.6s]   [4,10p5] level 0: 779 pivots (col 14201/15000, rows 15000)
[ 14122.1s]   [4,10p5] level 0 done: 781 divisors; residual 14219x14219
[ 14124.3s]   [4,10p5] level 1: 3 pivots (col 5/14219, rows 14219)
[ 14127.1s]   [4,10p5] level 1: 6 pivots (col 8/14219, rows 14219)
[ 14129.8s]   [4,10p5] level 1: 9 pivots (col 11/14219, rows 14219)
[ 14132.7s]   [4,10p5] level 1: 12 pivots (col 15/14219, rows 14219)
[ 14135.4s]   [4,10p5] level 1: 15 pivots (col 18/14219, rows 14219)
[ 14138.2s]   [4,10p5] level 1: 18 pivots (col 21/14219, rows 14219)
[ 14141.0s]   [4,10p5] level 1: 21 pivots (col 25/14219, rows 14219)
[ 14143.8s]   [4,10p5] level 1: 24 pivots (col 28/14219, rows 14219)
[ 14146.6s]   [4,10p5] level 1: 27 pivots (col 32/14219, rows 14219)
[ 14149.4s]   [4,10p5] level 1: 30 pivots (col 35/14219, rows 14219)
[ 14152.2s]   [4,10p5] level 1: 33 pivots (col 38/14219, rows 14219)
[ 14155.0s]   [4,10p5] level 1: 36 pivots (col 42/14219, rows 14219)
[ 14157.8s]   [4,10p5] level 1: 39 pivots (col 45/14219, rows 14219)
[ 14160.5s]   [4,10p5] level 1: 42 pivots (col 52/14219, rows 14219)
[ 14163.3s]   [4,10p5] level 1: 45 pivots (col 73/14219, rows 14219)
[ 14166.2s]   [4,10p5] level 1: 48 pivots (col 77/14219, rows 14219)
[ 14169.0s]   [4,10p5] level 1: 51 pivots (col 80/14219, rows 14219)
[ 14171.8s]   [4,10p5] level 1: 54 pivots (col 83/14219, rows 14219)
[ 14174.6s]   [4,10p5] level 1: 57 pivots (col 87/14219, rows 14219)
[ 14177.3s]   [4,10p5] level 1: 60 pivots (col 90/14219, rows 14219)
[ 14180.1s]   [4,10p5] level 1: 63 pivots (col 94/14219, rows 14219)
[ 14182.9s]   [4,10p5] level 1: 66 pivots (col 97/14219, rows 14219)
[ 14185.7s]   [4,10p5] level 1: 69 pivots (col 100/14219, rows 14219)
[ 14188.5s]   [4,10p5] level 1: 72 pivots (col 104/14219, rows 14219)
[ 14191.2s]   [4,10p5] level 1: 75 pivots (col 107/14219, rows 14219)
[ 14194.0s]   [4,10p5] level 1: 78 pivots (col 110/14219, rows 14219)
[ 14196.8s]   [4,10p5] level 1: 81 pivots (col 114/14219, rows 14219)
[ 14199.6s]   [4,10p5] level 1: 84 pivots (col 121/14219, rows 14219)
[ 14202.3s]   [4,10p5] level 1: 87 pivots (col 140/14219, rows 14219)
[ 14205.1s]   [4,10p5] level 1: 90 pivots (col 144/14219, rows 14219)
[ 14207.9s]   [4,10p5] level 1: 93 pivots (col 148/14219, rows 14219)
[ 14210.7s]   [4,10p5] level 1: 96 pivots (col 151/14219, rows 14219)
[ 14213.5s]   [4,10p5] level 1: 99 pivots (col 155/14219, rows 14219)
[ 14216.2s]   [4,10p5] level 1: 102 pivots (col 158/14219, rows 14219)
[ 14219.0s]   [4,10p5] level 1: 105 pivots (col 162/14219, rows 14219)
[ 14221.8s]   [4,10p5] level 1: 108 pivots (col 165/14219, rows 14219)
[ 14224.5s]   [4,10p5] level 1: 111 pivots (col 168/14219, rows 14219)
[ 14227.3s]   [4,10p5] level 1: 114 pivots (col 172/14219, rows 14219)
[ 14230.1s]   [4,10p5] level 1: 117 pivots (col 175/14219, rows 14219)
[ 14232.8s]   [4,10p5] level 1: 120 pivots (col 178/14219, rows 14219)
[ 14235.6s]   [4,10p5] level 1: 123 pivots (col 182/14219, rows 14219)
[ 14238.3s]   [4,10p5] level 1: 126 pivots (col 185/14219, rows 14219)
[ 14241.1s]   [4,10p5] level 1: 129 pivots (col 190/14219, rows 14219)
[ 14243.9s]   [4,10p5] level 1: 132 pivots (col 193/14219, rows 14219)
[ 14246.6s]   [4,10p5] level 1: 135 pivots (col 201/14219, rows 14219)
[ 14249.4s]   [4,10p5] level 1: 138 pivots (col 221/14219, rows 14219)
[ 14252.1s]   [4,10p5] level 1: 141 pivots (col 224/14219, rows 14219)
[ 14254.9s]   [4,10p5] level 1: 144 pivots (col 228/14219, rows 14219)
[ 14257.6s]   [4,10p5] level 1: 147 pivots (col 231/14219, rows 14219)
[ 14260.4s]   [4,10p5] level 1: 150 pivots (col 234/14219, rows 14219)
[ 14263.1s]   [4,10p5] level 1: 153 pivots (col 238/14219, rows 14219)
[ 14265.9s]   [4,10p5] level 1: 156 pivots (col 241/14219, rows 14219)
[ 14268.6s]   [4,10p5] level 1: 159 pivots (col 244/14219, rows 14219)
[ 14271.4s]   [4,10p5] level 1: 162 pivots (col 248/14219, rows 14219)
[ 14274.1s]   [4,10p5] level 1: 165 pivots (col 251/14219, rows 14219)
[ 14276.8s]   [4,10p5] level 1: 168 pivots (col 254/14219, rows 14219)
[ 14279.6s]   [4,10p5] level 1: 171 pivots (col 258/14219, rows 14219)
[ 14282.4s]   [4,10p5] level 1: 174 pivots (col 261/14219, rows 14219)
[ 14285.1s]   [4,10p5] level 1: 177 pivots (col 264/14219, rows 14219)
[ 14287.9s]   [4,10p5] level 1: 180 pivots (col 269/14219, rows 14219)
[ 14290.6s]   [4,10p5] level 1: 183 pivots (col 272/14219, rows 14219)
[ 14293.3s]   [4,10p5] level 1: 186 pivots (col 275/14219, rows 14219)
[ 14296.1s]   [4,10p5] level 1: 189 pivots (col 280/14219, rows 14219)
[ 14298.8s]   [4,10p5] level 1: 192 pivots (col 283/14219, rows 14219)
[ 14301.6s]   [4,10p5] level 1: 195 pivots (col 290/14219, rows 14219)
[ 14304.3s]   [4,10p5] level 1: 198 pivots (col 318/14219, rows 14219)
[ 14307.0s]   [4,10p5] level 1: 201 pivots (col 321/14219, rows 14219)
[ 14309.8s]   [4,10p5] level 1: 204 pivots (col 324/14219, rows 14219)
[ 14312.5s]   [4,10p5] level 1: 207 pivots (col 328/14219, rows 14219)
[ 14315.2s]   [4,10p5] level 1: 210 pivots (col 331/14219, rows 14219)
[ 14318.0s]   [4,10p5] level 1: 213 pivots (col 334/14219, rows 14219)
[ 14320.7s]   [4,10p5] level 1: 216 pivots (col 338/14219, rows 14219)
[ 14323.4s]   [4,10p5] level 1: 219 pivots (col 341/14219, rows 14219)
[ 14326.2s]   [4,10p5] level 1: 222 pivots (col 347/14219, rows 14219)
[ 14328.9s]   [4,10p5] level 1: 225 pivots (col 350/14219, rows 14219)
[ 14331.6s]   [4,10p5] level 1: 228 pivots (col 353/14219, rows 14219)
[ 14334.3s]   [4,10p5] level 1: 231 pivots (col 359/14219, rows 14219)
[ 14337.1s]   [4,10p5] level 1: 234 pivots (col 362/14219, rows 14219)
[ 14339.8s]   [4,10p5] level 1: 237 pivots (col 368/14219, rows 14219)
[ 14342.5s]   [4,10p5] level 1: 240 pivots (col 378/14219, rows 14219)
[ 14345.2s]   [4,10p5] level 1: 243 pivots (col 397/14219, rows 14219)
[ 14348.0s]   [4,10p5] level 1: 246 pivots (col 419/14219, rows 14219)
[ 14350.7s]   [4,10p5] level 1: 249 pivots (col 422/14219, rows 14219)
[ 14353.4s]   [4,10p5] level 1: 252 pivots (col 426/14219, rows 14219)
[ 14356.1s]   [4,10p5] level 1: 255 pivots (col 429/14219, rows 14219)
[ 14358.8s]   [4,10p5] level 1: 258 pivots (col 432/14219, rows 14219)
[ 14361.5s]   [4,10p5] level 1: 261 pivots (col 436/14219, rows 14219)
[ 14364.2s]   [4,10p5] level 1: 264 pivots (col 439/14219, rows 14219)
[ 14367.0s]   [4,10p5] level 1: 267 pivots (col 442/14219, rows 14219)
[ 14369.7s]   [4,10p5] level 1: 270 pivots (col 466/14219, rows 14219)
[ 14372.4s]   [4,10p5] level 1: 273 pivots (col 496/14219, rows 14219)
[ 14375.1s]   [4,10p5] level 1: 276 pivots (col 518/14219, rows 14219)
[ 14377.8s]   [4,10p5] level 1: 279 pivots (col 521/14219, rows 14219)
[ 14380.5s]   [4,10p5] level 1: 282 pivots (col 525/14219, rows 14219)
[ 14383.2s]   [4,10p5] level 1: 285 pivots (col 528/14219, rows 14219)
[ 14385.9s]   [4,10p5] level 1: 288 pivots (col 531/14219, rows 14219)
[ 14388.7s]   [4,10p5] level 1: 291 pivots (col 535/14219, rows 14219)
[ 14391.4s]   [4,10p5] level 1: 294 pivots (col 538/14219, rows 14219)
[ 14394.1s]   [4,10p5] level 1: 297 pivots (col 541/14219, rows 14219)
[ 14396.8s]   [4,10p5] level 1: 300 pivots (col 565/14219, rows 14219)
[ 14399.5s]   [4,10p5] level 1: 303 pivots (col 595/14219, rows 14219)
[ 14402.2s]   [4,10p5] level 1: 306 pivots (col 617/14219, rows 14219)
[ 14404.9s]   [4,10p5] level 1: 309 pivots (col 624/14219, rows 14219)
[ 14407.6s]   [4,10p5] level 1: 312 pivots (col 627/14219, rows 14219)
[ 14410.3s]   [4,10p5] level 1: 315 pivots (col 635/14219, rows 14219)
[ 14413.0s]   [4,10p5] level 1: 318 pivots (col 644/14219, rows 14219)
[ 14415.7s]   [4,10p5] level 1: 321 pivots (col 714/14219, rows 14219)
[ 14418.4s]   [4,10p5] level 1: 324 pivots (col 723/14219, rows 14219)
[ 14421.1s]   [4,10p5] level 1: 327 pivots (col 733/14219, rows 14219)
[ 14423.8s]   [4,10p5] level 1: 330 pivots (col 916/14219, rows 14219)
[ 14426.5s]   [4,10p5] level 1: 333 pivots (col 919/14219, rows 14219)
[ 14429.2s]   [4,10p5] level 1: 336 pivots (col 923/14219, rows 14219)
[ 14431.9s]   [4,10p5] level 1: 339 pivots (col 926/14219, rows 14219)
[ 14434.6s]   [4,10p5] level 1: 342 pivots (col 929/14219, rows 14219)
[ 14437.2s]   [4,10p5] level 1: 345 pivots (col 933/14219, rows 14219)
[ 14439.9s]   [4,10p5] level 1: 348 pivots (col 936/14219, rows 14219)
[ 14442.6s]   [4,10p5] level 1: 351 pivots (col 940/14219, rows 14219)
[ 14445.3s]   [4,10p5] level 1: 354 pivots (col 943/14219, rows 14219)
[ 14448.0s]   [4,10p5] level 1: 357 pivots (col 946/14219, rows 14219)
[ 14450.7s]   [4,10p5] level 1: 360 pivots (col 950/14219, rows 14219)
[ 14453.4s]   [4,10p5] level 1: 363 pivots (col 953/14219, rows 14219)
[ 14456.1s]   [4,10p5] level 1: 366 pivots (col 956/14219, rows 14219)
[ 14458.8s]   [4,10p5] level 1: 369 pivots (col 960/14219, rows 14219)
[ 14461.4s]   [4,10p5] level 1: 372 pivots (col 988/14219, rows 14219)
[ 14464.1s]   [4,10p5] level 1: 375 pivots (col 992/14219, rows 14219)
[ 14466.8s]   [4,10p5] level 1: 378 pivots (col 996/14219, rows 14219)
[ 14469.5s]   [4,10p5] level 1: 381 pivots (col 999/14219, rows 14219)
[ 14472.1s]   [4,10p5] level 1: 384 pivots (col 1002/14219, rows 14219)
[ 14474.8s]   [4,10p5] level 1: 387 pivots (col 1006/14219, rows 14219)
[ 14477.5s]   [4,10p5] level 1: 390 pivots (col 1009/14219, rows 14219)
[ 14480.1s]   [4,10p5] level 1: 393 pivots (col 1012/14219, rows 14219)
[ 14482.8s]   [4,10p5] level 1: 396 pivots (col 1016/14219, rows 14219)
[ 14485.5s]   [4,10p5] level 1: 399 pivots (col 1019/14219, rows 14219)
[ 14488.1s]   [4,10p5] level 1: 402 pivots (col 1023/14219, rows 14219)
[ 14490.8s]   [4,10p5] level 1: 405 pivots (col 1026/14219, rows 14219)
[ 14493.5s]   [4,10p5] level 1: 408 pivots (col 1029/14219, rows 14219)
[ 14496.1s]   [4,10p5] level 1: 411 pivots (col 1033/14219, rows 14219)
[ 14498.8s]   [4,10p5] level 1: 414 pivots (col 1036/14219, rows 14219)
[ 14501.5s]   [4,10p5] level 1: 417 pivots (col 1064/14219, rows 14219)
[ 14504.1s]   [4,10p5] level 1: 420 pivots (col 1067/14219, rows 14219)
[ 14506.8s]   [4,10p5] level 1: 423 pivots (col 1071/14219, rows 14219)
[ 14509.5s]   [4,10p5] level 1: 426 pivots (col 1075/14219, rows 14219)
[ 14512.1s]   [4,10p5] level 1: 429 pivots (col 1078/14219, rows 14219)
[ 14514.8s]   [4,10p5] level 1: 432 pivots (col 1081/14219, rows 14219)
[ 14517.4s]   [4,10p5] level 1: 435 pivots (col 1085/14219, rows 14219)
[ 14520.1s]   [4,10p5] level 1: 438 pivots (col 1088/14219, rows 14219)
[ 14522.7s]   [4,10p5] level 1: 441 pivots (col 1091/14219, rows 14219)
[ 14525.4s]   [4,10p5] level 1: 444 pivots (col 1095/14219, rows 14219)
[ 14528.0s]   [4,10p5] level 1: 447 pivots (col 1098/14219, rows 14219)
[ 14530.7s]   [4,10p5] level 1: 450 pivots (col 1102/14219, rows 14219)
[ 14533.3s]   [4,10p5] level 1: 453 pivots (col 1105/14219, rows 14219)
[ 14536.0s]   [4,10p5] level 1: 456 pivots (col 1108/14219, rows 14219)
[ 14538.6s]   [4,10p5] level 1: 459 pivots (col 1113/14219, rows 14219)
[ 14541.2s]   [4,10p5] level 1: 462 pivots (col 1142/14219, rows 14219)
[ 14543.9s]   [4,10p5] level 1: 465 pivots (col 1145/14219, rows 14219)
[ 14546.5s]   [4,10p5] level 1: 468 pivots (col 1148/14219, rows 14219)
[ 14549.2s]   [4,10p5] level 1: 471 pivots (col 1152/14219, rows 14219)
[ 14551.8s]   [4,10p5] level 1: 474 pivots (col 1155/14219, rows 14219)
[ 14554.5s]   [4,10p5] level 1: 477 pivots (col 1158/14219, rows 14219)
[ 14557.1s]   [4,10p5] level 1: 480 pivots (col 1162/14219, rows 14219)
[ 14559.7s]   [4,10p5] level 1: 483 pivots (col 1165/14219, rows 14219)
[ 14562.4s]   [4,10p5] level 1: 486 pivots (col 1168/14219, rows 14219)
[ 14565.0s]   [4,10p5] level 1: 489 pivots (col 1172/14219, rows 14219)
[ 14567.6s]   [4,10p5] level 1: 492 pivots (col 1175/14219, rows 14219)
[ 14570.3s]   [4,10p5] level 1: 495 pivots (col 1178/14219, rows 14219)
[ 14572.9s]   [4,10p5] level 1: 498 pivots (col 1182/14219, rows 14219)
[ 14575.5s]   [4,10p5] level 1: 501 pivots (col 1185/14219, rows 14219)
[ 14578.2s]   [4,10p5] level 1: 504 pivots (col 1188/14219, rows 14219)
[ 14580.8s]   [4,10p5] level 1: 507 pivots (col 1193/14219, rows 14219)
[ 14583.4s]   [4,10p5] level 1: 510 pivots (col 1196/14219, rows 14219)
[ 14586.0s]   [4,10p5] level 1: 513 pivots (col 1202/14219, rows 14219)
[ 14588.7s]   [4,10p5] level 1: 516 pivots (col 1205/14219, rows 14219)
[ 14591.3s]   [4,10p5] level 1: 519 pivots (col 1241/14219, rows 14219)
[ 14594.0s]   [4,10p5] level 1: 522 pivots (col 1244/14219, rows 14219)
[ 14596.6s]   [4,10p5] level 1: 525 pivots (col 1247/14219, rows 14219)
[ 14599.2s]   [4,10p5] level 1: 528 pivots (col 1251/14219, rows 14219)
[ 14601.8s]   [4,10p5] level 1: 531 pivots (col 1254/14219, rows 14219)
[ 14604.5s]   [4,10p5] level 1: 534 pivots (col 1257/14219, rows 14219)
[ 14607.1s]   [4,10p5] level 1: 537 pivots (col 1262/14219, rows 14219)
[ 14609.7s]   [4,10p5] level 1: 540 pivots (col 1265/14219, rows 14219)
[ 14612.3s]   [4,10p5] level 1: 543 pivots (col 1271/14219, rows 14219)
[ 14614.9s]   [4,10p5] level 1: 546 pivots (col 1274/14219, rows 14219)
[ 14617.5s]   [4,10p5] level 1: 549 pivots (col 1277/14219, rows 14219)
[ 14620.1s]   [4,10p5] level 1: 552 pivots (col 1283/14219, rows 14219)
[ 14622.7s]   [4,10p5] level 1: 555 pivots (col 1286/14219, rows 14219)
[ 14625.4s]   [4,10p5] level 1: 558 pivots (col 1293/14219, rows 14219)
[ 14628.0s]   [4,10p5] level 1: 561 pivots (col 1341/14219, rows 14219)
[ 14630.6s]   [4,10p5] level 1: 564 pivots (col 1344/14219, rows 14219)
[ 14633.2s]   [4,10p5] level 1: 567 pivots (col 1347/14219, rows 14219)
[ 14635.8s]   [4,10p5] level 1: 570 pivots (col 1351/14219, rows 14219)
[ 14638.4s]   [4,10p5] level 1: 573 pivots (col 1354/14219, rows 14219)
[ 14641.0s]   [4,10p5] level 1: 576 pivots (col 1357/14219, rows 14219)
[ 14643.6s]   [4,10p5] level 1: 579 pivots (col 1362/14219, rows 14219)
[ 14646.2s]   [4,10p5] level 1: 582 pivots (col 1371/14219, rows 14219)
[ 14648.8s]   [4,10p5] level 1: 585 pivots (col 1401/14219, rows 14219)
[ 14651.4s]   [4,10p5] level 1: 588 pivots (col 1442/14219, rows 14219)
[ 14654.0s]   [4,10p5] level 1: 591 pivots (col 1445/14219, rows 14219)
[ 14656.6s]   [4,10p5] level 1: 594 pivots (col 1448/14219, rows 14219)
[ 14659.2s]   [4,10p5] level 1: 597 pivots (col 1452/14219, rows 14219)
[ 14661.8s]   [4,10p5] level 1: 600 pivots (col 1455/14219, rows 14219)
[ 14664.4s]   [4,10p5] level 1: 603 pivots (col 1458/14219, rows 14219)
[ 14667.0s]   [4,10p5] level 1: 606 pivots (col 1463/14219, rows 14219)
[ 14669.6s]   [4,10p5] level 1: 609 pivots (col 1481/14219, rows 14219)
[ 14672.2s]   [4,10p5] level 1: 612 pivots (col 1511/14219, rows 14219)
[ 14674.8s]   [4,10p5] level 1: 615 pivots (col 1543/14219, rows 14219)
[ 14677.4s]   [4,10p5] level 1: 618 pivots (col 1546/14219, rows 14219)
[ 14680.0s]   [4,10p5] level 1: 621 pivots (col 1553/14219, rows 14219)
[ 14682.6s]   [4,10p5] level 1: 624 pivots (col 1561/14219, rows 14219)
[ 14685.2s]   [4,10p5] level 1: 627 pivots (col 1571/14219, rows 14219)
[ 14687.8s]   [4,10p5] level 1: 630 pivots (col 1642/14219, rows 14219)
[ 14690.4s]   [4,10p5] level 1: 633 pivots (col 1651/14219, rows 14219)
[ 14693.0s]   [4,10p5] level 1: 636 pivots (col 1661/14219, rows 14219)
[ 14695.6s]   [4,10p5] level 1: 639 pivots (col 1844/14219, rows 14219)
[ 14698.2s]   [4,10p5] level 1: 642 pivots (col 1848/14219, rows 14219)
[ 14700.8s]   [4,10p5] level 1: 645 pivots (col 1851/14219, rows 14219)
[ 14703.4s]   [4,10p5] level 1: 648 pivots (col 1855/14219, rows 14219)
[ 14705.9s]   [4,10p5] level 1: 651 pivots (col 1858/14219, rows 14219)
[ 14708.5s]   [4,10p5] level 1: 654 pivots (col 1862/14219, rows 14219)
[ 14711.1s]   [4,10p5] level 1: 657 pivots (col 1865/14219, rows 14219)
[ 14713.7s]   [4,10p5] level 1: 660 pivots (col 1868/14219, rows 14219)
[ 14716.2s]   [4,10p5] level 1: 663 pivots (col 1872/14219, rows 14219)
[ 14718.8s]   [4,10p5] level 1: 666 pivots (col 1875/14219, rows 14219)
[ 14721.4s]   [4,10p5] level 1: 669 pivots (col 1878/14219, rows 14219)
[ 14724.0s]   [4,10p5] level 1: 672 pivots (col 1882/14219, rows 14219)
[ 14726.5s]   [4,10p5] level 1: 675 pivots (col 1885/14219, rows 14219)
[ 14729.1s]   [4,10p5] level 1: 678 pivots (col 1889/14219, rows 14219)
[ 14731.7s]   [4,10p5] level 1: 681 pivots (col 1922/14219, rows 14219)
[ 14734.2s]   [4,10p5] level 1: 684 pivots (col 1926/14219, rows 14219)
[ 14736.8s]   [4,10p5] level 1: 687 pivots (col 1929/14219, rows 14219)
[ 14739.4s]   [4,10p5] level 1: 690 pivots (col 1933/14219, rows 14219)
[ 14742.0s]   [4,10p5] level 1: 693 pivots (col 1936/14219, rows 14219)
[ 14744.6s]   [4,10p5] level 1: 696 pivots (col 1939/14219, rows 14219)
[ 14747.2s]   [4,10p5] level 1: 699 pivots (col 1943/14219, rows 14219)
[ 14749.7s]   [4,10p5] level 1: 702 pivots (col 1946/14219, rows 14219)
[ 14752.3s]   [4,10p5] level 1: 705 pivots (col 1950/14219, rows 14219)
[ 14754.8s]   [4,10p5] level 1: 708 pivots (col 1953/14219, rows 14219)
[ 14757.4s]   [4,10p5] level 1: 711 pivots (col 1956/14219, rows 14219)
[ 14760.0s]   [4,10p5] level 1: 714 pivots (col 1960/14219, rows 14219)
[ 14762.5s]   [4,10p5] level 1: 717 pivots (col 1963/14219, rows 14219)
[ 14765.1s]   [4,10p5] level 1: 720 pivots (col 1966/14219, rows 14219)
[ 14767.6s]   [4,10p5] level 1: 723 pivots (col 1999/14219, rows 14219)
[ 14770.2s]   [4,10p5] level 1: 726 pivots (col 2003/14219, rows 14219)
[ 14772.7s]   [4,10p5] level 1: 729 pivots (col 2007/14219, rows 14219)
[ 14775.3s]   [4,10p5] level 1: 732 pivots (col 2010/14219, rows 14219)
[ 14777.8s]   [4,10p5] level 1: 735 pivots (col 2014/14219, rows 14219)
[ 14780.4s]   [4,10p5] level 1: 738 pivots (col 2017/14219, rows 14219)
[ 14782.9s]   [4,10p5] level 1: 741 pivots (col 2021/14219, rows 14219)
[ 14785.5s]   [4,10p5] level 1: 744 pivots (col 2024/14219, rows 14219)
[ 14788.0s]   [4,10p5] level 1: 747 pivots (col 2027/14219, rows 14219)
[ 14790.6s]   [4,10p5] level 1: 750 pivots (col 2031/14219, rows 14219)
[ 14793.1s]   [4,10p5] level 1: 753 pivots (col 2034/14219, rows 14219)
[ 14795.7s]   [4,10p5] level 1: 756 pivots (col 2037/14219, rows 14219)
[ 14798.2s]   [4,10p5] level 1: 759 pivots (col 2041/14219, rows 14219)
[ 14800.8s]   [4,10p5] level 1: 762 pivots (col 2044/14219, rows 14219)
[ 14803.3s]   [4,10p5] level 1: 765 pivots (col 2049/14219, rows 14219)
[ 14805.8s]   [4,10p5] level 1: 768 pivots (col 2081/14219, rows 14219)
[ 14808.4s]   [4,10p5] level 1: 771 pivots (col 2084/14219, rows 14219)
[ 14810.9s]   [4,10p5] level 1: 774 pivots (col 2087/14219, rows 14219)
[ 14813.5s]   [4,10p5] level 1: 777 pivots (col 2091/14219, rows 14219)
[ 14816.0s]   [4,10p5] level 1: 780 pivots (col 2094/14219, rows 14219)
[ 14818.5s]   [4,10p5] level 1: 783 pivots (col 2097/14219, rows 14219)
[ 14821.1s]   [4,10p5] level 1: 786 pivots (col 2101/14219, rows 14219)
[ 14823.6s]   [4,10p5] level 1: 789 pivots (col 2104/14219, rows 14219)
[ 14826.1s]   [4,10p5] level 1: 792 pivots (col 2107/14219, rows 14219)
[ 14828.6s]   [4,10p5] level 1: 795 pivots (col 2111/14219, rows 14219)
[ 14831.2s]   [4,10p5] level 1: 798 pivots (col 2114/14219, rows 14219)
[ 14833.7s]   [4,10p5] level 1: 801 pivots (col 2117/14219, rows 14219)
[ 14836.2s]   [4,10p5] level 1: 804 pivots (col 2121/14219, rows 14219)
[ 14838.7s]   [4,10p5] level 1: 807 pivots (col 2124/14219, rows 14219)
[ 14841.3s]   [4,10p5] level 1: 810 pivots (col 2130/14219, rows 14219)
[ 14843.8s]   [4,10p5] level 1: 813 pivots (col 2133/14219, rows 14219)
[ 14846.3s]   [4,10p5] level 1: 816 pivots (col 2140/14219, rows 14219)
[ 14848.8s]   [4,10p5] level 1: 819 pivots (col 2149/14219, rows 14219)
[ 14851.3s]   [4,10p5] level 1: 822 pivots (col 2181/14219, rows 14219)
[ 14853.9s]   [4,10p5] level 1: 825 pivots (col 2184/14219, rows 14219)
[ 14856.4s]   [4,10p5] level 1: 828 pivots (col 2189/14219, rows 14219)
[ 14858.9s]   [4,10p5] level 1: 831 pivots (col 2192/14219, rows 14219)
[ 14861.4s]   [4,10p5] level 1: 834 pivots (col 2195/14219, rows 14219)
[ 14863.9s]   [4,10p5] level 1: 837 pivots (col 2201/14219, rows 14219)
[ 14866.4s]   [4,10p5] level 1: 840 pivots (col 2204/14219, rows 14219)
[ 14868.9s]   [4,10p5] level 1: 843 pivots (col 2210/14219, rows 14219)
[ 14871.4s]   [4,10p5] level 1: 846 pivots (col 2213/14219, rows 14219)
[ 14874.0s]   [4,10p5] level 1: 849 pivots (col 2219/14219, rows 14219)
[ 14876.5s]   [4,10p5] level 1: 852 pivots (col 2222/14219, rows 14219)
[ 14879.0s]   [4,10p5] level 1: 855 pivots (col 2229/14219, rows 14219)
[ 14881.5s]   [4,10p5] level 1: 858 pivots (col 2279/14219, rows 14219)
[ 14884.0s]   [4,10p5] level 1: 861 pivots (col 2282/14219, rows 14219)
[ 14886.5s]   [4,10p5] level 1: 864 pivots (col 2285/14219, rows 14219)
[ 14889.0s]   [4,10p5] level 1: 867 pivots (col 2290/14219, rows 14219)
[ 14891.5s]   [4,10p5] level 1: 870 pivots (col 2293/14219, rows 14219)
[ 14894.0s]   [4,10p5] level 1: 873 pivots (col 2300/14219, rows 14219)
[ 14896.6s]   [4,10p5] level 1: 876 pivots (col 2309/14219, rows 14219)
[ 14899.1s]   [4,10p5] level 1: 879 pivots (col 2339/14219, rows 14219)
[ 14901.6s]   [4,10p5] level 1: 882 pivots (col 2381/14219, rows 14219)
[ 14904.1s]   [4,10p5] level 1: 885 pivots (col 2384/14219, rows 14219)
[ 14906.6s]   [4,10p5] level 1: 888 pivots (col 2389/14219, rows 14219)
[ 14909.1s]   [4,10p5] level 1: 891 pivots (col 2392/14219, rows 14219)
[ 14911.6s]   [4,10p5] level 1: 894 pivots (col 2399/14219, rows 14219)
[ 14914.1s]   [4,10p5] level 1: 897 pivots (col 2402/14219, rows 14219)
[ 14916.6s]   [4,10p5] level 1: 900 pivots (col 2429/14219, rows 14219)
[ 14919.1s]   [4,10p5] level 1: 903 pivots (col 2480/14219, rows 14219)
[ 14921.6s]   [4,10p5] level 1: 906 pivots (col 2483/14219, rows 14219)
[ 14924.1s]   [4,10p5] level 1: 909 pivots (col 2491/14219, rows 14219)
[ 14926.6s]   [4,10p5] level 1: 912 pivots (col 2500/14219, rows 14219)
[ 14929.1s]   [4,10p5] level 1: 915 pivots (col 2579/14219, rows 14219)
[ 14931.6s]   [4,10p5] level 1: 918 pivots (col 2582/14219, rows 14219)
[ 14934.0s]   [4,10p5] level 1: 921 pivots (col 2599/14219, rows 14219)
[ 14936.5s]   [4,10p5] level 1: 924 pivots (col 2783/14219, rows 14219)
[ 14939.0s]   [4,10p5] level 1: 927 pivots (col 2787/14219, rows 14219)
[ 14941.5s]   [4,10p5] level 1: 930 pivots (col 2790/14219, rows 14219)
[ 14944.0s]   [4,10p5] level 1: 933 pivots (col 2793/14219, rows 14219)
[ 14946.5s]   [4,10p5] level 1: 936 pivots (col 2797/14219, rows 14219)
[ 14949.0s]   [4,10p5] level 1: 939 pivots (col 2800/14219, rows 14219)
[ 14951.5s]   [4,10p5] level 1: 942 pivots (col 2804/14219, rows 14219)
[ 14954.0s]   [4,10p5] level 1: 945 pivots (col 2807/14219, rows 14219)
[ 14956.4s]   [4,10p5] level 1: 948 pivots (col 2810/14219, rows 14219)
[ 14958.9s]   [4,10p5] level 1: 951 pivots (col 2814/14219, rows 14219)
[ 14961.4s]   [4,10p5] level 1: 954 pivots (col 2817/14219, rows 14219)
[ 14963.9s]   [4,10p5] level 1: 957 pivots (col 2820/14219, rows 14219)
[ 14966.3s]   [4,10p5] level 1: 960 pivots (col 2824/14219, rows 14219)
[ 14968.8s]   [4,10p5] level 1: 963 pivots (col 2831/14219, rows 14219)
[ 14971.3s]   [4,10p5] level 1: 966 pivots (col 2850/14219, rows 14219)
[ 14973.8s]   [4,10p5] level 1: 969 pivots (col 2854/14219, rows 14219)
[ 14976.2s]   [4,10p5] level 1: 972 pivots (col 2858/14219, rows 14219)
[ 14978.7s]   [4,10p5] level 1: 975 pivots (col 2862/14219, rows 14219)
[ 14981.2s]   [4,10p5] level 1: 978 pivots (col 2865/14219, rows 14219)
[ 14983.7s]   [4,10p5] level 1: 981 pivots (col 2868/14219, rows 14219)
[ 14986.1s]   [4,10p5] level 1: 984 pivots (col 2872/14219, rows 14219)
[ 14988.6s]   [4,10p5] level 1: 987 pivots (col 2875/14219, rows 14219)
[ 14991.1s]   [4,10p5] level 1: 990 pivots (col 2879/14219, rows 14219)
[ 14993.5s]   [4,10p5] level 1: 993 pivots (col 2882/14219, rows 14219)
[ 14996.0s]   [4,10p5] level 1: 996 pivots (col 2885/14219, rows 14219)
[ 14998.5s]   [4,10p5] level 1: 999 pivots (col 2889/14219, rows 14219)
[ 15000.9s]   [4,10p5] level 1: 1002 pivots (col 2892/14219, rows 14219)
[ 15003.4s]   [4,10p5] level 1: 1005 pivots (col 2895/14219, rows 14219)
[ 15005.8s]   [4,10p5] level 1: 1008 pivots (col 2899/14219, rows 14219)
[ 15008.4s]   [4,10p5] level 1: 1011 pivots (col 2906/14219, rows 14219)
[ 15010.8s]   [4,10p5] level 1: 1014 pivots (col 2909/14219, rows 14219)
[ 15013.3s]   [4,10p5] level 1: 1017 pivots (col 2928/14219, rows 14219)
[ 15015.7s]   [4,10p5] level 1: 1020 pivots (col 2932/14219, rows 14219)
[ 15018.2s]   [4,10p5] level 1: 1023 pivots (col 2935/14219, rows 14219)
[ 15020.6s]   [4,10p5] level 1: 1026 pivots (col 2939/14219, rows 14219)
[ 15023.1s]   [4,10p5] level 1: 1029 pivots (col 2942/14219, rows 14219)
[ 15025.5s]   [4,10p5] level 1: 1032 pivots (col 2946/14219, rows 14219)
[ 15028.0s]   [4,10p5] level 1: 1035 pivots (col 2949/14219, rows 14219)
[ 15030.4s]   [4,10p5] level 1: 1038 pivots (col 2952/14219, rows 14219)
[ 15032.9s]   [4,10p5] level 1: 1041 pivots (col 2956/14219, rows 14219)
[ 15035.3s]   [4,10p5] level 1: 1044 pivots (col 2959/14219, rows 14219)
[ 15037.8s]   [4,10p5] level 1: 1047 pivots (col 2962/14219, rows 14219)
[ 15040.3s]   [4,10p5] level 1: 1050 pivots (col 2966/14219, rows 14219)
[ 15042.7s]   [4,10p5] level 1: 1053 pivots (col 2969/14219, rows 14219)
[ 15045.1s]   [4,10p5] level 1: 1056 pivots (col 2972/14219, rows 14219)
[ 15047.6s]   [4,10p5] level 1: 1059 pivots (col 2977/14219, rows 14219)
[ 15050.0s]   [4,10p5] level 1: 1062 pivots (col 2980/14219, rows 14219)
[ 15052.4s]   [4,10p5] level 1: 1065 pivots (col 2985/14219, rows 14219)
[ 15054.9s]   [4,10p5] level 1: 1068 pivots (col 2988/14219, rows 14219)
[ 15057.3s]   [4,10p5] level 1: 1071 pivots (col 2996/14219, rows 14219)
[ 15059.7s]   [4,10p5] level 1: 1074 pivots (col 3017/14219, rows 14219)
[ 15062.2s]   [4,10p5] level 1: 1077 pivots (col 3020/14219, rows 14219)
[ 15064.6s]   [4,10p5] level 1: 1080 pivots (col 3024/14219, rows 14219)
[ 15067.0s]   [4,10p5] level 1: 1083 pivots (col 3027/14219, rows 14219)
[ 15069.5s]   [4,10p5] level 1: 1086 pivots (col 3030/14219, rows 14219)
[ 15071.9s]   [4,10p5] level 1: 1089 pivots (col 3034/14219, rows 14219)
[ 15074.3s]   [4,10p5] level 1: 1092 pivots (col 3037/14219, rows 14219)
[ 15076.8s]   [4,10p5] level 1: 1095 pivots (col 3040/14219, rows 14219)
[ 15079.2s]   [4,10p5] level 1: 1098 pivots (col 3045/14219, rows 14219)
[ 15081.6s]   [4,10p5] level 1: 1101 pivots (col 3048/14219, rows 14219)
[ 15084.0s]   [4,10p5] level 1: 1104 pivots (col 3051/14219, rows 14219)
[ 15086.4s]   [4,10p5] level 1: 1107 pivots (col 3056/14219, rows 14219)
[ 15088.9s]   [4,10p5] level 1: 1110 pivots (col 3059/14219, rows 14219)
[ 15091.4s]   [4,10p5] level 1: 1113 pivots (col 3064/14219, rows 14219)
[ 15093.8s]   [4,10p5] level 1: 1116 pivots (col 3067/14219, rows 14219)
[ 15096.2s]   [4,10p5] level 1: 1119 pivots (col 3075/14219, rows 14219)
[ 15098.6s]   [4,10p5] level 1: 1122 pivots (col 3084/14219, rows 14219)
[ 15101.0s]   [4,10p5] level 1: 1125 pivots (col 3094/14219, rows 14219)
[ 15103.4s]   [4,10p5] level 1: 1128 pivots (col 3116/14219, rows 14219)
[ 15105.9s]   [4,10p5] level 1: 1131 pivots (col 3119/14219, rows 14219)
[ 15108.3s]   [4,10p5] level 1: 1134 pivots (col 3123/14219, rows 14219)
[ 15110.7s]   [4,10p5] level 1: 1137 pivots (col 3126/14219, rows 14219)
[ 15113.1s]   [4,10p5] level 1: 1140 pivots (col 3129/14219, rows 14219)
[ 15115.5s]   [4,10p5] level 1: 1143 pivots (col 3133/14219, rows 14219)
[ 15117.9s]   [4,10p5] level 1: 1146 pivots (col 3136/14219, rows 14219)
[ 15120.3s]   [4,10p5] level 1: 1149 pivots (col 3139/14219, rows 14219)
[ 15122.7s]   [4,10p5] level 1: 1152 pivots (col 3145/14219, rows 14219)
[ 15125.1s]   [4,10p5] level 1: 1155 pivots (col 3155/14219, rows 14219)
[ 15127.5s]   [4,10p5] level 1: 1158 pivots (col 3165/14219, rows 14219)
[ 15130.0s]   [4,10p5] level 1: 1161 pivots (col 3193/14219, rows 14219)
[ 15132.4s]   [4,10p5] level 1: 1164 pivots (col 3215/14219, rows 14219)
[ 15134.8s]   [4,10p5] level 1: 1167 pivots (col 3218/14219, rows 14219)
[ 15137.2s]   [4,10p5] level 1: 1170 pivots (col 3222/14219, rows 14219)
[ 15139.6s]   [4,10p5] level 1: 1173 pivots (col 3225/14219, rows 14219)
[ 15142.0s]   [4,10p5] level 1: 1176 pivots (col 3228/14219, rows 14219)
[ 15144.4s]   [4,10p5] level 1: 1179 pivots (col 3232/14219, rows 14219)
[ 15146.8s]   [4,10p5] level 1: 1182 pivots (col 3235/14219, rows 14219)
[ 15149.2s]   [4,10p5] level 1: 1185 pivots (col 3238/14219, rows 14219)
[ 15151.6s]   [4,10p5] level 1: 1188 pivots (col 3262/14219, rows 14219)
[ 15154.0s]   [4,10p5] level 1: 1191 pivots (col 3292/14219, rows 14219)
[ 15156.4s]   [4,10p5] level 1: 1194 pivots (col 3314/14219, rows 14219)
[ 15158.8s]   [4,10p5] level 1: 1197 pivots (col 3317/14219, rows 14219)
[ 15161.2s]   [4,10p5] level 1: 1200 pivots (col 3321/14219, rows 14219)
[ 15163.6s]   [4,10p5] level 1: 1203 pivots (col 3324/14219, rows 14219)
[ 15166.0s]   [4,10p5] level 1: 1206 pivots (col 3327/14219, rows 14219)
[ 15168.3s]   [4,10p5] level 1: 1209 pivots (col 3332/14219, rows 14219)
[ 15170.7s]   [4,10p5] level 1: 1212 pivots (col 3335/14219, rows 14219)
[ 15173.1s]   [4,10p5] level 1: 1215 pivots (col 3361/14219, rows 14219)
[ 15175.5s]   [4,10p5] level 1: 1218 pivots (col 3391/14219, rows 14219)
[ 15177.9s]   [4,10p5] level 1: 1221 pivots (col 3413/14219, rows 14219)
[ 15180.3s]   [4,10p5] level 1: 1224 pivots (col 3420/14219, rows 14219)
[ 15182.7s]   [4,10p5] level 1: 1227 pivots (col 3423/14219, rows 14219)
[ 15185.1s]   [4,10p5] level 1: 1230 pivots (col 3440/14219, rows 14219)
[ 15187.5s]   [4,10p5] level 1: 1233 pivots (col 3711/14219, rows 14219)
[ 15189.8s]   [4,10p5] level 1: 1236 pivots (col 3715/14219, rows 14219)
[ 15192.2s]   [4,10p5] level 1: 1239 pivots (col 3719/14219, rows 14219)
[ 15194.7s]   [4,10p5] level 1: 1242 pivots (col 3722/14219, rows 14219)
[ 15197.0s]   [4,10p5] level 1: 1245 pivots (col 3725/14219, rows 14219)
[ 15199.4s]   [4,10p5] level 1: 1248 pivots (col 3729/14219, rows 14219)
[ 15201.8s]   [4,10p5] level 1: 1251 pivots (col 3732/14219, rows 14219)
[ 15204.2s]   [4,10p5] level 1: 1254 pivots (col 3735/14219, rows 14219)
[ 15206.6s]   [4,10p5] level 1: 1257 pivots (col 3739/14219, rows 14219)
[ 15209.0s]   [4,10p5] level 1: 1260 pivots (col 3742/14219, rows 14219)
[ 15211.3s]   [4,10p5] level 1: 1263 pivots (col 3746/14219, rows 14219)
[ 15213.7s]   [4,10p5] level 1: 1266 pivots (col 3749/14219, rows 14219)
[ 15216.1s]   [4,10p5] level 1: 1269 pivots (col 3752/14219, rows 14219)
[ 15218.5s]   [4,10p5] level 1: 1272 pivots (col 3756/14219, rows 14219)
[ 15220.8s]   [4,10p5] level 1: 1275 pivots (col 3759/14219, rows 14219)
[ 15223.2s]   [4,10p5] level 1: 1278 pivots (col 3787/14219, rows 14219)
[ 15225.6s]   [4,10p5] level 1: 1281 pivots (col 3791/14219, rows 14219)
[ 15227.9s]   [4,10p5] level 1: 1284 pivots (col 3794/14219, rows 14219)
[ 15230.3s]   [4,10p5] level 1: 1287 pivots (col 3798/14219, rows 14219)
[ 15232.7s]   [4,10p5] level 1: 1290 pivots (col 3801/14219, rows 14219)
[ 15235.0s]   [4,10p5] level 1: 1293 pivots (col 3805/14219, rows 14219)
[ 15237.4s]   [4,10p5] level 1: 1296 pivots (col 3808/14219, rows 14219)
[ 15239.8s]   [4,10p5] level 1: 1299 pivots (col 3811/14219, rows 14219)
[ 15242.1s]   [4,10p5] level 1: 1302 pivots (col 3815/14219, rows 14219)
[ 15244.5s]   [4,10p5] level 1: 1305 pivots (col 3818/14219, rows 14219)
[ 15246.9s]   [4,10p5] level 1: 1308 pivots (col 3821/14219, rows 14219)
[ 15249.2s]   [4,10p5] level 1: 1311 pivots (col 3825/14219, rows 14219)
[ 15251.6s]   [4,10p5] level 1: 1314 pivots (col 3828/14219, rows 14219)
[ 15253.9s]   [4,10p5] level 1: 1317 pivots (col 3832/14219, rows 14219)
[ 15256.3s]   [4,10p5] level 1: 1320 pivots (col 3835/14219, rows 14219)
[ 15258.6s]   [4,10p5] level 1: 1323 pivots (col 3863/14219, rows 14219)
[ 15261.0s]   [4,10p5] level 1: 1326 pivots (col 3867/14219, rows 14219)
[ 15263.3s]   [4,10p5] level 1: 1329 pivots (col 3870/14219, rows 14219)
[ 15265.7s]   [4,10p5] level 1: 1332 pivots (col 3874/14219, rows 14219)
[ 15268.0s]   [4,10p5] level 1: 1335 pivots (col 3877/14219, rows 14219)
[ 15270.4s]   [4,10p5] level 1: 1338 pivots (col 3880/14219, rows 14219)
[ 15272.7s]   [4,10p5] level 1: 1341 pivots (col 3884/14219, rows 14219)
[ 15275.1s]   [4,10p5] level 1: 1344 pivots (col 3887/14219, rows 14219)
[ 15277.4s]   [4,10p5] level 1: 1347 pivots (col 3891/14219, rows 14219)
[ 15279.8s]   [4,10p5] level 1: 1350 pivots (col 3894/14219, rows 14219)
[ 15282.1s]   [4,10p5] level 1: 1353 pivots (col 3897/14219, rows 14219)
[ 15284.4s]   [4,10p5] level 1: 1356 pivots (col 3901/14219, rows 14219)
[ 15286.8s]   [4,10p5] level 1: 1359 pivots (col 3904/14219, rows 14219)
[ 15289.1s]   [4,10p5] level 1: 1362 pivots (col 3907/14219, rows 14219)
[ 15291.4s]   [4,10p5] level 1: 1365 pivots (col 3912/14219, rows 14219)
[ 15293.8s]   [4,10p5] level 1: 1368 pivots (col 3915/14219, rows 14219)
[ 15296.1s]   [4,10p5] level 1: 1371 pivots (col 3921/14219, rows 14219)
[ 15298.4s]   [4,10p5] level 1: 1374 pivots (col 3924/14219, rows 14219)
[ 15300.8s]   [4,10p5] level 1: 1377 pivots (col 3953/14219, rows 14219)
[ 15303.1s]   [4,10p5] level 1: 1380 pivots (col 3956/14219, rows 14219)
[ 15305.4s]   [4,10p5] level 1: 1383 pivots (col 3959/14219, rows 14219)
[ 15307.8s]   [4,10p5] level 1: 1386 pivots (col 3963/14219, rows 14219)
[ 15310.1s]   [4,10p5] level 1: 1389 pivots (col 3966/14219, rows 14219)
[ 15312.4s]   [4,10p5] level 1: 1392 pivots (col 3969/14219, rows 14219)
[ 15314.8s]   [4,10p5] level 1: 1395 pivots (col 3973/14219, rows 14219)
[ 15317.1s]   [4,10p5] level 1: 1398 pivots (col 3976/14219, rows 14219)
[ 15319.4s]   [4,10p5] level 1: 1401 pivots (col 3981/14219, rows 14219)
[ 15321.7s]   [4,10p5] level 1: 1404 pivots (col 3984/14219, rows 14219)
[ 15324.0s]   [4,10p5] level 1: 1407 pivots (col 3987/14219, rows 14219)
[ 15326.4s]   [4,10p5] level 1: 1410 pivots (col 3992/14219, rows 14219)
[ 15328.7s]   [4,10p5] level 1: 1413 pivots (col 3995/14219, rows 14219)
[ 15331.0s]   [4,10p5] level 1: 1416 pivots (col 4002/14219, rows 14219)
[ 15333.3s]   [4,10p5] level 1: 1419 pivots (col 4005/14219, rows 14219)
[ 15335.6s]   [4,10p5] level 1: 1422 pivots (col 4013/14219, rows 14219)
[ 15337.9s]   [4,10p5] level 1: 1425 pivots (col 4051/14219, rows 14219)
[ 15340.3s]   [4,10p5] level 1: 1428 pivots (col 4054/14219, rows 14219)
[ 15342.6s]   [4,10p5] level 1: 1431 pivots (col 4057/14219, rows 14219)
[ 15344.9s]   [4,10p5] level 1: 1434 pivots (col 4061/14219, rows 14219)
[ 15347.2s]   [4,10p5] level 1: 1437 pivots (col 4064/14219, rows 14219)
[ 15349.5s]   [4,10p5] level 1: 1440 pivots (col 4067/14219, rows 14219)
[ 15351.8s]   [4,10p5] level 1: 1443 pivots (col 4072/14219, rows 14219)
[ 15354.2s]   [4,10p5] level 1: 1446 pivots (col 4075/14219, rows 14219)
[ 15356.5s]   [4,10p5] level 1: 1449 pivots (col 4082/14219, rows 14219)
[ 15358.8s]   [4,10p5] level 1: 1452 pivots (col 4092/14219, rows 14219)
[ 15361.1s]   [4,10p5] level 1: 1455 pivots (col 4111/14219, rows 14219)
[ 15363.4s]   [4,10p5] level 1: 1458 pivots (col 4152/14219, rows 14219)
[ 15365.7s]   [4,10p5] level 1: 1461 pivots (col 4155/14219, rows 14219)
[ 15368.0s]   [4,10p5] level 1: 1464 pivots (col 4158/14219, rows 14219)
[ 15370.4s]   [4,10p5] level 1: 1467 pivots (col 4162/14219, rows 14219)
[ 15372.6s]   [4,10p5] level 1: 1470 pivots (col 4165/14219, rows 14219)
[ 15374.9s]   [4,10p5] level 1: 1473 pivots (col 4168/14219, rows 14219)
[ 15377.2s]   [4,10p5] level 1: 1476 pivots (col 4173/14219, rows 14219)
[ 15379.5s]   [4,10p5] level 1: 1479 pivots (col 4191/14219, rows 14219)
[ 15381.9s]   [4,10p5] level 1: 1482 pivots (col 4221/14219, rows 14219)
[ 15384.2s]   [4,10p5] level 1: 1485 pivots (col 4253/14219, rows 14219)
[ 15386.5s]   [4,10p5] level 1: 1488 pivots (col 4256/14219, rows 14219)
[ 15388.8s]   [4,10p5] level 1: 1491 pivots (col 4259/14219, rows 14219)
[ 15391.1s]   [4,10p5] level 1: 1494 pivots (col 4263/14219, rows 14219)
[ 15393.4s]   [4,10p5] level 1: 1497 pivots (col 4266/14219, rows 14219)
[ 15395.7s]   [4,10p5] level 1: 1500 pivots (col 4273/14219, rows 14219)
[ 15398.0s]   [4,10p5] level 1: 1503 pivots (col 4301/14219, rows 14219)
[ 15400.3s]   [4,10p5] level 1: 1506 pivots (col 4351/14219, rows 14219)
[ 15402.6s]   [4,10p5] level 1: 1509 pivots (col 4354/14219, rows 14219)
[ 15404.9s]   [4,10p5] level 1: 1512 pivots (col 4361/14219, rows 14219)
[ 15407.2s]   [4,10p5] level 1: 1515 pivots (col 4371/14219, rows 14219)
[ 15409.4s]   [4,10p5] level 1: 1518 pivots (col 4391/14219, rows 14219)
[ 15411.8s]   [4,10p5] level 1: 1521 pivots (col 4654/14219, rows 14219)
[ 15414.1s]   [4,10p5] level 1: 1524 pivots (col 4658/14219, rows 14219)
[ 15416.3s]   [4,10p5] level 1: 1527 pivots (col 4661/14219, rows 14219)
[ 15418.6s]   [4,10p5] level 1: 1530 pivots (col 4665/14219, rows 14219)
[ 15420.9s]   [4,10p5] level 1: 1533 pivots (col 4668/14219, rows 14219)
[ 15423.2s]   [4,10p5] level 1: 1536 pivots (col 4672/14219, rows 14219)
[ 15425.5s]   [4,10p5] level 1: 1539 pivots (col 4675/14219, rows 14219)
[ 15427.8s]   [4,10p5] level 1: 1542 pivots (col 4678/14219, rows 14219)
[ 15430.0s]   [4,10p5] level 1: 1545 pivots (col 4682/14219, rows 14219)
[ 15432.3s]   [4,10p5] level 1: 1548 pivots (col 4685/14219, rows 14219)
[ 15434.6s]   [4,10p5] level 1: 1551 pivots (col 4688/14219, rows 14219)
[ 15436.9s]   [4,10p5] level 1: 1554 pivots (col 4692/14219, rows 14219)
[ 15439.1s]   [4,10p5] level 1: 1557 pivots (col 4695/14219, rows 14219)
[ 15441.4s]   [4,10p5] level 1: 1560 pivots (col 4699/14219, rows 14219)
[ 15443.7s]   [4,10p5] level 1: 1563 pivots (col 4732/14219, rows 14219)
[ 15446.0s]   [4,10p5] level 1: 1566 pivots (col 4735/14219, rows 14219)
[ 15448.3s]   [4,10p5] level 1: 1569 pivots (col 4739/14219, rows 14219)
[ 15450.5s]   [4,10p5] level 1: 1572 pivots (col 4743/14219, rows 14219)
[ 15452.8s]   [4,10p5] level 1: 1575 pivots (col 4746/14219, rows 14219)
[ 15455.1s]   [4,10p5] level 1: 1578 pivots (col 4749/14219, rows 14219)
[ 15457.3s]   [4,10p5] level 1: 1581 pivots (col 4753/14219, rows 14219)
[ 15459.6s]   [4,10p5] level 1: 1584 pivots (col 4756/14219, rows 14219)
[ 15461.9s]   [4,10p5] level 1: 1587 pivots (col 4759/14219, rows 14219)
[ 15464.1s]   [4,10p5] level 1: 1590 pivots (col 4763/14219, rows 14219)
[ 15466.4s]   [4,10p5] level 1: 1593 pivots (col 4766/14219, rows 14219)
[ 15468.6s]   [4,10p5] level 1: 1596 pivots (col 4770/14219, rows 14219)
[ 15470.9s]   [4,10p5] level 1: 1599 pivots (col 4773/14219, rows 14219)
[ 15473.1s]   [4,10p5] level 1: 1602 pivots (col 4776/14219, rows 14219)
[ 15475.4s]   [4,10p5] level 1: 1605 pivots (col 4809/14219, rows 14219)
[ 15477.6s]   [4,10p5] level 1: 1608 pivots (col 4812/14219, rows 14219)
[ 15479.9s]   [4,10p5] level 1: 1611 pivots (col 4816/14219, rows 14219)
[ 15482.2s]   [4,10p5] level 1: 1614 pivots (col 4819/14219, rows 14219)
[ 15484.5s]   [4,10p5] level 1: 1617 pivots (col 4823/14219, rows 14219)
[ 15486.7s]   [4,10p5] level 1: 1620 pivots (col 4826/14219, rows 14219)
[ 15488.9s]   [4,10p5] level 1: 1623 pivots (col 4830/14219, rows 14219)
[ 15491.2s]   [4,10p5] level 1: 1626 pivots (col 4833/14219, rows 14219)
[ 15493.4s]   [4,10p5] level 1: 1629 pivots (col 4836/14219, rows 14219)
[ 15495.7s]   [4,10p5] level 1: 1632 pivots (col 4840/14219, rows 14219)
[ 15497.9s]   [4,10p5] level 1: 1635 pivots (col 4843/14219, rows 14219)
[ 15500.2s]   [4,10p5] level 1: 1638 pivots (col 4846/14219, rows 14219)
[ 15502.4s]   [4,10p5] level 1: 1641 pivots (col 4850/14219, rows 14219)
[ 15504.7s]   [4,10p5] level 1: 1644 pivots (col 4853/14219, rows 14219)
[ 15506.9s]   [4,10p5] level 1: 1647 pivots (col 4859/14219, rows 14219)
[ 15509.1s]   [4,10p5] level 1: 1650 pivots (col 4862/14219, rows 14219)
[ 15511.3s]   [4,10p5] level 1: 1653 pivots (col 4865/14219, rows 14219)
[ 15513.6s]   [4,10p5] level 1: 1656 pivots (col 4900/14219, rows 14219)
[ 15515.8s]   [4,10p5] level 1: 1659 pivots (col 4903/14219, rows 14219)
[ 15518.1s]   [4,10p5] level 1: 1662 pivots (col 4906/14219, rows 14219)
[ 15520.3s]   [4,10p5] level 1: 1665 pivots (col 4910/14219, rows 14219)
[ 15522.5s]   [4,10p5] level 1: 1668 pivots (col 4913/14219, rows 14219)
[ 15524.8s]   [4,10p5] level 1: 1671 pivots (col 4916/14219, rows 14219)
[ 15527.0s]   [4,10p5] level 1: 1674 pivots (col 4921/14219, rows 14219)
[ 15529.2s]   [4,10p5] level 1: 1677 pivots (col 4924/14219, rows 14219)
[ 15531.4s]   [4,10p5] level 1: 1680 pivots (col 4929/14219, rows 14219)
[ 15533.7s]   [4,10p5] level 1: 1683 pivots (col 4932/14219, rows 14219)
[ 15535.9s]   [4,10p5] level 1: 1686 pivots (col 4935/14219, rows 14219)
[ 15538.1s]   [4,10p5] level 1: 1689 pivots (col 4941/14219, rows 14219)
[ 15540.3s]   [4,10p5] level 1: 1692 pivots (col 4944/14219, rows 14219)
[ 15542.5s]   [4,10p5] level 1: 1695 pivots (col 4951/14219, rows 14219)
[ 15544.7s]   [4,10p5] level 1: 1698 pivots (col 4959/14219, rows 14219)
[ 15547.0s]   [4,10p5] level 1: 1701 pivots (col 4999/14219, rows 14219)
[ 15549.2s]   [4,10p5] level 1: 1704 pivots (col 5002/14219, rows 14219)
[ 15551.4s]   [4,10p5] level 1: 1707 pivots (col 5005/14219, rows 14219)
[ 15553.6s]   [4,10p5] level 1: 1710 pivots (col 5010/14219, rows 14219)
[ 15555.9s]   [4,10p5] level 1: 1713 pivots (col 5013/14219, rows 14219)
[ 15558.1s]   [4,10p5] level 1: 1716 pivots (col 5019/14219, rows 14219)
[ 15560.3s]   [4,10p5] level 1: 1719 pivots (col 5022/14219, rows 14219)
[ 15562.5s]   [4,10p5] level 1: 1722 pivots (col 5029/14219, rows 14219)
[ 15564.7s]   [4,10p5] level 1: 1725 pivots (col 5039/14219, rows 14219)
[ 15566.9s]   [4,10p5] level 1: 1728 pivots (col 5059/14219, rows 14219)
[ 15569.1s]   [4,10p5] level 1: 1731 pivots (col 5101/14219, rows 14219)
[ 15571.3s]   [4,10p5] level 1: 1734 pivots (col 5104/14219, rows 14219)
[ 15573.6s]   [4,10p5] level 1: 1737 pivots (col 5109/14219, rows 14219)
[ 15575.8s]   [4,10p5] level 1: 1740 pivots (col 5112/14219, rows 14219)
[ 15578.0s]   [4,10p5] level 1: 1743 pivots (col 5119/14219, rows 14219)
[ 15580.2s]   [4,10p5] level 1: 1746 pivots (col 5122/14219, rows 14219)
[ 15582.4s]   [4,10p5] level 1: 1749 pivots (col 5149/14219, rows 14219)
[ 15584.6s]   [4,10p5] level 1: 1752 pivots (col 5200/14219, rows 14219)
[ 15586.8s]   [4,10p5] level 1: 1755 pivots (col 5203/14219, rows 14219)
[ 15589.0s]   [4,10p5] level 1: 1758 pivots (col 5209/14219, rows 14219)
[ 15591.2s]   [4,10p5] level 1: 1761 pivots (col 5212/14219, rows 14219)
[ 15593.4s]   [4,10p5] level 1: 1764 pivots (col 5220/14219, rows 14219)
[ 15595.6s]   [4,10p5] level 1: 1767 pivots (col 5239/14219, rows 14219)
[ 15597.8s]   [4,10p5] level 1: 1770 pivots (col 5299/14219, rows 14219)
[ 15600.0s]   [4,10p5] level 1: 1773 pivots (col 5302/14219, rows 14219)
[ 15602.2s]   [4,10p5] level 1: 1776 pivots (col 5310/14219, rows 14219)
[ 15604.4s]   [4,10p5] level 1: 1779 pivots (col 5320/14219, rows 14219)
[ 15606.6s]   [4,10p5] level 1: 1782 pivots (col 5601/14219, rows 14219)
[ 15608.8s]   [4,10p5] level 1: 1785 pivots (col 5605/14219, rows 14219)
[ 15611.0s]   [4,10p5] level 1: 1788 pivots (col 5609/14219, rows 14219)
[ 15613.3s]   [4,10p5] level 1: 1791 pivots (col 5612/14219, rows 14219)
[ 15615.5s]   [4,10p5] level 1: 1794 pivots (col 5615/14219, rows 14219)
[ 15617.7s]   [4,10p5] level 1: 1797 pivots (col 5619/14219, rows 14219)
[ 15619.9s]   [4,10p5] level 1: 1800 pivots (col 5622/14219, rows 14219)
[ 15622.0s]   [4,10p5] level 1: 1803 pivots (col 5625/14219, rows 14219)
[ 15624.2s]   [4,10p5] level 1: 1806 pivots (col 5629/14219, rows 14219)
[ 15626.4s]   [4,10p5] level 1: 1809 pivots (col 5632/14219, rows 14219)
[ 15628.6s]   [4,10p5] level 1: 1812 pivots (col 5636/14219, rows 14219)
[ 15630.8s]   [4,10p5] level 1: 1815 pivots (col 5639/14219, rows 14219)
[ 15633.0s]   [4,10p5] level 1: 1818 pivots (col 5642/14219, rows 14219)
[ 15635.2s]   [4,10p5] level 1: 1821 pivots (col 5646/14219, rows 14219)
[ 15637.3s]   [4,10p5] level 1: 1824 pivots (col 5649/14219, rows 14219)
[ 15639.5s]   [4,10p5] level 1: 1827 pivots (col 5656/14219, rows 14219)
[ 15641.7s]   [4,10p5] level 1: 1830 pivots (col 5675/14219, rows 14219)
[ 15643.9s]   [4,10p5] level 1: 1833 pivots (col 5679/14219, rows 14219)
[ 15646.1s]   [4,10p5] level 1: 1836 pivots (col 5683/14219, rows 14219)
[ 15648.3s]   [4,10p5] level 1: 1839 pivots (col 5686/14219, rows 14219)
[ 15650.5s]   [4,10p5] level 1: 1842 pivots (col 5690/14219, rows 14219)
[ 15652.7s]   [4,10p5] level 1: 1845 pivots (col 5693/14219, rows 14219)
[ 15654.9s]   [4,10p5] level 1: 1848 pivots (col 5696/14219, rows 14219)
[ 15657.1s]   [4,10p5] level 1: 1851 pivots (col 5700/14219, rows 14219)
[ 15659.2s]   [4,10p5] level 1: 1854 pivots (col 5703/14219, rows 14219)
[ 15661.4s]   [4,10p5] level 1: 1857 pivots (col 5707/14219, rows 14219)
[ 15663.6s]   [4,10p5] level 1: 1860 pivots (col 5710/14219, rows 14219)
[ 15665.7s]   [4,10p5] level 1: 1863 pivots (col 5713/14219, rows 14219)
[ 15667.9s]   [4,10p5] level 1: 1866 pivots (col 5717/14219, rows 14219)
[ 15670.1s]   [4,10p5] level 1: 1869 pivots (col 5720/14219, rows 14219)
[ 15672.2s]   [4,10p5] level 1: 1872 pivots (col 5723/14219, rows 14219)
[ 15674.4s]   [4,10p5] level 1: 1875 pivots (col 5728/14219, rows 14219)
[ 15676.5s]   [4,10p5] level 1: 1878 pivots (col 5736/14219, rows 14219)
[ 15678.7s]   [4,10p5] level 1: 1881 pivots (col 5756/14219, rows 14219)
[ 15680.9s]   [4,10p5] level 1: 1884 pivots (col 5759/14219, rows 14219)
[ 15683.0s]   [4,10p5] level 1: 1887 pivots (col 5763/14219, rows 14219)
[ 15685.2s]   [4,10p5] level 1: 1890 pivots (col 5766/14219, rows 14219)
[ 15687.4s]   [4,10p5] level 1: 1893 pivots (col 5770/14219, rows 14219)
[ 15689.5s]   [4,10p5] level 1: 1896 pivots (col 5773/14219, rows 14219)
[ 15691.7s]   [4,10p5] level 1: 1899 pivots (col 5776/14219, rows 14219)
[ 15693.8s]   [4,10p5] level 1: 1902 pivots (col 5780/14219, rows 14219)
[ 15696.0s]   [4,10p5] level 1: 1905 pivots (col 5783/14219, rows 14219)
[ 15698.1s]   [4,10p5] level 1: 1908 pivots (col 5788/14219, rows 14219)
[ 15700.3s]   [4,10p5] level 1: 1911 pivots (col 5791/14219, rows 14219)
[ 15702.4s]   [4,10p5] level 1: 1914 pivots (col 5794/14219, rows 14219)
[ 15704.6s]   [4,10p5] level 1: 1917 pivots (col 5799/14219, rows 14219)
[ 15706.7s]   [4,10p5] level 1: 1920 pivots (col 5802/14219, rows 14219)
[ 15708.8s]   [4,10p5] level 1: 1923 pivots (col 5807/14219, rows 14219)
[ 15711.0s]   [4,10p5] level 1: 1926 pivots (col 5810/14219, rows 14219)
[ 15713.1s]   [4,10p5] level 1: 1929 pivots (col 5818/14219, rows 14219)
[ 15715.3s]   [4,10p5] level 1: 1932 pivots (col 5827/14219, rows 14219)
[ 15717.4s]   [4,10p5] level 1: 1935 pivots (col 5849/14219, rows 14219)
[ 15719.6s]   [4,10p5] level 1: 1938 pivots (col 5852/14219, rows 14219)
[ 15721.7s]   [4,10p5] level 1: 1941 pivots (col 5856/14219, rows 14219)
[ 15723.8s]   [4,10p5] level 1: 1944 pivots (col 5859/14219, rows 14219)
[ 15726.0s]   [4,10p5] level 1: 1947 pivots (col 5862/14219, rows 14219)
[ 15728.1s]   [4,10p5] level 1: 1950 pivots (col 5866/14219, rows 14219)
[ 15730.2s]   [4,10p5] level 1: 1953 pivots (col 5869/14219, rows 14219)
[ 15732.4s]   [4,10p5] level 1: 1956 pivots (col 5872/14219, rows 14219)
[ 15734.5s]   [4,10p5] level 1: 1959 pivots (col 5877/14219, rows 14219)
[ 15736.6s]   [4,10p5] level 1: 1962 pivots (col 5880/14219, rows 14219)
[ 15738.8s]   [4,10p5] level 1: 1965 pivots (col 5883/14219, rows 14219)
[ 15740.9s]   [4,10p5] level 1: 1968 pivots (col 5888/14219, rows 14219)
[ 15743.0s]   [4,10p5] level 1: 1971 pivots (col 5896/14219, rows 14219)
[ 15745.1s]   [4,10p5] level 1: 1974 pivots (col 5899/14219, rows 14219)
[ 15747.3s]   [4,10p5] level 1: 1977 pivots (col 5908/14219, rows 14219)
[ 15749.4s]   [4,10p5] level 1: 1980 pivots (col 5946/14219, rows 14219)
[ 15751.5s]   [4,10p5] level 1: 1983 pivots (col 5949/14219, rows 14219)
[ 15753.7s]   [4,10p5] level 1: 1986 pivots (col 5952/14219, rows 14219)
[ 15755.8s]   [4,10p5] level 1: 1989 pivots (col 5956/14219, rows 14219)
[ 15757.9s]   [4,10p5] level 1: 1992 pivots (col 5959/14219, rows 14219)
[ 15760.0s]   [4,10p5] level 1: 1995 pivots (col 5962/14219, rows 14219)
[ 15762.1s]   [4,10p5] level 1: 1998 pivots (col 5966/14219, rows 14219)
[ 15764.3s]   [4,10p5] level 1: 2001 pivots (col 5969/14219, rows 14219)
[ 15766.4s]   [4,10p5] level 1: 2004 pivots (col 5975/14219, rows 14219)
[ 15768.5s]   [4,10p5] level 1: 2007 pivots (col 5985/14219, rows 14219)
[ 15770.6s]   [4,10p5] level 1: 2010 pivots (col 5995/14219, rows 14219)
[ 15772.7s]   [4,10p5] level 1: 2013 pivots (col 6005/14219, rows 14219)
[ 15774.8s]   [4,10p5] level 1: 2016 pivots (col 6045/14219, rows 14219)
[ 15776.9s]   [4,10p5] level 1: 2019 pivots (col 6048/14219, rows 14219)
[ 15779.1s]   [4,10p5] level 1: 2022 pivots (col 6051/14219, rows 14219)
[ 15781.2s]   [4,10p5] level 1: 2025 pivots (col 6055/14219, rows 14219)
[ 15783.3s]   [4,10p5] level 1: 2028 pivots (col 6058/14219, rows 14219)
[ 15785.4s]   [4,10p5] level 1: 2031 pivots (col 6061/14219, rows 14219)
[ 15787.5s]   [4,10p5] level 1: 2034 pivots (col 6066/14219, rows 14219)
[ 15789.6s]   [4,10p5] level 1: 2037 pivots (col 6074/14219, rows 14219)
[ 15791.7s]   [4,10p5] level 1: 2040 pivots (col 6104/14219, rows 14219)
[ 15793.8s]   [4,10p5] level 1: 2043 pivots (col 6144/14219, rows 14219)
[ 15795.9s]   [4,10p5] level 1: 2046 pivots (col 6147/14219, rows 14219)
[ 15798.0s]   [4,10p5] level 1: 2049 pivots (col 6150/14219, rows 14219)
[ 15800.2s]   [4,10p5] level 1: 2052 pivots (col 6155/14219, rows 14219)
[ 15802.3s]   [4,10p5] level 1: 2055 pivots (col 6158/14219, rows 14219)
[ 15804.4s]   [4,10p5] level 1: 2058 pivots (col 6165/14219, rows 14219)
[ 15806.5s]   [4,10p5] level 1: 2061 pivots (col 6183/14219, rows 14219)
[ 15808.6s]   [4,10p5] level 1: 2064 pivots (col 6213/14219, rows 14219)
[ 15810.6s]   [4,10p5] level 1: 2067 pivots (col 6244/14219, rows 14219)
[ 15812.8s]   [4,10p5] level 1: 2070 pivots (col 6546/14219, rows 14219)
[ 15814.9s]   [4,10p5] level 1: 2073 pivots (col 6549/14219, rows 14219)
[ 15817.0s]   [4,10p5] level 1: 2076 pivots (col 6553/14219, rows 14219)
[ 15819.1s]   [4,10p5] level 1: 2079 pivots (col 6556/14219, rows 14219)
[ 15821.2s]   [4,10p5] level 1: 2082 pivots (col 6559/14219, rows 14219)
[ 15823.3s]   [4,10p5] level 1: 2085 pivots (col 6563/14219, rows 14219)
[ 15825.5s]   [4,10p5] level 1: 2088 pivots (col 6566/14219, rows 14219)
[ 15827.6s]   [4,10p5] level 1: 2091 pivots (col 6570/14219, rows 14219)
[ 15829.7s]   [4,10p5] level 1: 2094 pivots (col 6573/14219, rows 14219)
[ 15831.8s]   [4,10p5] level 1: 2097 pivots (col 6576/14219, rows 14219)
[ 15833.9s]   [4,10p5] level 1: 2100 pivots (col 6580/14219, rows 14219)
[ 15836.0s]   [4,10p5] level 1: 2103 pivots (col 6583/14219, rows 14219)
[ 15838.1s]   [4,10p5] level 1: 2106 pivots (col 6586/14219, rows 14219)
[ 15840.2s]   [4,10p5] level 1: 2109 pivots (col 6590/14219, rows 14219)
[ 15842.3s]   [4,10p5] level 1: 2112 pivots (col 6617/14219, rows 14219)
[ 15844.4s]   [4,10p5] level 1: 2115 pivots (col 6621/14219, rows 14219)
[ 15846.4s]   [4,10p5] level 1: 2118 pivots (col 6625/14219, rows 14219)
[ 15848.5s]   [4,10p5] level 1: 2121 pivots (col 6628/14219, rows 14219)
[ 15850.6s]   [4,10p5] level 1: 2124 pivots (col 6632/14219, rows 14219)
[ 15852.7s]   [4,10p5] level 1: 2127 pivots (col 6635/14219, rows 14219)
[ 15854.8s]   [4,10p5] level 1: 2130 pivots (col 6638/14219, rows 14219)
[ 15856.9s]   [4,10p5] level 1: 2133 pivots (col 6642/14219, rows 14219)
[ 15858.9s]   [4,10p5] level 1: 2136 pivots (col 6645/14219, rows 14219)
[ 15861.0s]   [4,10p5] level 1: 2139 pivots (col 6649/14219, rows 14219)
[ 15863.1s]   [4,10p5] level 1: 2142 pivots (col 6652/14219, rows 14219)
[ 15865.2s]   [4,10p5] level 1: 2145 pivots (col 6655/14219, rows 14219)
[ 15867.2s]   [4,10p5] level 1: 2148 pivots (col 6659/14219, rows 14219)
[ 15869.3s]   [4,10p5] level 1: 2151 pivots (col 6662/14219, rows 14219)
[ 15871.4s]   [4,10p5] level 1: 2154 pivots (col 6665/14219, rows 14219)
[ 15873.5s]   [4,10p5] level 1: 2157 pivots (col 6670/14219, rows 14219)
[ 15875.5s]   [4,10p5] level 1: 2160 pivots (col 6699/14219, rows 14219)
[ 15877.6s]   [4,10p5] level 1: 2163 pivots (col 6702/14219, rows 14219)
[ 15879.7s]   [4,10p5] level 1: 2166 pivots (col 6706/14219, rows 14219)
[ 15881.7s]   [4,10p5] level 1: 2169 pivots (col 6709/14219, rows 14219)
[ 15883.8s]   [4,10p5] level 1: 2172 pivots (col 6713/14219, rows 14219)
[ 15885.9s]   [4,10p5] level 1: 2175 pivots (col 6716/14219, rows 14219)
[ 15887.9s]   [4,10p5] level 1: 2178 pivots (col 6719/14219, rows 14219)
[ 15890.0s]   [4,10p5] level 1: 2181 pivots (col 6723/14219, rows 14219)
[ 15892.1s]   [4,10p5] level 1: 2184 pivots (col 6726/14219, rows 14219)
[ 15894.1s]   [4,10p5] level 1: 2187 pivots (col 6729/14219, rows 14219)
[ 15896.2s]   [4,10p5] level 1: 2190 pivots (col 6733/14219, rows 14219)
[ 15898.2s]   [4,10p5] level 1: 2193 pivots (col 6736/14219, rows 14219)
[ 15900.3s]   [4,10p5] level 1: 2196 pivots (col 6739/14219, rows 14219)
[ 15902.3s]   [4,10p5] level 1: 2199 pivots (col 6745/14219, rows 14219)
[ 15904.4s]   [4,10p5] level 1: 2202 pivots (col 6748/14219, rows 14219)
[ 15906.4s]   [4,10p5] level 1: 2205 pivots (col 6755/14219, rows 14219)
[ 15908.5s]   [4,10p5] level 1: 2208 pivots (col 6758/14219, rows 14219)
[ 15910.5s]   [4,10p5] level 1: 2211 pivots (col 6765/14219, rows 14219)
[ 15912.6s]   [4,10p5] level 1: 2214 pivots (col 6795/14219, rows 14219)
[ 15914.6s]   [4,10p5] level 1: 2217 pivots (col 6798/14219, rows 14219)
[ 15916.7s]   [4,10p5] level 1: 2220 pivots (col 6801/14219, rows 14219)
[ 15918.7s]   [4,10p5] level 1: 2223 pivots (col 6805/14219, rows 14219)
[ 15920.8s]   [4,10p5] level 1: 2226 pivots (col 6808/14219, rows 14219)
[ 15922.8s]   [4,10p5] level 1: 2229 pivots (col 6813/14219, rows 14219)
[ 15924.8s]   [4,10p5] level 1: 2232 pivots (col 6816/14219, rows 14219)
[ 15926.9s]   [4,10p5] level 1: 2235 pivots (col 6823/14219, rows 14219)
[ 15928.9s]   [4,10p5] level 1: 2238 pivots (col 6826/14219, rows 14219)
[ 15930.9s]   [4,10p5] level 1: 2241 pivots (col 6833/14219, rows 14219)
[ 15933.0s]   [4,10p5] level 1: 2244 pivots (col 6836/14219, rows 14219)
[ 15935.0s]   [4,10p5] level 1: 2247 pivots (col 6843/14219, rows 14219)
[ 15937.0s]   [4,10p5] level 1: 2250 pivots (col 6853/14219, rows 14219)
[ 15939.1s]   [4,10p5] level 1: 2253 pivots (col 6894/14219, rows 14219)
[ 15941.1s]   [4,10p5] level 1: 2256 pivots (col 6897/14219, rows 14219)
[ 15943.1s]   [4,10p5] level 1: 2259 pivots (col 6900/14219, rows 14219)
[ 15945.2s]   [4,10p5] level 1: 2262 pivots (col 6904/14219, rows 14219)
[ 15947.2s]   [4,10p5] level 1: 2265 pivots (col 6907/14219, rows 14219)
[ 15949.2s]   [4,10p5] level 1: 2268 pivots (col 6910/14219, rows 14219)
[ 15951.3s]   [4,10p5] level 1: 2271 pivots (col 6915/14219, rows 14219)
[ 15953.3s]   [4,10p5] level 1: 2274 pivots (col 6933/14219, rows 14219)
[ 15955.3s]   [4,10p5] level 1: 2277 pivots (col 6963/14219, rows 14219)
[ 15957.4s]   [4,10p5] level 1: 2280 pivots (col 6995/14219, rows 14219)
[ 15959.4s]   [4,10p5] level 1: 2283 pivots (col 6998/14219, rows 14219)
[ 15961.4s]   [4,10p5] level 1: 2286 pivots (col 7001/14219, rows 14219)
[ 15963.4s]   [4,10p5] level 1: 2289 pivots (col 7005/14219, rows 14219)
[ 15965.5s]   [4,10p5] level 1: 2292 pivots (col 7008/14219, rows 14219)
[ 15967.5s]   [4,10p5] level 1: 2295 pivots (col 7013/14219, rows 14219)
[ 15969.5s]   [4,10p5] level 1: 2298 pivots (col 7016/14219, rows 14219)
[ 15971.5s]   [4,10p5] level 1: 2301 pivots (col 7043/14219, rows 14219)
[ 15973.6s]   [4,10p5] level 1: 2304 pivots (col 7093/14219, rows 14219)
[ 15975.6s]   [4,10p5] level 1: 2307 pivots (col 7096/14219, rows 14219)
[ 15977.6s]   [4,10p5] level 1: 2310 pivots (col 7099/14219, rows 14219)
[ 15979.6s]   [4,10p5] level 1: 2313 pivots (col 7103/14219, rows 14219)
[ 15981.6s]   [4,10p5] level 1: 2316 pivots (col 7106/14219, rows 14219)
[ 15983.6s]   [4,10p5] level 1: 2319 pivots (col 7113/14219, rows 14219)
[ 15985.7s]   [4,10p5] level 1: 2322 pivots (col 7123/14219, rows 14219)
[ 15987.7s]   [4,10p5] level 1: 2325 pivots (col 7194/14219, rows 14219)
[ 15989.7s]   [4,10p5] level 1: 2328 pivots (col 7197/14219, rows 14219)
[ 15991.7s]   [4,10p5] level 1: 2331 pivots (col 7496/14219, rows 14219)
[ 15993.7s]   [4,10p5] level 1: 2334 pivots (col 7500/14219, rows 14219)
[ 15995.8s]   [4,10p5] level 1: 2337 pivots (col 7503/14219, rows 14219)
[ 15997.8s]   [4,10p5] level 1: 2340 pivots (col 7507/14219, rows 14219)
[ 15999.8s]   [4,10p5] level 1: 2343 pivots (col 7510/14219, rows 14219)
[ 16001.8s]   [4,10p5] level 1: 2346 pivots (col 7514/14219, rows 14219)
[ 16003.9s]   [4,10p5] level 1: 2349 pivots (col 7517/14219, rows 14219)
[ 16005.9s]   [4,10p5] level 1: 2352 pivots (col 7520/14219, rows 14219)
[ 16007.9s]   [4,10p5] level 1: 2355 pivots (col 7524/14219, rows 14219)
[ 16009.9s]   [4,10p5] level 1: 2358 pivots (col 7527/14219, rows 14219)
[ 16011.9s]   [4,10p5] level 1: 2361 pivots (col 7530/14219, rows 14219)
[ 16013.9s]   [4,10p5] level 1: 2364 pivots (col 7534/14219, rows 14219)
[ 16016.6s]   [4,10p5] level 1: 2368 pivots (col 7538/14219, rows 14219)
[ 16019.3s]   [4,10p5] level 1: 2372 pivots (col 7572/14219, rows 14219)
[ 16021.3s]   [4,10p5] level 1: 2375 pivots (col 7576/14219, rows 14219)
[ 16023.9s]   [4,10p5] level 1: 2379 pivots (col 7581/14219, rows 14219)
[ 16026.6s]   [4,10p5] level 1: 2383 pivots (col 7586/14219, rows 14219)
[ 16029.2s]   [4,10p5] level 1: 2387 pivots (col 7590/14219, rows 14219)
[ 16031.9s]   [4,10p5] level 1: 2391 pivots (col 7595/14219, rows 14219)
[ 16034.6s]   [4,10p5] level 1: 2395 pivots (col 7599/14219, rows 14219)
[ 16037.2s]   [4,10p5] level 1: 2399 pivots (col 7604/14219, rows 14219)
[ 16039.9s]   [4,10p5] level 1: 2403 pivots (col 7608/14219, rows 14219)
[ 16042.5s]   [4,10p5] level 1: 2407 pivots (col 7612/14219, rows 14219)
[ 16045.2s]   [4,10p5] level 1: 2411 pivots (col 7617/14219, rows 14219)
[ 16047.8s]   [4,10p5] level 1: 2415 pivots (col 7624/14219, rows 14219)
[ 16049.8s]   [4,10p5] level 1: 2418 pivots (col 7656/14219, rows 14219)
[ 16052.5s]   [4,10p5] level 1: 2422 pivots (col 7661/14219, rows 14219)
[ 16055.1s]   [4,10p5] level 1: 2426 pivots (col 7665/14219, rows 14219)
[ 16057.7s]   [4,10p5] level 1: 2430 pivots (col 7670/14219, rows 14219)
[ 16060.4s]   [4,10p5] level 1: 2434 pivots (col 7674/14219, rows 14219)
[ 16063.0s]   [4,10p5] level 1: 2438 pivots (col 7678/14219, rows 14219)
[ 16065.6s]   [4,10p5] level 1: 2442 pivots (col 7683/14219, rows 14219)
[ 16068.3s]   [4,10p5] level 1: 2446 pivots (col 7687/14219, rows 14219)
[ 16070.9s]   [4,10p5] level 1: 2450 pivots (col 7693/14219, rows 14219)
[ 16073.5s]   [4,10p5] level 1: 2454 pivots (col 7700/14219, rows 14219)
[ 16076.1s]   [4,10p5] level 1: 2458 pivots (col 7704/14219, rows 14219)
[ 16078.8s]   [4,10p5] level 1: 2462 pivots (col 7712/14219, rows 14219)
[ 16081.4s]   [4,10p5] level 1: 2466 pivots (col 7750/14219, rows 14219)
[ 16084.0s]   [4,10p5] level 1: 2470 pivots (col 7754/14219, rows 14219)
[ 16086.6s]   [4,10p5] level 1: 2474 pivots (col 7760/14219, rows 14219)
[ 16089.2s]   [4,10p5] level 1: 2478 pivots (col 7764/14219, rows 14219)
[ 16091.8s]   [4,10p5] level 1: 2482 pivots (col 7771/14219, rows 14219)
[ 16094.5s]   [4,10p5] level 1: 2486 pivots (col 7775/14219, rows 14219)
[ 16097.1s]   [4,10p5] level 1: 2490 pivots (col 7783/14219, rows 14219)
[ 16099.7s]   [4,10p5] level 1: 2494 pivots (col 7791/14219, rows 14219)
[ 16102.3s]   [4,10p5] level 1: 2498 pivots (col 7800/14219, rows 14219)
[ 16104.9s]   [4,10p5] level 1: 2502 pivots (col 7850/14219, rows 14219)
[ 16107.5s]   [4,10p5] level 1: 2506 pivots (col 7854/14219, rows 14219)
[ 16110.1s]   [4,10p5] level 1: 2510 pivots (col 7860/14219, rows 14219)
[ 16112.7s]   [4,10p5] level 1: 2514 pivots (col 7864/14219, rows 14219)
[ 16115.3s]   [4,10p5] level 1: 2518 pivots (col 7872/14219, rows 14219)
[ 16117.9s]   [4,10p5] level 1: 2522 pivots (col 7900/14219, rows 14219)
[ 16120.5s]   [4,10p5] level 1: 2526 pivots (col 7952/14219, rows 14219)
[ 16123.1s]   [4,10p5] level 1: 2530 pivots (col 7956/14219, rows 14219)
[ 16125.7s]   [4,10p5] level 1: 2534 pivots (col 7962/14219, rows 14219)
[ 16128.3s]   [4,10p5] level 1: 2538 pivots (col 7970/14219, rows 14219)
[ 16130.9s]   [4,10p5] level 1: 2542 pivots (col 7980/14219, rows 14219)
[ 16133.5s]   [4,10p5] level 1: 2546 pivots (col 8050/14219, rows 14219)
[ 16136.1s]   [4,10p5] level 1: 2550 pivots (col 8054/14219, rows 14219)
[ 16138.7s]   [4,10p5] level 1: 2554 pivots (col 8061/14219, rows 14219)
[ 16141.2s]   [4,10p5] level 1: 2558 pivots (col 8071/14219, rows 14219)
[ 16143.8s]   [4,10p5] level 1: 2562 pivots (col 8452/14219, rows 14219)
[ 16146.4s]   [4,10p5] level 1: 2566 pivots (col 8457/14219, rows 14219)
[ 16149.0s]   [4,10p5] level 1: 2570 pivots (col 8462/14219, rows 14219)
[ 16151.6s]   [4,10p5] level 1: 2574 pivots (col 8466/14219, rows 14219)
[ 16154.2s]   [4,10p5] level 1: 2578 pivots (col 8471/14219, rows 14219)
[ 16156.8s]   [4,10p5] level 1: 2582 pivots (col 8475/14219, rows 14219)
[ 16159.4s]   [4,10p5] level 1: 2586 pivots (col 8480/14219, rows 14219)
[ 16162.0s]   [4,10p5] level 1: 2590 pivots (col 8484/14219, rows 14219)
[ 16164.5s]   [4,10p5] level 1: 2594 pivots (col 8489/14219, rows 14219)
[ 16167.1s]   [4,10p5] level 1: 2598 pivots (col 8493/14219, rows 14219)
[ 16169.7s]   [4,10p5] level 1: 2602 pivots (col 8498/14219, rows 14219)
[ 16172.2s]   [4,10p5] level 1: 2606 pivots (col 8507/14219, rows 14219)
[ 16174.8s]   [4,10p5] level 1: 2610 pivots (col 8528/14219, rows 14219)
[ 16177.4s]   [4,10p5] level 1: 2614 pivots (col 8533/14219, rows 14219)
[ 16179.9s]   [4,10p5] level 1: 2618 pivots (col 8538/14219, rows 14219)
[ 16182.5s]   [4,10p5] level 1: 2622 pivots (col 8543/14219, rows 14219)
[ 16185.1s]   [4,10p5] level 1: 2626 pivots (col 8547/14219, rows 14219)
[ 16187.6s]   [4,10p5] level 1: 2630 pivots (col 8552/14219, rows 14219)
[ 16190.2s]   [4,10p5] level 1: 2634 pivots (col 8556/14219, rows 14219)
[ 16192.7s]   [4,10p5] level 1: 2638 pivots (col 8562/14219, rows 14219)
[ 16195.3s]   [4,10p5] level 1: 2642 pivots (col 8566/14219, rows 14219)
[ 16197.8s]   [4,10p5] level 1: 2646 pivots (col 8572/14219, rows 14219)
[ 16200.3s]   [4,10p5] level 1: 2650 pivots (col 8576/14219, rows 14219)
[ 16202.9s]   [4,10p5] level 1: 2654 pivots (col 8584/14219, rows 14219)
[ 16205.4s]   [4,10p5] level 1: 2658 pivots (col 8593/14219, rows 14219)
[ 16207.9s]   [4,10p5] level 1: 2662 pivots (col 8615/14219, rows 14219)
[ 16210.5s]   [4,10p5] level 1: 2666 pivots (col 8620/14219, rows 14219)
[ 16213.0s]   [4,10p5] level 1: 2670 pivots (col 8624/14219, rows 14219)
[ 16215.5s]   [4,10p5] level 1: 2674 pivots (col 8629/14219, rows 14219)
[ 16218.1s]   [4,10p5] level 1: 2678 pivots (col 8633/14219, rows 14219)
[ 16220.6s]   [4,10p5] level 1: 2682 pivots (col 8638/14219, rows 14219)
[ 16223.1s]   [4,10p5] level 1: 2686 pivots (col 8642/14219, rows 14219)
[ 16225.6s]   [4,10p5] level 1: 2690 pivots (col 8648/14219, rows 14219)
[ 16228.2s]   [4,10p5] level 1: 2694 pivots (col 8652/14219, rows 14219)
[ 16230.7s]   [4,10p5] level 1: 2698 pivots (col 8659/14219, rows 14219)
[ 16233.2s]   [4,10p5] level 1: 2702 pivots (col 8668/14219, rows 14219)
[ 16235.7s]   [4,10p5] level 1: 2706 pivots (col 8706/14219, rows 14219)
[ 16238.2s]   [4,10p5] level 1: 2710 pivots (col 8710/14219, rows 14219)
[ 16240.7s]   [4,10p5] level 1: 2714 pivots (col 8715/14219, rows 14219)
[ 16243.2s]   [4,10p5] level 1: 2718 pivots (col 8719/14219, rows 14219)
[ 16245.7s]   [4,10p5] level 1: 2722 pivots (col 8723/14219, rows 14219)
[ 16248.2s]   [4,10p5] level 1: 2726 pivots (col 8728/14219, rows 14219)
[ 16250.7s]   [4,10p5] level 1: 2730 pivots (col 8735/14219, rows 14219)
[ 16253.2s]   [4,10p5] level 1: 2734 pivots (col 8739/14219, rows 14219)
[ 16255.7s]   [4,10p5] level 1: 2738 pivots (col 8747/14219, rows 14219)
[ 16258.2s]   [4,10p5] level 1: 2742 pivots (col 8757/14219, rows 14219)
[ 16260.7s]   [4,10p5] level 1: 2746 pivots (col 8805/14219, rows 14219)
[ 16263.2s]   [4,10p5] level 1: 2750 pivots (col 8809/14219, rows 14219)
[ 16265.7s]   [4,10p5] level 1: 2754 pivots (col 8814/14219, rows 14219)
[ 16268.2s]   [4,10p5] level 1: 2758 pivots (col 8818/14219, rows 14219)
[ 16270.7s]   [4,10p5] level 1: 2762 pivots (col 8822/14219, rows 14219)
[ 16273.1s]   [4,10p5] level 1: 2766 pivots (col 8827/14219, rows 14219)
[ 16275.6s]   [4,10p5] level 1: 2770 pivots (col 8834/14219, rows 14219)
[ 16278.1s]   [4,10p5] level 1: 2774 pivots (col 8874/14219, rows 14219)
[ 16280.6s]   [4,10p5] level 1: 2778 pivots (col 8906/14219, rows 14219)
[ 16283.0s]   [4,10p5] level 1: 2782 pivots (col 8910/14219, rows 14219)
[ 16285.5s]   [4,10p5] level 1: 2786 pivots (col 8915/14219, rows 14219)
[ 16288.0s]   [4,10p5] level 1: 2790 pivots (col 8919/14219, rows 14219)
[ 16290.5s]   [4,10p5] level 1: 2794 pivots (col 8925/14219, rows 14219)
[ 16292.9s]   [4,10p5] level 1: 2798 pivots (col 8943/14219, rows 14219)
[ 16295.4s]   [4,10p5] level 1: 2802 pivots (col 8983/14219, rows 14219)
[ 16297.9s]   [4,10p5] level 1: 2806 pivots (col 9006/14219, rows 14219)
[ 16300.3s]   [4,10p5] level 1: 2810 pivots (col 9013/14219, rows 14219)
[ 16302.8s]   [4,10p5] level 1: 2814 pivots (col 9022/14219, rows 14219)
[ 16305.3s]   [4,10p5] level 1: 2818 pivots (col 9405/14219, rows 14219)
[ 16307.8s]   [4,10p5] level 1: 2822 pivots (col 9410/14219, rows 14219)
[ 16310.3s]   [4,10p5] level 1: 2826 pivots (col 9415/14219, rows 14219)
[ 16312.8s]   [4,10p5] level 1: 2830 pivots (col 9419/14219, rows 14219)
[ 16315.2s]   [4,10p5] level 1: 2834 pivots (col 9424/14219, rows 14219)
[ 16317.7s]   [4,10p5] level 1: 2838 pivots (col 9428/14219, rows 14219)
[ 16320.2s]   [4,10p5] level 1: 2842 pivots (col 9433/14219, rows 14219)
[ 16322.7s]   [4,10p5] level 1: 2846 pivots (col 9437/14219, rows 14219)
[ 16325.1s]   [4,10p5] level 1: 2850 pivots (col 9442/14219, rows 14219)
[ 16327.6s]   [4,10p5] level 1: 2854 pivots (col 9446/14219, rows 14219)
[ 16330.1s]   [4,10p5] level 1: 2858 pivots (col 9451/14219, rows 14219)
[ 16332.5s]   [4,10p5] level 1: 2862 pivots (col 9480/14219, rows 14219)
[ 16335.0s]   [4,10p5] level 1: 2866 pivots (col 9485/14219, rows 14219)
[ 16337.5s]   [4,10p5] level 1: 2870 pivots (col 9489/14219, rows 14219)
[ 16339.9s]   [4,10p5] level 1: 2874 pivots (col 9494/14219, rows 14219)
[ 16342.4s]   [4,10p5] level 1: 2878 pivots (col 9499/14219, rows 14219)
[ 16344.8s]   [4,10p5] level 1: 2882 pivots (col 9503/14219, rows 14219)
[ 16347.3s]   [4,10p5] level 1: 2886 pivots (col 9508/14219, rows 14219)
[ 16349.7s]   [4,10p5] level 1: 2890 pivots (col 9512/14219, rows 14219)
[ 16352.2s]   [4,10p5] level 1: 2894 pivots (col 9518/14219, rows 14219)
[ 16354.6s]   [4,10p5] level 1: 2898 pivots (col 9522/14219, rows 14219)
[ 16357.0s]   [4,10p5] level 1: 2902 pivots (col 9529/14219, rows 14219)
[ 16359.4s]   [4,10p5] level 1: 2906 pivots (col 9537/14219, rows 14219)
[ 16361.9s]   [4,10p5] level 1: 2910 pivots (col 9568/14219, rows 14219)
[ 16364.3s]   [4,10p5] level 1: 2914 pivots (col 9573/14219, rows 14219)
[ 16366.7s]   [4,10p5] level 1: 2918 pivots (col 9577/14219, rows 14219)
[ 16369.2s]   [4,10p5] level 1: 2922 pivots (col 9582/14219, rows 14219)
[ 16371.6s]   [4,10p5] level 1: 2926 pivots (col 9586/14219, rows 14219)
[ 16374.0s]   [4,10p5] level 1: 2930 pivots (col 9590/14219, rows 14219)
[ 16376.4s]   [4,10p5] level 1: 2934 pivots (col 9595/14219, rows 14219)
[ 16378.8s]   [4,10p5] level 1: 2938 pivots (col 9602/14219, rows 14219)
[ 16381.2s]   [4,10p5] level 1: 2942 pivots (col 9606/14219, rows 14219)
[ 16383.6s]   [4,10p5] level 1: 2946 pivots (col 9614/14219, rows 14219)
[ 16386.0s]   [4,10p5] level 1: 2950 pivots (col 9623/14219, rows 14219)
[ 16388.5s]   [4,10p5] level 1: 2954 pivots (col 9664/14219, rows 14219)
[ 16390.9s]   [4,10p5] level 1: 2958 pivots (col 9668/14219, rows 14219)
[ 16393.3s]   [4,10p5] level 1: 2962 pivots (col 9673/14219, rows 14219)
[ 16395.7s]   [4,10p5] level 1: 2966 pivots (col 9677/14219, rows 14219)
[ 16398.1s]   [4,10p5] level 1: 2970 pivots (col 9683/14219, rows 14219)
[ 16400.5s]   [4,10p5] level 1: 2974 pivots (col 9687/14219, rows 14219)
[ 16402.9s]   [4,10p5] level 1: 2978 pivots (col 9695/14219, rows 14219)
[ 16405.3s]   [4,10p5] level 1: 2982 pivots (col 9703/14219, rows 14219)
[ 16407.7s]   [4,10p5] level 1: 2986 pivots (col 9722/14219, rows 14219)
[ 16410.1s]   [4,10p5] level 1: 2990 pivots (col 9764/14219, rows 14219)
[ 16412.5s]   [4,10p5] level 1: 2994 pivots (col 9768/14219, rows 14219)
[ 16414.8s]   [4,10p5] level 1: 2998 pivots (col 9773/14219, rows 14219)
[ 16417.2s]   [4,10p5] level 1: 3002 pivots (col 9777/14219, rows 14219)
[ 16419.6s]   [4,10p5] level 1: 3006 pivots (col 9783/14219, rows 14219)
[ 16422.0s]   [4,10p5] level 1: 3010 pivots (col 9802/14219, rows 14219)
[ 16424.4s]   [4,10p5] level 1: 3014 pivots (col 9862/14219, rows 14219)
[ 16426.7s]   [4,10p5] level 1: 3018 pivots (col 9866/14219, rows 14219)
[ 16429.1s]   [4,10p5] level 1: 3022 pivots (col 9870/14219, rows 14219)
[ 16431.5s]   [4,10p5] level 1: 3026 pivots (col 9875/14219, rows 14219)
[ 16433.9s]   [4,10p5] level 1: 3030 pivots (col 9883/14219, rows 14219)
[ 16436.2s]   [4,10p5] level 1: 3034 pivots (col 9912/14219, rows 14219)
[ 16438.6s]   [4,10p5] level 1: 3038 pivots (col 9963/14219, rows 14219)
[ 16441.0s]   [4,10p5] level 1: 3042 pivots (col 9967/14219, rows 14219)
[ 16443.4s]   [4,10p5] level 1: 3046 pivots (col 10362/14219, rows 14219)
[ 16445.8s]   [4,10p5] level 1: 3050 pivots (col 10367/14219, rows 14219)
[ 16448.1s]   [4,10p5] level 1: 3054 pivots (col 10372/14219, rows 14219)
[ 16450.5s]   [4,10p5] level 1: 3058 pivots (col 10377/14219, rows 14219)
[ 16452.9s]   [4,10p5] level 1: 3062 pivots (col 10381/14219, rows 14219)
[ 16455.3s]   [4,10p5] level 1: 3066 pivots (col 10386/14219, rows 14219)
[ 16457.7s]   [4,10p5] level 1: 3070 pivots (col 10390/14219, rows 14219)
[ 16460.0s]   [4,10p5] level 1: 3074 pivots (col 10395/14219, rows 14219)
[ 16462.4s]   [4,10p5] level 1: 3078 pivots (col 10399/14219, rows 14219)
[ 16464.8s]   [4,10p5] level 1: 3082 pivots (col 10404/14219, rows 14219)
[ 16467.1s]   [4,10p5] level 1: 3086 pivots (col 10408/14219, rows 14219)
[ 16469.5s]   [4,10p5] level 1: 3090 pivots (col 10442/14219, rows 14219)
[ 16471.8s]   [4,10p5] level 1: 3094 pivots (col 10447/14219, rows 14219)
[ 16474.2s]   [4,10p5] level 1: 3098 pivots (col 10451/14219, rows 14219)
[ 16476.5s]   [4,10p5] level 1: 3102 pivots (col 10456/14219, rows 14219)
[ 16478.9s]   [4,10p5] level 1: 3106 pivots (col 10461/14219, rows 14219)
[ 16481.2s]   [4,10p5] level 1: 3110 pivots (col 10465/14219, rows 14219)
[ 16483.5s]   [4,10p5] level 1: 3114 pivots (col 10471/14219, rows 14219)
[ 16485.9s]   [4,10p5] level 1: 3118 pivots (col 10475/14219, rows 14219)
[ 16488.2s]   [4,10p5] level 1: 3122 pivots (col 10481/14219, rows 14219)
[ 16490.6s]   [4,10p5] level 1: 3126 pivots (col 10485/14219, rows 14219)
[ 16492.9s]   [4,10p5] level 1: 3130 pivots (col 10492/14219, rows 14219)
[ 16495.3s]   [4,10p5] level 1: 3134 pivots (col 10530/14219, rows 14219)
[ 16497.6s]   [4,10p5] level 1: 3138 pivots (col 10534/14219, rows 14219)
[ 16499.9s]   [4,10p5] level 1: 3142 pivots (col 10540/14219, rows 14219)
[ 16502.3s]   [4,10p5] level 1: 3146 pivots (col 10547/14219, rows 14219)
[ 16504.6s]   [4,10p5] level 1: 3150 pivots (col 10551/14219, rows 14219)
[ 16506.9s]   [4,10p5] level 1: 3154 pivots (col 10558/14219, rows 14219)
[ 16509.2s]   [4,10p5] level 1: 3158 pivots (col 10562/14219, rows 14219)
[ 16511.5s]   [4,10p5] level 1: 3162 pivots (col 10569/14219, rows 14219)
[ 16513.8s]   [4,10p5] level 1: 3166 pivots (col 10578/14219, rows 14219)
[ 16516.2s]   [4,10p5] level 1: 3170 pivots (col 10587/14219, rows 14219)
[ 16518.5s]   [4,10p5] level 1: 3174 pivots (col 10626/14219, rows 14219)
[ 16520.8s]   [4,10p5] level 1: 3178 pivots (col 10630/14219, rows 14219)
[ 16523.1s]   [4,10p5] level 1: 3182 pivots (col 10636/14219, rows 14219)
[ 16525.4s]   [4,10p5] level 1: 3186 pivots (col 10640/14219, rows 14219)
[ 16527.7s]   [4,10p5] level 1: 3190 pivots (col 10648/14219, rows 14219)
[ 16530.0s]   [4,10p5] level 1: 3194 pivots (col 10657/14219, rows 14219)
[ 16532.3s]   [4,10p5] level 1: 3198 pivots (col 10666/14219, rows 14219)
[ 16534.6s]   [4,10p5] level 1: 3202 pivots (col 10670/14219, rows 14219)
[ 16536.9s]   [4,10p5] level 1: 3206 pivots (col 10726/14219, rows 14219)
[ 16539.2s]   [4,10p5] level 1: 3210 pivots (col 10730/14219, rows 14219)
[ 16541.5s]   [4,10p5] level 1: 3214 pivots (col 10736/14219, rows 14219)
[ 16543.8s]   [4,10p5] level 1: 3218 pivots (col 10740/14219, rows 14219)
[ 16546.1s]   [4,10p5] level 1: 3222 pivots (col 10748/14219, rows 14219)
[ 16548.4s]   [4,10p5] level 1: 3226 pivots (col 10776/14219, rows 14219)
[ 16550.7s]   [4,10p5] level 1: 3230 pivots (col 10828/14219, rows 14219)
[ 16552.9s]   [4,10p5] level 1: 3234 pivots (col 10832/14219, rows 14219)
[ 16555.2s]   [4,10p5] level 1: 3238 pivots (col 10838/14219, rows 14219)
[ 16557.5s]   [4,10p5] level 1: 3242 pivots (col 10846/14219, rows 14219)
[ 16559.8s]   [4,10p5] level 1: 3246 pivots (col 10856/14219, rows 14219)
[ 16562.1s]   [4,10p5] level 1: 3250 pivots (col 11326/14219, rows 14219)
[ 16564.4s]   [4,10p5] level 1: 3254 pivots (col 11332/14219, rows 14219)
[ 16566.7s]   [4,10p5] level 1: 3258 pivots (col 11337/14219, rows 14219)
[ 16569.0s]   [4,10p5] level 1: 3262 pivots (col 11341/14219, rows 14219)
[ 16571.3s]   [4,10p5] level 1: 3266 pivots (col 11346/14219, rows 14219)
[ 16573.6s]   [4,10p5] level 1: 3270 pivots (col 11350/14219, rows 14219)
[ 16575.9s]   [4,10p5] level 1: 3274 pivots (col 11355/14219, rows 14219)
[ 16578.2s]   [4,10p5] level 1: 3278 pivots (col 11359/14219, rows 14219)
[ 16580.5s]   [4,10p5] level 1: 3282 pivots (col 11364/14219, rows 14219)
[ 16582.7s]   [4,10p5] level 1: 3286 pivots (col 11368/14219, rows 14219)
[ 16585.0s]   [4,10p5] level 1: 3290 pivots (col 11375/14219, rows 14219)
[ 16587.3s]   [4,10p5] level 1: 3294 pivots (col 11384/14219, rows 14219)
[ 16589.5s]   [4,10p5] level 1: 3298 pivots (col 11406/14219, rows 14219)
[ 16591.8s]   [4,10p5] level 1: 3302 pivots (col 11411/14219, rows 14219)
[ 16594.1s]   [4,10p5] level 1: 3306 pivots (col 11416/14219, rows 14219)
[ 16596.4s]   [4,10p5] level 1: 3310 pivots (col 11420/14219, rows 14219)
[ 16598.6s]   [4,10p5] level 1: 3314 pivots (col 11425/14219, rows 14219)
[ 16600.9s]   [4,10p5] level 1: 3318 pivots (col 11429/14219, rows 14219)
[ 16603.1s]   [4,10p5] level 1: 3322 pivots (col 11435/14219, rows 14219)
[ 16605.4s]   [4,10p5] level 1: 3326 pivots (col 11439/14219, rows 14219)
[ 16607.6s]   [4,10p5] level 1: 3330 pivots (col 11445/14219, rows 14219)
[ 16609.9s]   [4,10p5] level 1: 3334 pivots (col 11453/14219, rows 14219)
[ 16612.1s]   [4,10p5] level 1: 3338 pivots (col 11457/14219, rows 14219)
[ 16614.4s]   [4,10p5] level 1: 3342 pivots (col 11465/14219, rows 14219)
[ 16616.6s]   [4,10p5] level 1: 3346 pivots (col 11493/14219, rows 14219)
[ 16618.8s]   [4,10p5] level 1: 3350 pivots (col 11498/14219, rows 14219)
[ 16621.1s]   [4,10p5] level 1: 3354 pivots (col 11502/14219, rows 14219)
[ 16623.3s]   [4,10p5] level 1: 3358 pivots (col 11507/14219, rows 14219)
[ 16625.6s]   [4,10p5] level 1: 3362 pivots (col 11511/14219, rows 14219)
[ 16627.8s]   [4,10p5] level 1: 3366 pivots (col 11518/14219, rows 14219)
[ 16630.0s]   [4,10p5] level 1: 3370 pivots (col 11522/14219, rows 14219)
[ 16632.2s]   [4,10p5] level 1: 3374 pivots (col 11529/14219, rows 14219)
[ 16634.5s]   [4,10p5] level 1: 3378 pivots (col 11537/14219, rows 14219)
[ 16636.7s]   [4,10p5] level 1: 3382 pivots (col 11541/14219, rows 14219)
[ 16638.9s]   [4,10p5] level 1: 3386 pivots (col 11557/14219, rows 14219)
[ 16641.1s]   [4,10p5] level 1: 3390 pivots (col 11589/14219, rows 14219)
[ 16643.3s]   [4,10p5] level 1: 3394 pivots (col 11593/14219, rows 14219)
[ 16645.6s]   [4,10p5] level 1: 3398 pivots (col 11598/14219, rows 14219)
[ 16647.8s]   [4,10p5] level 1: 3402 pivots (col 11602/14219, rows 14219)
[ 16650.0s]   [4,10p5] level 1: 3406 pivots (col 11607/14219, rows 14219)
[ 16652.2s]   [4,10p5] level 1: 3410 pivots (col 11611/14219, rows 14219)
[ 16654.4s]   [4,10p5] level 1: 3414 pivots (col 11618/14219, rows 14219)
[ 16656.6s]   [4,10p5] level 1: 3418 pivots (col 11627/14219, rows 14219)
[ 16658.8s]   [4,10p5] level 1: 3422 pivots (col 11656/14219, rows 14219)
[ 16661.0s]   [4,10p5] level 1: 3426 pivots (col 11688/14219, rows 14219)
[ 16663.2s]   [4,10p5] level 1: 3430 pivots (col 11692/14219, rows 14219)
[ 16665.4s]   [4,10p5] level 1: 3434 pivots (col 11697/14219, rows 14219)
[ 16667.6s]   [4,10p5] level 1: 3438 pivots (col 11701/14219, rows 14219)
[ 16669.8s]   [4,10p5] level 1: 3442 pivots (col 11706/14219, rows 14219)
[ 16672.0s]   [4,10p5] level 1: 3446 pivots (col 11710/14219, rows 14219)
[ 16674.2s]   [4,10p5] level 1: 3450 pivots (col 11735/14219, rows 14219)
[ 16676.4s]   [4,10p5] level 1: 3454 pivots (col 11785/14219, rows 14219)
[ 16678.5s]   [4,10p5] level 1: 3458 pivots (col 11789/14219, rows 14219)
[ 16680.7s]   [4,10p5] level 1: 3462 pivots (col 11795/14219, rows 14219)
[ 16682.9s]   [4,10p5] level 1: 3466 pivots (col 11799/14219, rows 14219)
[ 16685.1s]   [4,10p5] level 1: 3470 pivots (col 11884/14219, rows 14219)
[ 16687.3s]   [4,10p5] level 1: 3474 pivots (col 11888/14219, rows 14219)
[ 16689.4s]   [4,10p5] level 1: 3478 pivots (col 11895/14219, rows 14219)
[ 16691.6s]   [4,10p5] level 1: 3482 pivots (col 12283/14219, rows 14219)
[ 16693.9s]   [4,10p5] level 1: 3486 pivots (col 12288/14219, rows 14219)
[ 16696.1s]   [4,10p5] level 1: 3490 pivots (col 12293/14219, rows 14219)
[ 16698.3s]   [4,10p5] level 1: 3494 pivots (col 12298/14219, rows 14219)
[ 16700.5s]   [4,10p5] level 1: 3498 pivots (col 12302/14219, rows 14219)
[ 16702.7s]   [4,10p5] level 1: 3502 pivots (col 12307/14219, rows 14219)
[ 16704.9s]   [4,10p5] level 1: 3506 pivots (col 12311/14219, rows 14219)
[ 16707.1s]   [4,10p5] level 1: 3510 pivots (col 12316/14219, rows 14219)
[ 16709.3s]   [4,10p5] level 1: 3514 pivots (col 12320/14219, rows 14219)
[ 16711.4s]   [4,10p5] level 1: 3518 pivots (col 12326/14219, rows 14219)
[ 16713.6s]   [4,10p5] level 1: 3522 pivots (col 12330/14219, rows 14219)
[ 16715.8s]   [4,10p5] level 1: 3526 pivots (col 12364/14219, rows 14219)
[ 16718.0s]   [4,10p5] level 1: 3530 pivots (col 12368/14219, rows 14219)
[ 16720.1s]   [4,10p5] level 1: 3534 pivots (col 12373/14219, rows 14219)
[ 16722.3s]   [4,10p5] level 1: 3538 pivots (col 12378/14219, rows 14219)
[ 16724.5s]   [4,10p5] level 1: 3542 pivots (col 12383/14219, rows 14219)
[ 16726.7s]   [4,10p5] level 1: 3546 pivots (col 12387/14219, rows 14219)
[ 16728.8s]   [4,10p5] level 1: 3550 pivots (col 12393/14219, rows 14219)
[ 16731.0s]   [4,10p5] level 1: 3554 pivots (col 12397/14219, rows 14219)
[ 16733.1s]   [4,10p5] level 1: 3558 pivots (col 12404/14219, rows 14219)
[ 16735.3s]   [4,10p5] level 1: 3562 pivots (col 12412/14219, rows 14219)
[ 16737.4s]   [4,10p5] level 1: 3566 pivots (col 12416/14219, rows 14219)
[ 16739.6s]   [4,10p5] level 1: 3570 pivots (col 12452/14219, rows 14219)
[ 16741.7s]   [4,10p5] level 1: 3574 pivots (col 12456/14219, rows 14219)
[ 16743.9s]   [4,10p5] level 1: 3578 pivots (col 12461/14219, rows 14219)
[ 16746.0s]   [4,10p5] level 1: 3582 pivots (col 12465/14219, rows 14219)
[ 16748.2s]   [4,10p5] level 1: 3586 pivots (col 12471/14219, rows 14219)
[ 16750.3s]   [4,10p5] level 1: 3590 pivots (col 12475/14219, rows 14219)
[ 16752.4s]   [4,10p5] level 1: 3594 pivots (col 12482/14219, rows 14219)
[ 16754.6s]   [4,10p5] level 1: 3598 pivots (col 12490/14219, rows 14219)
[ 16756.7s]   [4,10p5] level 1: 3602 pivots (col 12494/14219, rows 14219)
[ 16758.8s]   [4,10p5] level 1: 3606 pivots (col 12502/14219, rows 14219)
[ 16760.9s]   [4,10p5] level 1: 3610 pivots (col 12549/14219, rows 14219)
[ 16763.1s]   [4,10p5] level 1: 3614 pivots (col 12553/14219, rows 14219)
[ 16765.2s]   [4,10p5] level 1: 3618 pivots (col 12557/14219, rows 14219)
[ 16767.3s]   [4,10p5] level 1: 3622 pivots (col 12562/14219, rows 14219)
[ 16769.4s]   [4,10p5] level 1: 3626 pivots (col 12566/14219, rows 14219)
[ 16771.6s]   [4,10p5] level 1: 3630 pivots (col 12572/14219, rows 14219)
[ 16773.7s]   [4,10p5] level 1: 3634 pivots (col 12581/14219, rows 14219)
[ 16775.8s]   [4,10p5] level 1: 3638 pivots (col 12590/14219, rows 14219)
[ 16777.9s]   [4,10p5] level 1: 3642 pivots (col 12649/14219, rows 14219)
[ 16780.0s]   [4,10p5] level 1: 3646 pivots (col 12653/14219, rows 14219)
[ 16782.1s]   [4,10p5] level 1: 3650 pivots (col 12657/14219, rows 14219)
[ 16784.2s]   [4,10p5] level 1: 3654 pivots (col 12662/14219, rows 14219)
[ 16786.3s]   [4,10p5] level 1: 3658 pivots (col 12666/14219, rows 14219)
[ 16788.4s]   [4,10p5] level 1: 3662 pivots (col 12672/14219, rows 14219)
[ 16790.5s]   [4,10p5] level 1: 3666 pivots (col 12709/14219, rows 14219)
[ 16792.6s]   [4,10p5] level 1: 3670 pivots (col 12751/14219, rows 14219)
[ 16794.7s]   [4,10p5] level 1: 3674 pivots (col 12755/14219, rows 14219)
[ 16796.8s]   [4,10p5] level 1: 3678 pivots (col 12761/14219, rows 14219)
[ 16798.9s]   [4,10p5] level 1: 3682 pivots (col 12851/14219, rows 14219)
[ 16801.0s]   [4,10p5] level 1: 3686 pivots (col 12855/14219, rows 14219)
[ 16803.1s]   [4,10p5] level 1: 3690 pivots (col 13252/14219, rows 14219)
[ 16805.2s]   [4,10p5] level 1: 3694 pivots (col 13257/14219, rows 14219)
[ 16807.4s]   [4,10p5] level 1: 3698 pivots (col 13262/14219, rows 14219)
[ 16809.5s]   [4,10p5] level 1: 3702 pivots (col 13267/14219, rows 14219)
[ 16811.6s]   [4,10p5] level 1: 3706 pivots (col 13271/14219, rows 14219)
[ 16813.7s]   [4,10p5] level 1: 3710 pivots (col 13276/14219, rows 14219)
[ 16815.8s]   [4,10p5] level 1: 3714 pivots (col 13280/14219, rows 14219)
[ 16817.9s]   [4,10p5] level 1: 3718 pivots (col 13286/14219, rows 14219)
[ 16820.0s]   [4,10p5] level 1: 3722 pivots (col 13290/14219, rows 14219)
[ 16822.1s]   [4,10p5] level 1: 3726 pivots (col 13296/14219, rows 14219)
[ 16824.2s]   [4,10p5] level 1: 3730 pivots (col 13304/14219, rows 14219)
[ 16826.3s]   [4,10p5] level 1: 3734 pivots (col 13337/14219, rows 14219)
[ 16828.4s]   [4,10p5] level 1: 3738 pivots (col 13342/14219, rows 14219)
[ 16830.5s]   [4,10p5] level 1: 3742 pivots (col 13347/14219, rows 14219)
[ 16832.5s]   [4,10p5] level 1: 3746 pivots (col 13351/14219, rows 14219)
[ 16834.6s]   [4,10p5] level 1: 3750 pivots (col 13356/14219, rows 14219)
[ 16836.7s]   [4,10p5] level 1: 3754 pivots (col 13363/14219, rows 14219)
[ 16838.8s]   [4,10p5] level 1: 3758 pivots (col 13367/14219, rows 14219)
[ 16840.8s]   [4,10p5] level 1: 3762 pivots (col 13374/14219, rows 14219)
[ 16842.9s]   [4,10p5] level 1: 3766 pivots (col 13383/14219, rows 14219)
[ 16845.0s]   [4,10p5] level 1: 3770 pivots (col 13387/14219, rows 14219)
[ 16847.0s]   [4,10p5] level 1: 3774 pivots (col 13425/14219, rows 14219)
[ 16849.1s]   [4,10p5] level 1: 3778 pivots (col 13431/14219, rows 14219)
[ 16851.2s]   [4,10p5] level 1: 3782 pivots (col 13435/14219, rows 14219)
[ 16853.2s]   [4,10p5] level 1: 3786 pivots (col 13442/14219, rows 14219)
[ 16855.3s]   [4,10p5] level 1: 3790 pivots (col 13446/14219, rows 14219)
[ 16857.3s]   [4,10p5] level 1: 3794 pivots (col 13453/14219, rows 14219)
[ 16859.4s]   [4,10p5] level 1: 3798 pivots (col 13461/14219, rows 14219)
[ 16861.4s]   [4,10p5] level 1: 3802 pivots (col 13470/14219, rows 14219)
[ 16863.5s]   [4,10p5] level 1: 3806 pivots (col 13480/14219, rows 14219)
[ 16865.5s]   [4,10p5] level 1: 3810 pivots (col 13522/14219, rows 14219)
[ 16867.6s]   [4,10p5] level 1: 3814 pivots (col 13526/14219, rows 14219)
[ 16869.6s]   [4,10p5] level 1: 3818 pivots (col 13532/14219, rows 14219)
[ 16871.6s]   [4,10p5] level 1: 3822 pivots (col 13540/14219, rows 14219)
[ 16873.7s]   [4,10p5] level 1: 3826 pivots (col 13544/14219, rows 14219)
[ 16875.7s]   [4,10p5] level 1: 3830 pivots (col 13553/14219, rows 14219)
[ 16877.7s]   [4,10p5] level 1: 3834 pivots (col 13570/14219, rows 14219)
[ 16879.8s]   [4,10p5] level 1: 3838 pivots (col 13622/14219, rows 14219)
[ 16881.8s]   [4,10p5] level 1: 3842 pivots (col 13626/14219, rows 14219)
[ 16883.8s]   [4,10p5] level 1: 3846 pivots (col 13632/14219, rows 14219)
[ 16885.8s]   [4,10p5] level 1: 3850 pivots (col 13640/14219, rows 14219)
[ 16887.9s]   [4,10p5] level 1: 3854 pivots (col 13650/14219, rows 14219)
[ 16889.9s]   [4,10p5] level 1: 3858 pivots (col 13720/14219, rows 14219)
[ 16891.9s]   [4,10p5] level 1: 3862 pivots (col 13730/14219, rows 14219)
[ 16893.1s]   [4,10p5] level 1 done: 3864 divisors; residual 10355x10355
[ 16895.2s]   [4,10p5] level 2: 5 pivots (col 12/10355, rows 10355)
[ 16897.7s]   [4,10p5] level 2: 10 pivots (col 36/10355, rows 10355)
[ 16900.2s]   [4,10p5] level 2: 15 pivots (col 60/10355, rows 10355)
[ 16902.6s]   [4,10p5] level 2: 20 pivots (col 68/10355, rows 10355)
[ 16905.1s]   [4,10p5] level 2: 25 pivots (col 93/10355, rows 10355)
[ 16907.5s]   [4,10p5] level 2: 30 pivots (col 102/10355, rows 10355)
[ 16910.0s]   [4,10p5] level 2: 35 pivots (col 124/10355, rows 10355)
[ 16912.4s]   [4,10p5] level 2: 40 pivots (col 132/10355, rows 10355)
[ 16914.9s]   [4,10p5] level 2: 45 pivots (col 137/10355, rows 10355)
[ 16917.4s]   [4,10p5] level 2: 50 pivots (col 143/10355, rows 10355)
[ 16919.8s]   [4,10p5] level 2: 55 pivots (col 149/10355, rows 10355)
[ 16922.2s]   [4,10p5] level 2: 60 pivots (col 176/10355, rows 10355)
[ 16924.7s]   [4,10p5] level 2: 65 pivots (col 182/10355, rows 10355)
[ 16927.1s]   [4,10p5] level 2: 70 pivots (col 188/10355, rows 10355)
[ 16929.6s]   [4,10p5] level 2: 75 pivots (col 193/10355, rows 10355)
[ 16932.0s]   [4,10p5] level 2: 80 pivots (col 199/10355, rows 10355)
[ 16934.4s]   [4,10p5] level 2: 85 pivots (col 204/10355, rows 10355)
[ 16936.9s]   [4,10p5] level 2: 90 pivots (col 210/10355, rows 10355)
[ 16939.3s]   [4,10p5] level 2: 95 pivots (col 216/10355, rows 10355)
[ 16941.7s]   [4,10p5] level 2: 100 pivots (col 225/10355, rows 10355)
[ 16944.2s]   [4,10p5] level 2: 105 pivots (col 249/10355, rows 10355)
[ 16946.6s]   [4,10p5] level 2: 110 pivots (col 254/10355, rows 10355)
[ 16949.0s]   [4,10p5] level 2: 115 pivots (col 260/10355, rows 10355)
[ 16951.4s]   [4,10p5] level 2: 120 pivots (col 266/10355, rows 10355)
[ 16953.8s]   [4,10p5] level 2: 125 pivots (col 271/10355, rows 10355)
[ 16956.3s]   [4,10p5] level 2: 130 pivots (col 284/10355, rows 10355)
[ 16958.7s]   [4,10p5] level 2: 135 pivots (col 294/10355, rows 10355)
[ 16961.1s]   [4,10p5] level 2: 140 pivots (col 316/10355, rows 10355)
[ 16963.5s]   [4,10p5] level 2: 145 pivots (col 322/10355, rows 10355)
[ 16965.9s]   [4,10p5] level 2: 150 pivots (col 329/10355, rows 10355)
[ 16968.3s]   [4,10p5] level 2: 155 pivots (col 337/10355, rows 10355)
[ 16970.7s]   [4,10p5] level 2: 160 pivots (col 347/10355, rows 10355)
[ 16973.1s]   [4,10p5] level 2: 165 pivots (col 364/10355, rows 10355)
[ 16975.5s]   [4,10p5] level 2: 170 pivots (col 395/10355, rows 10355)
[ 16977.9s]   [4,10p5] level 2: 175 pivots (col 402/10355, rows 10355)
[ 16980.3s]   [4,10p5] level 2: 180 pivots (col 409/10355, rows 10355)
[ 16982.7s]   [4,10p5] level 2: 185 pivots (col 418/10355, rows 10355)
[ 16985.1s]   [4,10p5] level 2: 190 pivots (col 435/10355, rows 10355)
[ 16987.5s]   [4,10p5] level 2: 195 pivots (col 592/10355, rows 10355)
[ 16989.9s]   [4,10p5] level 2: 200 pivots (col 625/10355, rows 10355)
[ 16992.3s]   [4,10p5] level 2: 205 pivots (col 658/10355, rows 10355)
[ 16994.7s]   [4,10p5] level 2: 210 pivots (col 691/10355, rows 10355)
[ 16997.1s]   [4,10p5] level 2: 215 pivots (col 697/10355, rows 10355)
[ 16999.5s]   [4,10p5] level 2: 220 pivots (col 727/10355, rows 10355)
[ 17001.9s]   [4,10p5] level 2: 225 pivots (col 734/10355, rows 10355)
[ 17004.3s]   [4,10p5] level 2: 230 pivots (col 740/10355, rows 10355)
[ 17006.6s]   [4,10p5] level 2: 235 pivots (col 746/10355, rows 10355)
[ 17009.0s]   [4,10p5] level 2: 240 pivots (col 752/10355, rows 10355)
[ 17011.4s]   [4,10p5] level 2: 245 pivots (col 782/10355, rows 10355)
[ 17013.8s]   [4,10p5] level 2: 250 pivots (col 788/10355, rows 10355)
[ 17016.1s]   [4,10p5] level 2: 255 pivots (col 794/10355, rows 10355)
[ 17018.5s]   [4,10p5] level 2: 260 pivots (col 800/10355, rows 10355)
[ 17020.9s]   [4,10p5] level 2: 265 pivots (col 805/10355, rows 10355)
[ 17023.2s]   [4,10p5] level 2: 270 pivots (col 811/10355, rows 10355)
[ 17025.6s]   [4,10p5] level 2: 275 pivots (col 817/10355, rows 10355)
[ 17027.9s]   [4,10p5] level 2: 280 pivots (col 822/10355, rows 10355)
[ 17030.3s]   [4,10p5] level 2: 285 pivots (col 828/10355, rows 10355)
[ 17032.7s]   [4,10p5] level 2: 290 pivots (col 859/10355, rows 10355)
[ 17035.0s]   [4,10p5] level 2: 295 pivots (col 865/10355, rows 10355)
[ 17037.4s]   [4,10p5] level 2: 300 pivots (col 870/10355, rows 10355)
[ 17039.7s]   [4,10p5] level 2: 305 pivots (col 876/10355, rows 10355)
[ 17042.0s]   [4,10p5] level 2: 310 pivots (col 882/10355, rows 10355)
[ 17044.4s]   [4,10p5] level 2: 315 pivots (col 887/10355, rows 10355)
[ 17046.7s]   [4,10p5] level 2: 320 pivots (col 900/10355, rows 10355)
[ 17049.1s]   [4,10p5] level 2: 325 pivots (col 930/10355, rows 10355)
[ 17051.4s]   [4,10p5] level 2: 330 pivots (col 936/10355, rows 10355)
[ 17053.7s]   [4,10p5] level 2: 335 pivots (col 942/10355, rows 10355)
[ 17056.1s]   [4,10p5] level 2: 340 pivots (col 949/10355, rows 10355)
[ 17058.4s]   [4,10p5] level 2: 345 pivots (col 957/10355, rows 10355)
[ 17060.7s]   [4,10p5] level 2: 350 pivots (col 974/10355, rows 10355)
[ 17063.0s]   [4,10p5] level 2: 355 pivots (col 1014/10355, rows 10355)
[ 17065.4s]   [4,10p5] level 2: 360 pivots (col 1021/10355, rows 10355)
[ 17067.7s]   [4,10p5] level 2: 365 pivots (col 1028/10355, rows 10355)
[ 17070.0s]   [4,10p5] level 2: 370 pivots (col 1037/10355, rows 10355)
[ 17072.3s]   [4,10p5] level 2: 375 pivots (col 1055/10355, rows 10355)
[ 17074.6s]   [4,10p5] level 2: 380 pivots (col 1318/10355, rows 10355)
[ 17077.0s]   [4,10p5] level 2: 385 pivots (col 1325/10355, rows 10355)
[ 17079.3s]   [4,10p5] level 2: 390 pivots (col 1360/10355, rows 10355)
[ 17081.6s]   [4,10p5] level 2: 395 pivots (col 1368/10355, rows 10355)
[ 17083.9s]   [4,10p5] level 2: 400 pivots (col 1375/10355, rows 10355)
[ 17086.2s]   [4,10p5] level 2: 405 pivots (col 1380/10355, rows 10355)
[ 17088.5s]   [4,10p5] level 2: 410 pivots (col 1386/10355, rows 10355)
[ 17090.8s]   [4,10p5] level 2: 415 pivots (col 1392/10355, rows 10355)
[ 17093.1s]   [4,10p5] level 2: 420 pivots (col 1428/10355, rows 10355)
[ 17095.4s]   [4,10p5] level 2: 425 pivots (col 1434/10355, rows 10355)
[ 17097.7s]   [4,10p5] level 2: 430 pivots (col 1439/10355, rows 10355)
[ 17100.0s]   [4,10p5] level 2: 435 pivots (col 1445/10355, rows 10355)
[ 17102.3s]   [4,10p5] level 2: 440 pivots (col 1450/10355, rows 10355)
[ 17104.6s]   [4,10p5] level 2: 445 pivots (col 1456/10355, rows 10355)
[ 17106.9s]   [4,10p5] level 2: 450 pivots (col 1462/10355, rows 10355)
[ 17109.2s]   [4,10p5] level 2: 455 pivots (col 1467/10355, rows 10355)
[ 17111.4s]   [4,10p5] level 2: 460 pivots (col 1503/10355, rows 10355)
[ 17113.7s]   [4,10p5] level 2: 465 pivots (col 1509/10355, rows 10355)
[ 17116.0s]   [4,10p5] level 2: 470 pivots (col 1515/10355, rows 10355)
[ 17118.3s]   [4,10p5] level 2: 475 pivots (col 1521/10355, rows 10355)
[ 17120.6s]   [4,10p5] level 2: 480 pivots (col 1526/10355, rows 10355)
[ 17122.8s]   [4,10p5] level 2: 485 pivots (col 1533/10355, rows 10355)
[ 17125.1s]   [4,10p5] level 2: 490 pivots (col 1541/10355, rows 10355)
[ 17127.3s]   [4,10p5] level 2: 495 pivots (col 1580/10355, rows 10355)
[ 17129.6s]   [4,10p5] level 2: 500 pivots (col 1586/10355, rows 10355)
[ 17131.9s]   [4,10p5] level 2: 505 pivots (col 1592/10355, rows 10355)
[ 17134.1s]   [4,10p5] level 2: 510 pivots (col 1599/10355, rows 10355)
[ 17136.4s]   [4,10p5] level 2: 515 pivots (col 1615/10355, rows 10355)
[ 17138.6s]   [4,10p5] level 2: 520 pivots (col 1635/10355, rows 10355)
[ 17140.9s]   [4,10p5] level 2: 525 pivots (col 1671/10355, rows 10355)
[ 17143.2s]   [4,10p5] level 2: 530 pivots (col 1676/10355, rows 10355)
[ 17145.4s]   [4,10p5] level 2: 535 pivots (col 1683/10355, rows 10355)
[ 17147.7s]   [4,10p5] level 2: 540 pivots (col 1699/10355, rows 10355)
[ 17149.9s]   [4,10p5] level 2: 545 pivots (col 1866/10355, rows 10355)
[ 17152.1s]   [4,10p5] level 2: 550 pivots (col 1872/10355, rows 10355)
[ 17154.4s]   [4,10p5] level 2: 555 pivots (col 1897/10355, rows 10355)
[ 17156.6s]   [4,10p5] level 2: 560 pivots (col 1921/10355, rows 10355)
[ 17158.9s]   [4,10p5] level 2: 565 pivots (col 1928/10355, rows 10355)
[ 17161.1s]   [4,10p5] level 2: 570 pivots (col 1952/10355, rows 10355)
[ 17163.4s]   [4,10p5] level 2: 575 pivots (col 1958/10355, rows 10355)
[ 17165.6s]   [4,10p5] level 2: 580 pivots (col 1964/10355, rows 10355)
[ 17167.9s]   [4,10p5] level 2: 585 pivots (col 1972/10355, rows 10355)
[ 17170.1s]   [4,10p5] level 2: 590 pivots (col 1995/10355, rows 10355)
[ 17172.3s]   [4,10p5] level 2: 595 pivots (col 2001/10355, rows 10355)
[ 17174.6s]   [4,10p5] level 2: 600 pivots (col 2006/10355, rows 10355)
[ 17176.8s]   [4,10p5] level 2: 605 pivots (col 2012/10355, rows 10355)
[ 17179.0s]   [4,10p5] level 2: 610 pivots (col 2018/10355, rows 10355)
[ 17181.2s]   [4,10p5] level 2: 615 pivots (col 2024/10355, rows 10355)
[ 17183.4s]   [4,10p5] level 2: 620 pivots (col 2033/10355, rows 10355)
[ 17185.6s]   [4,10p5] level 2: 625 pivots (col 2057/10355, rows 10355)
[ 17187.8s]   [4,10p5] level 2: 630 pivots (col 2062/10355, rows 10355)
[ 17190.0s]   [4,10p5] level 2: 635 pivots (col 2068/10355, rows 10355)
[ 17192.2s]   [4,10p5] level 2: 640 pivots (col 2073/10355, rows 10355)
[ 17194.4s]   [4,10p5] level 2: 645 pivots (col 2079/10355, rows 10355)
[ 17196.6s]   [4,10p5] level 2: 650 pivots (col 2085/10355, rows 10355)
[ 17198.8s]   [4,10p5] level 2: 655 pivots (col 2090/10355, rows 10355)
[ 17201.0s]   [4,10p5] level 2: 660 pivots (col 2096/10355, rows 10355)
[ 17203.2s]   [4,10p5] level 2: 665 pivots (col 2122/10355, rows 10355)
[ 17205.4s]   [4,10p5] level 2: 670 pivots (col 2129/10355, rows 10355)
[ 17207.6s]   [4,10p5] level 2: 675 pivots (col 2134/10355, rows 10355)
[ 17209.7s]   [4,10p5] level 2: 680 pivots (col 2141/10355, rows 10355)
[ 17211.9s]   [4,10p5] level 2: 685 pivots (col 2150/10355, rows 10355)
[ 17214.1s]   [4,10p5] level 2: 690 pivots (col 2165/10355, rows 10355)
[ 17216.3s]   [4,10p5] level 2: 695 pivots (col 2175/10355, rows 10355)
[ 17218.5s]   [4,10p5] level 2: 700 pivots (col 2197/10355, rows 10355)
[ 17220.7s]   [4,10p5] level 2: 705 pivots (col 2204/10355, rows 10355)
[ 17222.8s]   [4,10p5] level 2: 710 pivots (col 2211/10355, rows 10355)
[ 17225.0s]   [4,10p5] level 2: 715 pivots (col 2220/10355, rows 10355)
[ 17227.2s]   [4,10p5] level 2: 720 pivots (col 2230/10355, rows 10355)
[ 17229.3s]   [4,10p5] level 2: 725 pivots (col 2249/10355, rows 10355)
[ 17231.5s]   [4,10p5] level 2: 730 pivots (col 2487/10355, rows 10355)
[ 17233.7s]   [4,10p5] level 2: 735 pivots (col 2546/10355, rows 10355)
[ 17235.9s]   [4,10p5] level 2: 740 pivots (col 2553/10355, rows 10355)
[ 17238.0s]   [4,10p5] level 2: 745 pivots (col 2584/10355, rows 10355)
[ 17240.2s]   [4,10p5] level 2: 750 pivots (col 2590/10355, rows 10355)
[ 17242.4s]   [4,10p5] level 2: 755 pivots (col 2596/10355, rows 10355)
[ 17244.5s]   [4,10p5] level 2: 760 pivots (col 2602/10355, rows 10355)
[ 17246.7s]   [4,10p5] level 2: 765 pivots (col 2632/10355, rows 10355)
[ 17248.8s]   [4,10p5] level 2: 770 pivots (col 2638/10355, rows 10355)
[ 17251.0s]   [4,10p5] level 2: 775 pivots (col 2644/10355, rows 10355)
[ 17253.1s]   [4,10p5] level 2: 780 pivots (col 2650/10355, rows 10355)
[ 17255.3s]   [4,10p5] level 2: 785 pivots (col 2655/10355, rows 10355)
[ 17257.4s]   [4,10p5] level 2: 790 pivots (col 2661/10355, rows 10355)
[ 17259.6s]   [4,10p5] level 2: 795 pivots (col 2667/10355, rows 10355)
[ 17261.7s]   [4,10p5] level 2: 800 pivots (col 2698/10355, rows 10355)
[ 17263.9s]   [4,10p5] level 2: 805 pivots (col 2704/10355, rows 10355)
[ 17266.0s]   [4,10p5] level 2: 810 pivots (col 2709/10355, rows 10355)
[ 17268.1s]   [4,10p5] level 2: 815 pivots (col 2715/10355, rows 10355)
[ 17270.3s]   [4,10p5] level 2: 820 pivots (col 2720/10355, rows 10355)
[ 17272.4s]   [4,10p5] level 2: 825 pivots (col 2726/10355, rows 10355)
[ 17274.5s]   [4,10p5] level 2: 830 pivots (col 2732/10355, rows 10355)
[ 17276.7s]   [4,10p5] level 2: 835 pivots (col 2737/10355, rows 10355)
[ 17278.8s]   [4,10p5] level 2: 840 pivots (col 2743/10355, rows 10355)
[ 17280.9s]   [4,10p5] level 2: 845 pivots (col 2774/10355, rows 10355)
[ 17283.0s]   [4,10p5] level 2: 850 pivots (col 2779/10355, rows 10355)
[ 17285.1s]   [4,10p5] level 2: 855 pivots (col 2785/10355, rows 10355)
[ 17287.2s]   [4,10p5] level 2: 860 pivots (col 2792/10355, rows 10355)
[ 17289.4s]   [4,10p5] level 2: 865 pivots (col 2801/10355, rows 10355)
[ 17291.5s]   [4,10p5] level 2: 870 pivots (col 2811/10355, rows 10355)
[ 17293.6s]   [4,10p5] level 2: 875 pivots (col 2846/10355, rows 10355)
[ 17295.7s]   [4,10p5] level 2: 880 pivots (col 2852/10355, rows 10355)
[ 17297.8s]   [4,10p5] level 2: 885 pivots (col 2859/10355, rows 10355)
[ 17299.9s]   [4,10p5] level 2: 890 pivots (col 2866/10355, rows 10355)
[ 17302.0s]   [4,10p5] level 2: 895 pivots (col 2875/10355, rows 10355)
[ 17304.1s]   [4,10p5] level 2: 900 pivots (col 2893/10355, rows 10355)
[ 17306.2s]   [4,10p5] level 2: 905 pivots (col 3211/10355, rows 10355)
[ 17308.3s]   [4,10p5] level 2: 910 pivots (col 3250/10355, rows 10355)
[ 17310.4s]   [4,10p5] level 2: 915 pivots (col 3257/10355, rows 10355)
[ 17312.5s]   [4,10p5] level 2: 920 pivots (col 3263/10355, rows 10355)
[ 17314.5s]   [4,10p5] level 2: 925 pivots (col 3269/10355, rows 10355)
[ 17316.6s]   [4,10p5] level 2: 930 pivots (col 3305/10355, rows 10355)
[ 17318.7s]   [4,10p5] level 2: 935 pivots (col 3311/10355, rows 10355)
[ 17320.8s]   [4,10p5] level 2: 940 pivots (col 3317/10355, rows 10355)
[ 17322.9s]   [4,10p5] level 2: 945 pivots (col 3323/10355, rows 10355)
[ 17325.0s]   [4,10p5] level 2: 950 pivots (col 3328/10355, rows 10355)
[ 17327.0s]   [4,10p5] level 2: 955 pivots (col 3334/10355, rows 10355)
[ 17329.1s]   [4,10p5] level 2: 960 pivots (col 3339/10355, rows 10355)
[ 17331.2s]   [4,10p5] level 2: 965 pivots (col 3375/10355, rows 10355)
[ 17333.3s]   [4,10p5] level 2: 970 pivots (col 3381/10355, rows 10355)
[ 17335.4s]   [4,10p5] level 2: 975 pivots (col 3387/10355, rows 10355)
[ 17337.4s]   [4,10p5] level 2: 980 pivots (col 3393/10355, rows 10355)
[ 17339.5s]   [4,10p5] level 2: 985 pivots (col 3398/10355, rows 10355)
[ 17341.5s]   [4,10p5] level 2: 990 pivots (col 3404/10355, rows 10355)
[ 17343.6s]   [4,10p5] level 2: 995 pivots (col 3410/10355, rows 10355)
[ 17345.6s]   [4,10p5] level 2: 1000 pivots (col 3415/10355, rows 10355)
[ 17347.7s]   [4,10p5] level 2: 1005 pivots (col 3450/10355, rows 10355)
[ 17349.7s]   [4,10p5] level 2: 1010 pivots (col 3457/10355, rows 10355)
[ 17351.8s]   [4,10p5] level 2: 1015 pivots (col 3462/10355, rows 10355)
[ 17353.8s]   [4,10p5] level 2: 1020 pivots (col 3468/10355, rows 10355)
[ 17355.9s]   [4,10p5] level 2: 1025 pivots (col 3475/10355, rows 10355)
[ 17357.9s]   [4,10p5] level 2: 1030 pivots (col 3485/10355, rows 10355)
[ 17359.9s]   [4,10p5] level 2: 1035 pivots (col 3500/10355, rows 10355)
[ 17362.0s]   [4,10p5] level 2: 1040 pivots (col 3535/10355, rows 10355)
[ 17364.0s]   [4,10p5] level 2: 1045 pivots (col 3542/10355, rows 10355)
[ 17366.0s]   [4,10p5] level 2: 1050 pivots (col 3550/10355, rows 10355)
[ 17368.1s]   [4,10p5] level 2: 1055 pivots (col 3559/10355, rows 10355)
[ 17370.1s]   [4,10p5] level 2: 1060 pivots (col 3580/10355, rows 10355)
[ 17372.1s]   [4,10p5] level 2: 1065 pivots (col 3830/10355, rows 10355)
[ 17374.2s]   [4,10p5] level 2: 1070 pivots (col 3854/10355, rows 10355)
[ 17376.2s]   [4,10p5] level 2: 1075 pivots (col 3861/10355, rows 10355)
[ 17378.2s]   [4,10p5] level 2: 1080 pivots (col 3886/10355, rows 10355)
[ 17380.2s]   [4,10p5] level 2: 1085 pivots (col 3892/10355, rows 10355)
[ 17382.2s]   [4,10p5] level 2: 1090 pivots (col 3900/10355, rows 10355)
[ 17384.2s]   [4,10p5] level 2: 1095 pivots (col 3923/10355, rows 10355)
[ 17386.2s]   [4,10p5] level 2: 1100 pivots (col 3929/10355, rows 10355)
[ 17388.2s]   [4,10p5] level 2: 1105 pivots (col 3935/10355, rows 10355)
[ 17390.2s]   [4,10p5] level 2: 1110 pivots (col 3941/10355, rows 10355)
[ 17392.6s]   [4,10p5] level 2: 1116 pivots (col 3950/10355, rows 10355)
[ 17395.0s]   [4,10p5] level 2: 1122 pivots (col 3974/10355, rows 10355)
[ 17397.4s]   [4,10p5] level 2: 1128 pivots (col 3981/10355, rows 10355)
[ 17399.8s]   [4,10p5] level 2: 1134 pivots (col 3988/10355, rows 10355)
[ 17402.2s]   [4,10p5] level 2: 1140 pivots (col 3995/10355, rows 10355)
[ 17404.6s]   [4,10p5] level 2: 1146 pivots (col 4002/10355, rows 10355)
[ 17407.0s]   [4,10p5] level 2: 1152 pivots (col 4012/10355, rows 10355)
[ 17409.3s]   [4,10p5] level 2: 1158 pivots (col 4036/10355, rows 10355)
[ 17411.7s]   [4,10p5] level 2: 1164 pivots (col 4043/10355, rows 10355)
[ 17414.1s]   [4,10p5] level 2: 1170 pivots (col 4050/10355, rows 10355)
[ 17416.5s]   [4,10p5] level 2: 1176 pivots (col 4060/10355, rows 10355)
[ 17418.8s]   [4,10p5] level 2: 1182 pivots (col 4074/10355, rows 10355)
[ 17421.2s]   [4,10p5] level 2: 1188 pivots (col 4084/10355, rows 10355)
[ 17423.6s]   [4,10p5] level 2: 1194 pivots (col 4109/10355, rows 10355)
[ 17425.9s]   [4,10p5] level 2: 1200 pivots (col 4117/10355, rows 10355)
[ 17428.3s]   [4,10p5] level 2: 1206 pivots (col 4126/10355, rows 10355)
[ 17430.6s]   [4,10p5] level 2: 1212 pivots (col 4143/10355, rows 10355)
[ 17432.9s]   [4,10p5] level 2: 1218 pivots (col 4161/10355, rows 10355)
[ 17435.3s]   [4,10p5] level 2: 1224 pivots (col 4483/10355, rows 10355)
[ 17437.6s]   [4,10p5] level 2: 1230 pivots (col 4517/10355, rows 10355)
[ 17440.0s]   [4,10p5] level 2: 1236 pivots (col 4551/10355, rows 10355)
[ 17442.3s]   [4,10p5] level 2: 1242 pivots (col 4558/10355, rows 10355)
[ 17444.6s]   [4,10p5] level 2: 1248 pivots (col 4590/10355, rows 10355)
[ 17447.0s]   [4,10p5] level 2: 1254 pivots (col 4598/10355, rows 10355)
[ 17449.3s]   [4,10p5] level 2: 1260 pivots (col 4605/10355, rows 10355)
[ 17451.6s]   [4,10p5] level 2: 1266 pivots (col 4611/10355, rows 10355)
[ 17453.9s]   [4,10p5] level 2: 1272 pivots (col 4643/10355, rows 10355)
[ 17456.2s]   [4,10p5] level 2: 1278 pivots (col 4651/10355, rows 10355)
[ 17458.6s]   [4,10p5] level 2: 1284 pivots (col 4657/10355, rows 10355)
[ 17460.9s]   [4,10p5] level 2: 1290 pivots (col 4664/10355, rows 10355)
[ 17463.2s]   [4,10p5] level 2: 1296 pivots (col 4671/10355, rows 10355)
[ 17465.5s]   [4,10p5] level 2: 1302 pivots (col 4678/10355, rows 10355)
[ 17467.8s]   [4,10p5] level 2: 1308 pivots (col 4684/10355, rows 10355)
[ 17470.0s]   [4,10p5] level 2: 1314 pivots (col 4691/10355, rows 10355)
[ 17472.3s]   [4,10p5] level 2: 1320 pivots (col 4723/10355, rows 10355)
[ 17474.6s]   [4,10p5] level 2: 1326 pivots (col 4730/10355, rows 10355)
[ 17476.9s]   [4,10p5] level 2: 1332 pivots (col 4737/10355, rows 10355)
[ 17479.2s]   [4,10p5] level 2: 1338 pivots (col 4744/10355, rows 10355)
[ 17481.5s]   [4,10p5] level 2: 1344 pivots (col 4750/10355, rows 10355)
[ 17483.7s]   [4,10p5] level 2: 1350 pivots (col 4757/10355, rows 10355)
[ 17486.0s]   [4,10p5] level 2: 1356 pivots (col 4765/10355, rows 10355)
[ 17488.3s]   [4,10p5] level 2: 1362 pivots (col 4797/10355, rows 10355)
[ 17490.5s]   [4,10p5] level 2: 1368 pivots (col 4805/10355, rows 10355)
[ 17492.8s]   [4,10p5] level 2: 1374 pivots (col 4814/10355, rows 10355)
[ 17495.1s]   [4,10p5] level 2: 1380 pivots (col 4831/10355, rows 10355)
[ 17497.3s]   [4,10p5] level 2: 1386 pivots (col 4871/10355, rows 10355)
[ 17499.6s]   [4,10p5] level 2: 1392 pivots (col 5245/10355, rows 10355)
[ 17501.8s]   [4,10p5] level 2: 1398 pivots (col 5253/10355, rows 10355)
[ 17504.1s]   [4,10p5] level 2: 1404 pivots (col 5291/10355, rows 10355)
[ 17506.3s]   [4,10p5] level 2: 1410 pivots (col 5299/10355, rows 10355)
[ 17508.5s]   [4,10p5] level 2: 1416 pivots (col 5306/10355, rows 10355)
[ 17510.8s]   [4,10p5] level 2: 1422 pivots (col 5313/10355, rows 10355)
[ 17513.0s]   [4,10p5] level 2: 1428 pivots (col 5349/10355, rows 10355)
[ 17515.2s]   [4,10p5] level 2: 1434 pivots (col 5357/10355, rows 10355)
[ 17517.5s]   [4,10p5] level 2: 1440 pivots (col 5364/10355, rows 10355)
[ 17519.7s]   [4,10p5] level 2: 1446 pivots (col 5371/10355, rows 10355)
[ 17521.9s]   [4,10p5] level 2: 1452 pivots (col 5377/10355, rows 10355)
[ 17524.1s]   [4,10p5] level 2: 1458 pivots (col 5384/10355, rows 10355)
[ 17526.3s]   [4,10p5] level 2: 1464 pivots (col 5391/10355, rows 10355)
[ 17528.5s]   [4,10p5] level 2: 1470 pivots (col 5427/10355, rows 10355)
[ 17530.7s]   [4,10p5] level 2: 1476 pivots (col 5435/10355, rows 10355)
[ 17532.9s]   [4,10p5] level 2: 1482 pivots (col 5442/10355, rows 10355)
[ 17535.1s]   [4,10p5] level 2: 1488 pivots (col 5449/10355, rows 10355)
[ 17537.3s]   [4,10p5] level 2: 1494 pivots (col 5455/10355, rows 10355)
[ 17539.5s]   [4,10p5] level 2: 1500 pivots (col 5462/10355, rows 10355)
[ 17541.7s]   [4,10p5] level 2: 1506 pivots (col 5469/10355, rows 10355)
[ 17543.9s]   [4,10p5] level 2: 1512 pivots (col 5506/10355, rows 10355)
[ 17546.1s]   [4,10p5] level 2: 1518 pivots (col 5514/10355, rows 10355)
[ 17548.3s]   [4,10p5] level 2: 1524 pivots (col 5522/10355, rows 10355)
[ 17550.5s]   [4,10p5] level 2: 1530 pivots (col 5531/10355, rows 10355)
[ 17552.7s]   [4,10p5] level 2: 1536 pivots (col 5551/10355, rows 10355)
[ 17554.9s]   [4,10p5] level 2: 1542 pivots (col 5900/10355, rows 10355)
[ 17557.0s]   [4,10p5] level 2: 1548 pivots (col 5923/10355, rows 10355)
[ 17559.2s]   [4,10p5] level 2: 1554 pivots (col 5932/10355, rows 10355)
[ 17561.4s]   [4,10p5] level 2: 1560 pivots (col 5957/10355, rows 10355)
[ 17563.5s]   [4,10p5] level 2: 1566 pivots (col 5965/10355, rows 10355)
[ 17565.7s]   [4,10p5] level 2: 1572 pivots (col 5973/10355, rows 10355)
[ 17567.9s]   [4,10p5] level 2: 1578 pivots (col 5982/10355, rows 10355)
[ 17570.0s]   [4,10p5] level 2: 1584 pivots (col 6006/10355, rows 10355)
[ 17572.2s]   [4,10p5] level 2: 1590 pivots (col 6013/10355, rows 10355)
[ 17574.3s]   [4,10p5] level 2: 1596 pivots (col 6020/10355, rows 10355)
[ 17576.5s]   [4,10p5] level 2: 1602 pivots (col 6027/10355, rows 10355)
[ 17578.6s]   [4,10p5] level 2: 1608 pivots (col 6034/10355, rows 10355)
[ 17580.8s]   [4,10p5] level 2: 1614 pivots (col 6062/10355, rows 10355)
[ 17582.9s]   [4,10p5] level 2: 1620 pivots (col 6069/10355, rows 10355)
[ 17585.0s]   [4,10p5] level 2: 1626 pivots (col 6076/10355, rows 10355)
[ 17587.1s]   [4,10p5] level 2: 1632 pivots (col 6083/10355, rows 10355)
[ 17589.3s]   [4,10p5] level 2: 1638 pivots (col 6089/10355, rows 10355)
[ 17591.4s]   [4,10p5] level 2: 1644 pivots (col 6096/10355, rows 10355)
[ 17593.5s]   [4,10p5] level 2: 1650 pivots (col 6103/10355, rows 10355)
[ 17595.6s]   [4,10p5] level 2: 1656 pivots (col 6130/10355, rows 10355)
[ 17597.7s]   [4,10p5] level 2: 1662 pivots (col 6138/10355, rows 10355)
[ 17599.9s]   [4,10p5] level 2: 1668 pivots (col 6146/10355, rows 10355)
[ 17602.0s]   [4,10p5] level 2: 1674 pivots (col 6156/10355, rows 10355)
[ 17604.1s]   [4,10p5] level 2: 1680 pivots (col 6166/10355, rows 10355)
[ 17606.2s]   [4,10p5] level 2: 1686 pivots (col 6176/10355, rows 10355)
[ 17608.3s]   [4,10p5] level 2: 1692 pivots (col 6202/10355, rows 10355)
[ 17610.4s]   [4,10p5] level 2: 1698 pivots (col 6211/10355, rows 10355)
[ 17612.5s]   [4,10p5] level 2: 1704 pivots (col 6596/10355, rows 10355)
[ 17614.6s]   [4,10p5] level 2: 1710 pivots (col 6629/10355, rows 10355)
[ 17616.6s]   [4,10p5] level 2: 1716 pivots (col 6636/10355, rows 10355)
[ 17618.7s]   [4,10p5] level 2: 1722 pivots (col 6669/10355, rows 10355)
[ 17620.8s]   [4,10p5] level 2: 1728 pivots (col 6676/10355, rows 10355)
[ 17622.9s]   [4,10p5] level 2: 1734 pivots (col 6683/10355, rows 10355)
[ 17624.9s]   [4,10p5] level 2: 1740 pivots (col 6714/10355, rows 10355)
[ 17627.0s]   [4,10p5] level 2: 1746 pivots (col 6722/10355, rows 10355)
[ 17629.0s]   [4,10p5] level 2: 1752 pivots (col 6729/10355, rows 10355)
[ 17631.1s]   [4,10p5] level 2: 1758 pivots (col 6735/10355, rows 10355)
[ 17633.1s]   [4,10p5] level 2: 1764 pivots (col 6742/10355, rows 10355)
[ 17635.2s]   [4,10p5] level 2: 1770 pivots (col 6749/10355, rows 10355)
[ 17637.2s]   [4,10p5] level 2: 1776 pivots (col 6781/10355, rows 10355)
[ 17639.3s]   [4,10p5] level 2: 1782 pivots (col 6788/10355, rows 10355)
[ 17641.3s]   [4,10p5] level 2: 1788 pivots (col 6795/10355, rows 10355)
[ 17643.4s]   [4,10p5] level 2: 1794 pivots (col 6802/10355, rows 10355)
[ 17645.4s]   [4,10p5] level 2: 1800 pivots (col 6808/10355, rows 10355)
[ 17647.4s]   [4,10p5] level 2: 1806 pivots (col 6815/10355, rows 10355)
[ 17649.5s]   [4,10p5] level 2: 1812 pivots (col 6822/10355, rows 10355)
[ 17651.5s]   [4,10p5] level 2: 1818 pivots (col 6854/10355, rows 10355)
[ 17653.5s]   [4,10p5] level 2: 1824 pivots (col 6861/10355, rows 10355)
[ 17655.5s]   [4,10p5] level 2: 1830 pivots (col 6870/10355, rows 10355)
[ 17657.5s]   [4,10p5] level 2: 1836 pivots (col 6880/10355, rows 10355)
[ 17659.5s]   [4,10p5] level 2: 1842 pivots (col 6890/10355, rows 10355)
[ 17661.6s]   [4,10p5] level 2: 1848 pivots (col 6900/10355, rows 10355)
[ 17663.6s]   [4,10p5] level 2: 1854 pivots (col 6932/10355, rows 10355)
[ 17665.6s]   [4,10p5] level 2: 1860 pivots (col 7363/10355, rows 10355)
[ 17667.6s]   [4,10p5] level 2: 1866 pivots (col 7400/10355, rows 10355)
[ 17669.6s]   [4,10p5] level 2: 1872 pivots (col 7409/10355, rows 10355)
[ 17671.9s]   [4,10p5] level 2: 1879 pivots (col 7418/10355, rows 10355)
[ 17674.2s]   [4,10p5] level 2: 1886 pivots (col 7456/10355, rows 10355)
[ 17676.6s]   [4,10p5] level 2: 1893 pivots (col 7465/10355, rows 10355)
[ 17678.9s]   [4,10p5] level 2: 1900 pivots (col 7474/10355, rows 10355)
[ 17681.2s]   [4,10p5] level 2: 1907 pivots (col 7482/10355, rows 10355)
[ 17683.5s]   [4,10p5] level 2: 1914 pivots (col 7489/10355, rows 10355)
[ 17685.7s]   [4,10p5] level 2: 1921 pivots (col 7528/10355, rows 10355)
[ 17688.1s]   [4,10p5] level 2: 1928 pivots (col 7536/10355, rows 10355)
[ 17690.3s]   [4,10p5] level 2: 1935 pivots (col 7544/10355, rows 10355)
[ 17692.6s]   [4,10p5] level 2: 1942 pivots (col 7552/10355, rows 10355)
[ 17694.9s]   [4,10p5] level 2: 1949 pivots (col 7560/10355, rows 10355)
[ 17697.2s]   [4,10p5] level 2: 1956 pivots (col 7567/10355, rows 10355)
[ 17699.4s]   [4,10p5] level 2: 1963 pivots (col 7606/10355, rows 10355)
[ 17701.7s]   [4,10p5] level 2: 1970 pivots (col 7614/10355, rows 10355)
[ 17704.0s]   [4,10p5] level 2: 1977 pivots (col 7622/10355, rows 10355)
[ 17706.2s]   [4,10p5] level 2: 1984 pivots (col 7633/10355, rows 10355)
[ 17708.5s]   [4,10p5] level 2: 1991 pivots (col 7650/10355, rows 10355)
[ 17710.7s]   [4,10p5] level 2: 1998 pivots (col 8084/10355, rows 10355)
[ 17713.0s]   [4,10p5] level 2: 2005 pivots (col 8093/10355, rows 10355)
[ 17715.2s]   [4,10p5] level 2: 2012 pivots (col 8118/10355, rows 10355)
[ 17717.5s]   [4,10p5] level 2: 2019 pivots (col 8130/10355, rows 10355)
[ 17719.7s]   [4,10p5] level 2: 2026 pivots (col 8154/10355, rows 10355)
[ 17721.9s]   [4,10p5] level 2: 2033 pivots (col 8163/10355, rows 10355)
[ 17724.2s]   [4,10p5] level 2: 2040 pivots (col 8172/10355, rows 10355)
[ 17726.4s]   [4,10p5] level 2: 2047 pivots (col 8183/10355, rows 10355)
[ 17728.6s]   [4,10p5] level 2: 2054 pivots (col 8210/10355, rows 10355)
[ 17730.8s]   [4,10p5] level 2: 2061 pivots (col 8218/10355, rows 10355)
[ 17733.1s]   [4,10p5] level 2: 2068 pivots (col 8226/10355, rows 10355)
[ 17735.3s]   [4,10p5] level 2: 2075 pivots (col 8233/10355, rows 10355)
[ 17737.5s]   [4,10p5] level 2: 2082 pivots (col 8245/10355, rows 10355)
[ 17739.6s]   [4,10p5] level 2: 2089 pivots (col 8271/10355, rows 10355)
[ 17741.8s]   [4,10p5] level 2: 2096 pivots (col 8279/10355, rows 10355)
[ 17744.0s]   [4,10p5] level 2: 2103 pivots (col 8287/10355, rows 10355)
[ 17746.2s]   [4,10p5] level 2: 2110 pivots (col 8295/10355, rows 10355)
[ 17748.4s]   [4,10p5] level 2: 2117 pivots (col 8302/10355, rows 10355)
[ 17750.5s]   [4,10p5] level 2: 2124 pivots (col 8314/10355, rows 10355)
[ 17752.7s]   [4,10p5] level 2: 2131 pivots (col 8340/10355, rows 10355)
[ 17754.9s]   [4,10p5] level 2: 2138 pivots (col 8395/10355, rows 10355)
[ 17757.1s]   [4,10p5] level 2: 2145 pivots (col 8812/10355, rows 10355)
[ 17759.3s]   [4,10p5] level 2: 2152 pivots (col 8844/10355, rows 10355)
[ 17761.4s]   [4,10p5] level 2: 2159 pivots (col 8853/10355, rows 10355)
[ 17763.6s]   [4,10p5] level 2: 2166 pivots (col 8886/10355, rows 10355)
[ 17765.7s]   [4,10p5] level 2: 2173 pivots (col 8895/10355, rows 10355)
[ 17767.9s]   [4,10p5] level 2: 2180 pivots (col 8904/10355, rows 10355)
[ 17770.0s]   [4,10p5] level 2: 2187 pivots (col 8912/10355, rows 10355)
[ 17772.1s]   [4,10p5] level 2: 2194 pivots (col 8945/10355, rows 10355)
[ 17774.3s]   [4,10p5] level 2: 2201 pivots (col 8954/10355, rows 10355)
[ 17776.4s]   [4,10p5] level 2: 2208 pivots (col 8962/10355, rows 10355)
[ 17778.5s]   [4,10p5] level 2: 2215 pivots (col 8970/10355, rows 10355)
[ 17780.6s]   [4,10p5] level 2: 2222 pivots (col 8977/10355, rows 10355)
[ 17782.7s]   [4,10p5] level 2: 2229 pivots (col 9011/10355, rows 10355)
[ 17784.8s]   [4,10p5] level 2: 2236 pivots (col 9019/10355, rows 10355)
[ 17786.9s]   [4,10p5] level 2: 2243 pivots (col 9027/10355, rows 10355)
[ 17789.0s]   [4,10p5] level 2: 2250 pivots (col 9035/10355, rows 10355)
[ 17791.1s]   [4,10p5] level 2: 2257 pivots (col 9042/10355, rows 10355)
[ 17793.2s]   [4,10p5] level 2: 2264 pivots (col 9050/10355, rows 10355)
[ 17795.3s]   [4,10p5] level 2: 2271 pivots (col 9082/10355, rows 10355)
[ 17797.3s]   [4,10p5] level 2: 2278 pivots (col 9110/10355, rows 10355)
[ 17799.4s]   [4,10p5] level 2: 2285 pivots (col 9571/10355, rows 10355)
[ 17801.5s]   [4,10p5] level 2: 2292 pivots (col 9613/10355, rows 10355)
[ 17803.6s]   [4,10p5] level 2: 2299 pivots (col 9621/10355, rows 10355)
[ 17805.7s]   [4,10p5] level 2: 2306 pivots (col 9661/10355, rows 10355)
[ 17807.7s]   [4,10p5] level 2: 2313 pivots (col 9670/10355, rows 10355)
[ 17809.8s]   [4,10p5] level 2: 2320 pivots (col 9678/10355, rows 10355)
[ 17811.8s]   [4,10p5] level 2: 2327 pivots (col 9716/10355, rows 10355)
[ 17813.9s]   [4,10p5] level 2: 2334 pivots (col 9725/10355, rows 10355)
[ 17815.9s]   [4,10p5] level 2: 2341 pivots (col 9733/10355, rows 10355)
[ 17817.9s]   [4,10p5] level 2: 2348 pivots (col 9741/10355, rows 10355)
[ 17819.9s]   [4,10p5] level 2: 2355 pivots (col 9749/10355, rows 10355)
[ 17822.0s]   [4,10p5] level 2: 2362 pivots (col 9787/10355, rows 10355)
[ 17824.0s]   [4,10p5] level 2: 2369 pivots (col 9795/10355, rows 10355)
[ 17826.0s]   [4,10p5] level 2: 2376 pivots (col 9803/10355, rows 10355)
[ 17828.0s]   [4,10p5] level 2: 2383 pivots (col 9811/10355, rows 10355)
[ 17830.0s]   [4,10p5] level 2: 2390 pivots (col 9819/10355, rows 10355)
[ 17832.3s]   [4,10p5] level 2: 2398 pivots (col 9828/10355, rows 10355)
[ 17834.6s]   [4,10p5] level 2: 2406 pivots (col 9866/10355, rows 10355)
[ 17836.4s]   [4,10p5] level 2 done: 2412 divisors; residual 7943x7943
[ 17838.5s]   [4,10p5] level 3: 8 pivots (col 71/7943, rows 7943)
[ 17840.7s]   [4,10p5] level 3: 16 pivots (col 99/7943, rows 7943)
[ 17843.0s]   [4,10p5] level 3: 24 pivots (col 127/7943, rows 7943)
[ 17845.3s]   [4,10p5] level 3: 32 pivots (col 153/7943, rows 7943)
[ 17847.6s]   [4,10p5] level 3: 40 pivots (col 163/7943, rows 7943)
[ 17849.8s]   [4,10p5] level 3: 48 pivots (col 188/7943, rows 7943)
[ 17852.1s]   [4,10p5] level 3: 56 pivots (col 197/7943, rows 7943)
[ 17854.3s]   [4,10p5] level 3: 64 pivots (col 206/7943, rows 7943)
[ 17856.6s]   [4,10p5] level 3: 72 pivots (col 228/7943, rows 7943)
[ 17858.8s]   [4,10p5] level 3: 80 pivots (col 239/7943, rows 7943)
[ 17861.1s]   [4,10p5] level 3: 88 pivots (col 249/7943, rows 7943)
[ 17863.3s]   [4,10p5] level 3: 96 pivots (col 259/7943, rows 7943)
[ 17865.5s]   [4,10p5] level 3: 104 pivots (col 271/7943, rows 7943)
[ 17867.8s]   [4,10p5] level 3: 112 pivots (col 514/7943, rows 7943)
[ 17870.0s]   [4,10p5] level 3: 120 pivots (col 577/7943, rows 7943)
[ 17872.2s]   [4,10p5] level 3: 128 pivots (col 610/7943, rows 7943)
[ 17874.4s]   [4,10p5] level 3: 136 pivots (col 620/7943, rows 7943)
[ 17876.6s]   [4,10p5] level 3: 144 pivots (col 629/7943, rows 7943)
[ 17878.8s]   [4,10p5] level 3: 152 pivots (col 638/7943, rows 7943)
[ 17881.0s]   [4,10p5] level 3: 160 pivots (col 670/7943, rows 7943)
[ 17883.2s]   [4,10p5] level 3: 168 pivots (col 681/7943, rows 7943)
[ 17885.4s]   [4,10p5] level 3: 176 pivots (col 691/7943, rows 7943)
[ 17887.6s]   [4,10p5] level 3: 184 pivots (col 1047/7943, rows 7943)
[ 17889.8s]   [4,10p5] level 3: 192 pivots (col 1090/7943, rows 7943)
[ 17891.9s]   [4,10p5] level 3: 200 pivots (col 1099/7943, rows 7943)
[ 17894.1s]   [4,10p5] level 3: 208 pivots (col 1109/7943, rows 7943)
[ 17896.4s]   [4,10p5] level 3: 216 pivots (col 1149/7943, rows 7943)
[ 17898.6s]   [4,10p5] level 3: 224 pivots (col 1158/7943, rows 7943)
[ 17900.7s]   [4,10p5] level 3: 232 pivots (col 1169/7943, rows 7943)
[ 17902.9s]   [4,10p5] level 3: 240 pivots (col 1179/7943, rows 7943)
[ 17905.0s]   [4,10p5] level 3: 248 pivots (col 1385/7943, rows 7943)
[ 17907.1s]   [4,10p5] level 3: 256 pivots (col 1414/7943, rows 7943)
[ 17909.3s]   [4,10p5] level 3: 264 pivots (col 1442/7943, rows 7943)
[ 17911.4s]   [4,10p5] level 3: 272 pivots (col 1467/7943, rows 7943)
[ 17913.5s]   [4,10p5] level 3: 280 pivots (col 1477/7943, rows 7943)
[ 17915.6s]   [4,10p5] level 3: 288 pivots (col 1500/7943, rows 7943)
[ 17917.7s]   [4,10p5] level 3: 296 pivots (col 1512/7943, rows 7943)
[ 17919.8s]   [4,10p5] level 3: 304 pivots (col 1522/7943, rows 7943)
[ 17921.9s]   [4,10p5] level 3: 312 pivots (col 1534/7943, rows 7943)
[ 17924.0s]   [4,10p5] level 3: 320 pivots (col 1874/7943, rows 7943)
[ 17926.1s]   [4,10p5] level 3: 328 pivots (col 1935/7943, rows 7943)
[ 17928.2s]   [4,10p5] level 3: 336 pivots (col 1945/7943, rows 7943)
[ 17930.2s]   [4,10p5] level 3: 344 pivots (col 1978/7943, rows 7943)
[ 17932.3s]   [4,10p5] level 3: 352 pivots (col 1989/7943, rows 7943)
[ 17934.4s]   [4,10p5] level 3: 360 pivots (col 1999/7943, rows 7943)
[ 17936.4s]   [4,10p5] level 3: 368 pivots (col 2451/7943, rows 7943)
[ 17938.5s]   [4,10p5] level 3: 376 pivots (col 2461/7943, rows 7943)
[ 17940.5s]   [4,10p5] level 3: 384 pivots (col 2502/7943, rows 7943)
[ 17942.6s]   [4,10p5] level 3: 392 pivots (col 2513/7943, rows 7943)
[ 17944.6s]   [4,10p5] level 3: 400 pivots (col 2523/7943, rows 7943)
[ 17946.6s]   [4,10p5] level 3: 408 pivots (col 2789/7943, rows 7943)
[ 17948.6s]   [4,10p5] level 3: 416 pivots (col 2836/7943, rows 7943)
[ 17950.7s]   [4,10p5] level 3: 424 pivots (col 2864/7943, rows 7943)
[ 17952.7s]   [4,10p5] level 3: 432 pivots (col 2890/7943, rows 7943)
[ 17954.7s]   [4,10p5] level 3: 440 pivots (col 2900/7943, rows 7943)
[ 17956.7s]   [4,10p5] level 3: 448 pivots (col 2926/7943, rows 7943)
[ 17958.9s]   [4,10p5] level 3: 457 pivots (col 2939/7943, rows 7943)
[ 17961.1s]   [4,10p5] level 3: 466 pivots (col 3317/7943, rows 7943)
[ 17963.4s]   [4,10p5] level 3: 475 pivots (col 3410/7943, rows 7943)
[ 17965.6s]   [4,10p5] level 3: 484 pivots (col 3445/7943, rows 7943)
[ 17967.8s]   [4,10p5] level 3: 493 pivots (col 3455/7943, rows 7943)
[ 17970.0s]   [4,10p5] level 3: 502 pivots (col 3997/7943, rows 7943)
[ 17972.2s]   [4,10p5] level 3: 511 pivots (col 4009/7943, rows 7943)
[ 17974.3s]   [4,10p5] level 3: 520 pivots (col 4019/7943, rows 7943)
[ 17976.5s]   [4,10p5] level 3: 529 pivots (col 4403/7943, rows 7943)
[ 17978.7s]   [4,10p5] level 3: 538 pivots (col 4433/7943, rows 7943)
[ 17980.8s]   [4,10p5] level 3: 547 pivots (col 4477/7943, rows 7943)
[ 17983.0s]   [4,10p5] level 3: 556 pivots (col 4489/7943, rows 7943)
[ 17985.1s]   [4,10p5] level 3: 565 pivots (col 4921/7943, rows 7943)
[ 17987.2s]   [4,10p5] level 3: 574 pivots (col 5038/7943, rows 7943)
[ 17989.3s]   [4,10p5] level 3: 583 pivots (col 5050/7943, rows 7943)
[ 17991.4s]   [4,10p5] level 3: 592 pivots (col 5650/7943, rows 7943)
[ 17993.5s]   [4,10p5] level 3: 601 pivots (col 6090/7943, rows 7943)
[ 17995.6s]   [4,10p5] level 3: 610 pivots (col 6137/7943, rows 7943)
[ 17997.7s]   [4,10p5] level 3: 619 pivots (col 6166/7943, rows 7943)
[ 17999.7s]   [4,10p5] level 3: 628 pivots (col 6208/7943, rows 7943)
[ 18001.8s]   [4,10p5] level 3: 637 pivots (col 6757/7943, rows 7943)
[ 18003.2s]   [4,10p5] level 3 done: 643 divisors; residual 7300x7300
[ 18005.3s]   [4,10p5] level 4: 10 pivots (col 169/7300, rows 7300)
[ 18007.5s]   [4,10p5] level 4: 20 pivots (col 522/7300, rows 7300)
[ 18009.7s]   [4,10p5] level 4: 30 pivots (col 1199/7300, rows 7300)
[ 18011.8s]   [4,10p5] level 4: 40 pivots (col 1642/7300, rows 7300)
[ 18013.9s]   [4,10p5] level 4: 50 pivots (col 2481/7300, rows 7300)
[ 18016.0s]   [4,10p5] level 4: 60 pivots (col 5548/7300, rows 7300)
[ 18016.3s]   [4,10p5] level 4 done: 61 divisors; residual 7239x7239
[ 18016.5s]   [4,10p5] level 5 done: 1 divisors; residual 7238x7238
[ 18016.6s]   [4,10p5] level 6 done: 0 divisors; residual 7238x7238
[ 18016.8s]   [4,10p5] level 7 done: 0 divisors; residual 7238x7238
[ 18016.9s]   [4,10p5] level 8 done: 0 divisors; residual 7238x7238
[ 18017.1s]   [4,10p5] level 9 done: 0 divisors; residual 7238x7238
======================================================================
VERDICT (4,10): rank = 7762 (seal 7762: HIT)
  2-adic: 1162,4400,680,1520,0,0,0,0,0,0,0,0,0,0,0,0,0,0,0,0  | sum 7762 unacc 0 E2 = 10320
  5-adic: 781,3864,2412,643,61,1,0,0,0,0  | sum 7762 unacc 0 E5 = 10866
[ 18017.1s] building Gram (4,8) confirm: 7680 planes (raw int8 56 MB)
[ 18017.8s] Gram (4,8) confirm built
[ 18020.1s]   [c48] rank pass: 63 pivots (col 78/7680)
[ 18022.1s]   [c48] rank pass: 114 pivots (col 145/7680)
[ 18024.1s]   [c48] rank pass: 160 pivots (col 205/7680)
[ 18026.1s]   [c48] rank pass: 207 pivots (col 267/7680)
[ 18028.2s]   [c48] rank pass: 258 pivots (col 333/7680)
[ 18030.2s]   [c48] rank pass: 325 pivots (col 418/7680)
[ 18032.2s]   [c48] rank pass: 390 pivots (col 580/7680)
[ 18034.2s]   [c48] rank pass: 443 pivots (col 657/7680)
[ 18036.2s]   [c48] rank pass: 496 pivots (col 733/7680)
[ 18038.3s]   [c48] rank pass: 556 pivots (col 834/7680)
[ 18040.3s]   [c48] rank pass: 620 pivots (col 923/7680)
[ 18042.3s]   [c48] rank pass: 743 pivots (col 1189/7680)
[ 18044.3s]   [c48] rank pass: 871 pivots (col 1427/7680)
[ 18046.3s]   [c48] rank pass: 940 pivots (col 1601/7680)
[ 18048.3s]   [c48] rank pass: 979 pivots (col 1645/7680)
[ 18050.4s]   [c48] rank pass: 1020 pivots (col 1700/7680)
[ 18052.4s]   [c48] rank pass: 1067 pivots (col 1762/7680)
[ 18054.4s]   [c48] rank pass: 1125 pivots (col 1836/7680)
[ 18056.4s]   [c48] rank pass: 1206 pivots (col 2073/7680)
[ 18058.4s]   [c48] rank pass: 1260 pivots (col 2150/7680)
[ 18060.5s]   [c48] rank pass: 1314 pivots (col 2244/7680)
[ 18062.5s]   [c48] rank pass: 1372 pivots (col 2326/7680)
[ 18064.5s]   [c48] rank pass: 1461 pivots (col 2588/7680)
[ 18066.5s]   [c48] rank pass: 1571 pivots (col 2782/7680)
[ 18068.5s]   [c48] rank pass: 1696 pivots (col 3122/7680)
[ 18070.5s]   [c48] rank pass: 1821 pivots (col 3289/7680)
[ 18072.5s]   [c48] rank pass: 1957 pivots (col 3660/7680)
[ 18074.5s]   [c48] rank pass: 2035 pivots (col 3781/7680)
[ 18076.6s]   [c48] rank pass: 2160 pivots (col 4164/7680)
[ 18078.6s]   [c48] rank pass: 2351 pivots (col 4674/7680)
[ 18080.6s]   [c48] rank pass: 2552 pivots (col 5161/7680)
[ 18082.6s]   [c48] rank pass: 2925 pivots (col 6242/7680)
[ 18085.4s]   [c48] level 0: 217 pivots (col 2122/7680, rows 7680)
[ 18087.4s]   [c48] level 0: 407 pivots (col 6659/7680, rows 7680)
[ 18087.7s]   [c48] level 0 done: 428 divisors; residual 7252x7252
[ 18089.7s]   [c48] level 1: 209 pivots (col 5769/7252, rows 7252)
[ 18090.2s]   [c48] level 1 done: 252 divisors; residual 7000x7000
[ 18090.7s]   [c48] level 2 done: 42 divisors; residual 6958x6958
[ 18092.7s]   [c48] level 3: 236 pivots (col 961/6958, rows 6958)
[ 18094.7s]   [c48] level 3: 466 pivots (col 1960/6958, rows 6958)
[ 18096.7s]   [c48] level 3: 707 pivots (col 3245/6958, rows 6958)
[ 18098.7s]   [c48] level 3: 951 pivots (col 4636/6958, rows 6958)
[ 18100.7s]   [c48] level 3: 1200 pivots (col 6490/6958, rows 6958)
[ 18101.0s]   [c48] level 3 done: 1240 divisors; residual 5718x5718
[ 18102.9s]   [c48] level 4 done: 298 divisors; residual 5420x5420
[ 18104.6s]   [c48] level 5 done: 336 divisors; residual 5084x5084
[ 18105.5s]   [c48] level 6 done: 190 divisors; residual 4894x4894
[ 18106.7s]   [c48] level 7 done: 252 divisors; residual 4642x4642
[ 18107.3s]   [c48] level 8 done: 136 divisors; residual 4506x4506
[ 18107.8s]   [c48] level 9 done: 128 divisors; residual 4378x4378
[ 18107.9s]   [c48] level 10 done: 0 divisors; residual 4378x4378
[ 18107.9s]   [c48] level 11 done: 0 divisors; residual 4378x4378
[ 18108.0s]   [c48] level 12 done: 0 divisors; residual 4378x4378
[ 18108.0s]   [c48] level 13 done: 0 divisors; residual 4378x4378
[ 18108.1s]   [c48] level 14 done: 0 divisors; residual 4378x4378
[ 18108.1s]   [c48] level 15 done: 0 divisors; residual 4378x4378
[ 18108.2s]   [c48] level 16 done: 0 divisors; residual 4378x4378
[ 18108.3s]   [c48] level 17 done: 0 divisors; residual 4378x4378
[ 18108.3s]   [c48] level 18 done: 0 divisors; residual 4378x4378
[ 18108.4s]   [c48] level 19 done: 0 divisors; residual 4378x4378
CONFIRM (4,8): rank 3302, profile vs acta v78 s88 -> CONFIRMED
[ 18108.4s] building Gram (4,9) confirm: 10935 planes (raw int8 114 MB)
[ 18109.8s] Gram (4,9) confirm built
[ 18112.0s]   [c49] rank pass: 30 pivots (col 32/10935)
[ 18114.0s]   [c49] rank pass: 69 pivots (col 85/10935)
[ 18116.1s]   [c49] rank pass: 92 pivots (col 111/10935)
[ 18118.1s]   [c49] rank pass: 117 pivots (col 139/10935)
[ 18120.2s]   [c49] rank pass: 146 pivots (col 181/10935)
[ 18122.2s]   [c49] rank pass: 164 pivots (col 201/10935)
[ 18124.2s]   [c49] rank pass: 189 pivots (col 229/10935)
[ 18126.3s]   [c49] rank pass: 212 pivots (col 264/10935)
[ 18128.3s]   [c49] rank pass: 229 pivots (col 283/10935)
[ 18130.3s]   [c49] rank pass: 252 pivots (col 309/10935)
[ 18132.4s]   [c49] rank pass: 276 pivots (col 345/10935)
[ 18134.4s]   [c49] rank pass: 293 pivots (col 364/10935)
[ 18136.4s]   [c49] rank pass: 316 pivots (col 390/10935)
[ 18138.5s]   [c49] rank pass: 343 pivots (col 429/10935)
[ 18140.6s]   [c49] rank pass: 364 pivots (col 453/10935)
[ 18142.6s]   [c49] rank pass: 396 pivots (col 498/10935)
[ 18144.7s]   [c49] rank pass: 423 pivots (col 528/10935)
[ 18146.7s]   [c49] rank pass: 462 pivots (col 581/10935)
[ 18148.7s]   [c49] rank pass: 501 pivots (col 625/10935)
[ 18150.7s]   [c49] rank pass: 536 pivots (col 754/10935)
[ 18152.8s]   [c49] rank pass: 571 pivots (col 812/10935)
[ 18154.8s]   [c49] rank pass: 596 pivots (col 840/10935)
[ 18156.9s]   [c49] rank pass: 629 pivots (col 895/10935)
[ 18158.9s]   [c49] rank pass: 653 pivots (col 922/10935)
[ 18161.0s]   [c49] rank pass: 685 pivots (col 976/10935)
[ 18163.1s]   [c49] rank pass: 709 pivots (col 1003/10935)
[ 18165.1s]   [c49] rank pass: 741 pivots (col 1057/10935)
[ 18167.1s]   [c49] rank pass: 765 pivots (col 1084/10935)
[ 18169.2s]   [c49] rank pass: 798 pivots (col 1139/10935)
[ 18171.3s]   [c49] rank pass: 824 pivots (col 1168/10935)
[ 18173.3s]   [c49] rank pass: 861 pivots (col 1228/10935)
[ 18175.3s]   [c49] rank pass: 888 pivots (col 1258/10935)
[ 18177.4s]   [c49] rank pass: 929 pivots (col 1322/10935)
[ 18179.4s]   [c49] rank pass: 976 pivots (col 1474/10935)
[ 18181.4s]   [c49] rank pass: 1059 pivots (col 1622/10935)
[ 18183.4s]   [c49] rank pass: 1125 pivots (col 1723/10935)
[ 18185.4s]   [c49] rank pass: 1199 pivots (col 1833/10935)
[ 18187.4s]   [c49] rank pass: 1272 pivots (col 1969/10935)
[ 18189.4s]   [c49] rank pass: 1358 pivots (col 2201/10935)
[ 18191.5s]   [c49] rank pass: 1390 pivots (col 2237/10935)
[ 18193.5s]   [c49] rank pass: 1427 pivots (col 2288/10935)
[ 18195.6s]   [c49] rank pass: 1446 pivots (col 2309/10935)
[ 18197.7s]   [c49] rank pass: 1464 pivots (col 2329/10935)
[ 18199.8s]   [c49] rank pass: 1484 pivots (col 2361/10935)
[ 18201.8s]   [c49] rank pass: 1503 pivots (col 2382/10935)
[ 18203.9s]   [c49] rank pass: 1523 pivots (col 2405/10935)
[ 18205.9s]   [c49] rank pass: 1544 pivots (col 2437/10935)
[ 18208.0s]   [c49] rank pass: 1566 pivots (col 2462/10935)
[ 18210.1s]   [c49] rank pass: 1589 pivots (col 2488/10935)
[ 18212.2s]   [c49] rank pass: 1614 pivots (col 2525/10935)
[ 18214.2s]   [c49] rank pass: 1640 pivots (col 2554/10935)
[ 18216.3s]   [c49] rank pass: 1669 pivots (col 2596/10935)
[ 18218.3s]   [c49] rank pass: 1701 pivots (col 2632/10935)
[ 18220.3s]   [c49] rank pass: 1738 pivots (col 2683/10935)
[ 18222.3s]   [c49] rank pass: 1792 pivots (col 2743/10935)
[ 18224.3s]   [c49] rank pass: 1826 pivots (col 2953/10935)
[ 18226.4s]   [c49] rank pass: 1861 pivots (col 3010/10935)
[ 18228.4s]   [c49] rank pass: 1884 pivots (col 3036/10935)
[ 18230.4s]   [c49] rank pass: 1910 pivots (col 3083/10935)
[ 18232.5s]   [c49] rank pass: 1935 pivots (col 3111/10935)
[ 18234.5s]   [c49] rank pass: 1962 pivots (col 3160/10935)
[ 18236.6s]   [c49] rank pass: 1989 pivots (col 3190/10935)
[ 18238.6s]   [c49] rank pass: 2018 pivots (col 3241/10935)
[ 18240.7s]   [c49] rank pass: 2047 pivots (col 3273/10935)
[ 18242.7s]   [c49] rank pass: 2079 pivots (col 3327/10935)
[ 18244.7s]   [c49] rank pass: 2110 pivots (col 3362/10935)
[ 18246.8s]   [c49] rank pass: 2146 pivots (col 3421/10935)
[ 18248.8s]   [c49] rank pass: 2206 pivots (col 3668/10935)
[ 18250.8s]   [c49] rank pass: 2271 pivots (col 3768/10935)
[ 18252.8s]   [c49] rank pass: 2325 pivots (col 3856/10935)
[ 18254.8s]   [c49] rank pass: 2384 pivots (col 3976/10935)
[ 18256.8s]   [c49] rank pass: 2445 pivots (col 4072/10935)
[ 18258.8s]   [c49] rank pass: 2529 pivots (col 4382/10935)
[ 18260.9s]   [c49] rank pass: 2598 pivots (col 4469/10935)
[ 18262.9s]   [c49] rank pass: 2650 pivots (col 4537/10935)
[ 18264.9s]   [c49] rank pass: 2709 pivots (col 4603/10935)
[ 18266.9s]   [c49] rank pass: 2787 pivots (col 4709/10935)
[ 18268.9s]   [c49] rank pass: 2918 pivots (col 5117/10935)
[ 18270.9s]   [c49] rank pass: 2961 pivots (col 5165/10935)
[ 18273.0s]   [c49] rank pass: 3001 pivots (col 5228/10935)
[ 18275.0s]   [c49] rank pass: 3044 pivots (col 5295/10935)
[ 18277.0s]   [c49] rank pass: 3089 pivots (col 5363/10935)
[ 18279.0s]   [c49] rank pass: 3138 pivots (col 5437/10935)
[ 18281.0s]   [c49] rank pass: 3192 pivots (col 5515/10935)
[ 18283.0s]   [c49] rank pass: 3275 pivots (col 5861/10935)
[ 18285.0s]   [c49] rank pass: 3382 pivots (col 6035/10935)
[ 18287.1s]   [c49] rank pass: 3494 pivots (col 6242/10935)
[ 18289.1s]   [c49] rank pass: 3597 pivots (col 6628/10935)
[ 18291.1s]   [c49] rank pass: 3679 pivots (col 6738/10935)
[ 18293.1s]   [c49] rank pass: 3778 pivots (col 6859/10935)
[ 18295.1s]   [c49] rank pass: 3928 pivots (col 7351/10935)
[ 18297.1s]   [c49] rank pass: 4056 pivots (col 7549/10935)
[ 18299.1s]   [c49] rank pass: 4305 pivots (col 8234/10935)
[ 18301.1s]   [c49] rank pass: 4585 pivots (col 8972/10935)
[ 18304.8s]   [c49] level 0: 31 pivots (col 83/10935, rows 10935)
[ 18306.9s]   [c49] level 0: 45 pivots (col 100/10935, rows 10935)
[ 18309.0s]   [c49] level 0: 51 pivots (col 109/10935, rows 10935)
[ 18311.0s]   [c49] level 0: 57 pivots (col 164/10935, rows 10935)
[ 18313.3s]   [c49] level 0: 64 pivots (col 173/10935, rows 10935)
[ 18315.5s]   [c49] level 0: 72 pivots (col 184/10935, rows 10935)
[ 18317.7s]   [c49] level 0: 83 pivots (col 730/10935, rows 10935)
[ 18319.9s]   [c49] level 0: 88 pivots (col 735/10935, rows 10935)
[ 18322.0s]   [c49] level 0: 92 pivots (col 740/10935, rows 10935)
[ 18324.0s]   [c49] level 0: 96 pivots (col 744/10935, rows 10935)
[ 18326.0s]   [c49] level 0: 100 pivots (col 750/10935, rows 10935)
[ 18328.4s]   [c49] level 0: 105 pivots (col 775/10935, rows 10935)
[ 18330.9s]   [c49] level 0: 110 pivots (col 814/10935, rows 10935)
[ 18333.2s]   [c49] level 0: 115 pivots (col 820/10935, rows 10935)
[ 18335.2s]   [c49] level 0: 119 pivots (col 824/10935, rows 10935)
[ 18337.7s]   [c49] level 0: 124 pivots (col 831/10935, rows 10935)
[ 18340.1s]   [c49] level 0: 129 pivots (col 856/10935, rows 10935)
[ 18342.5s]   [c49] level 0: 134 pivots (col 895/10935, rows 10935)
[ 18344.9s]   [c49] level 0: 139 pivots (col 902/10935, rows 10935)
[ 18347.3s]   [c49] level 0: 144 pivots (col 911/10935, rows 10935)
[ 18349.7s]   [c49] level 0: 149 pivots (col 937/10935, rows 10935)
[ 18352.1s]   [c49] level 0: 154 pivots (col 1461/10935, rows 10935)
[ 18354.6s]   [c49] level 0: 159 pivots (col 1468/10935, rows 10935)
[ 18357.1s]   [c49] level 0: 164 pivots (col 1477/10935, rows 10935)
[ 18359.6s]   [c49] level 0: 169 pivots (col 1495/10935, rows 10935)
[ 18362.1s]   [c49] level 0: 174 pivots (col 1543/10935, rows 10935)
[ 18364.6s]   [c49] level 0: 179 pivots (col 1550/10935, rows 10935)
[ 18367.1s]   [c49] level 0: 184 pivots (col 1559/10935, rows 10935)
[ 18369.5s]   [c49] level 0: 189 pivots (col 1585/10935, rows 10935)
[ 18372.0s]   [c49] level 0: 194 pivots (col 1625/10935, rows 10935)
[ 18374.4s]   [c49] level 0: 199 pivots (col 1632/10935, rows 10935)
[ 18376.8s]   [c49] level 0: 204 pivots (col 1641/10935, rows 10935)
[ 18379.3s]   [c49] level 0: 209 pivots (col 1702/10935, rows 10935)
[ 18381.8s]   [c49] level 0: 214 pivots (col 2191/10935, rows 10935)
[ 18383.9s]   [c49] level 0: 218 pivots (col 2195/10935, rows 10935)
[ 18386.0s]   [c49] level 0: 222 pivots (col 2200/10935, rows 10935)
[ 18388.1s]   [c49] level 0: 226 pivots (col 2206/10935, rows 10935)
[ 18390.2s]   [c49] level 0: 230 pivots (col 2210/10935, rows 10935)
[ 18392.4s]   [c49] level 0: 234 pivots (col 2233/10935, rows 10935)
[ 18394.5s]   [c49] level 0: 238 pivots (col 2270/10935, rows 10935)
[ 18396.6s]   [c49] level 0: 242 pivots (col 2274/10935, rows 10935)
[ 18398.8s]   [c49] level 0: 246 pivots (col 2280/10935, rows 10935)
[ 18400.9s]   [c49] level 0: 250 pivots (col 2287/10935, rows 10935)
[ 18403.0s]   [c49] level 0: 254 pivots (col 2291/10935, rows 10935)
[ 18405.1s]   [c49] level 0: 258 pivots (col 2323/10935, rows 10935)
[ 18407.3s]   [c49] level 0: 262 pivots (col 2353/10935, rows 10935)
[ 18409.4s]   [c49] level 0: 266 pivots (col 2360/10935, rows 10935)
[ 18411.5s]   [c49] level 0: 270 pivots (col 2368/10935, rows 10935)
[ 18413.6s]   [c49] level 0: 274 pivots (col 2512/10935, rows 10935)
[ 18415.8s]   [c49] level 0: 278 pivots (col 2918/10935, rows 10935)
[ 18417.9s]   [c49] level 0: 282 pivots (col 2922/10935, rows 10935)
[ 18420.0s]   [c49] level 0: 286 pivots (col 2927/10935, rows 10935)
[ 18422.2s]   [c49] level 0: 290 pivots (col 2931/10935, rows 10935)
[ 18424.3s]   [c49] level 0: 294 pivots (col 2937/10935, rows 10935)
[ 18426.4s]   [c49] level 0: 298 pivots (col 2953/10935, rows 10935)
[ 18428.6s]   [c49] level 0: 302 pivots (col 2999/10935, rows 10935)
[ 18430.7s]   [c49] level 0: 306 pivots (col 3003/10935, rows 10935)
[ 18432.8s]   [c49] level 0: 310 pivots (col 3009/10935, rows 10935)
[ 18434.9s]   [c49] level 0: 314 pivots (col 3017/10935, rows 10935)
[ 18437.1s]   [c49] level 0: 318 pivots (col 3025/10935, rows 10935)
[ 18439.2s]   [c49] level 0: 322 pivots (col 3080/10935, rows 10935)
[ 18441.3s]   [c49] level 0: 326 pivots (col 3084/10935, rows 10935)
[ 18443.4s]   [c49] level 0: 330 pivots (col 3091/10935, rows 10935)
[ 18445.6s]   [c49] level 0: 334 pivots (col 3115/10935, rows 10935)
[ 18447.7s]   [c49] level 0: 338 pivots (col 3648/10935, rows 10935)
[ 18449.8s]   [c49] level 0: 342 pivots (col 3652/10935, rows 10935)
[ 18451.9s]   [c49] level 0: 346 pivots (col 3658/10935, rows 10935)
[ 18454.0s]   [c49] level 0: 350 pivots (col 3666/10935, rows 10935)
[ 18456.1s]   [c49] level 0: 354 pivots (col 3691/10935, rows 10935)
[ 18458.3s]   [c49] level 0: 358 pivots (col 3730/10935, rows 10935)
[ 18460.4s]   [c49] level 0: 362 pivots (col 3736/10935, rows 10935)
[ 18462.5s]   [c49] level 0: 366 pivots (col 3740/10935, rows 10935)
[ 18464.6s]   [c49] level 0: 370 pivots (col 3748/10935, rows 10935)
[ 18466.7s]   [c49] level 0: 374 pivots (col 3808/10935, rows 10935)
[ 18468.8s]   [c49] level 0: 378 pivots (col 3812/10935, rows 10935)
[ 18470.9s]   [c49] level 0: 382 pivots (col 3820/10935, rows 10935)
[ 18473.0s]   [c49] level 0: 386 pivots (col 3889/10935, rows 10935)
[ 18475.1s]   [c49] level 0: 390 pivots (col 4378/10935, rows 10935)
[ 18477.2s]   [c49] level 0: 394 pivots (col 4384/10935, rows 10935)
[ 18479.3s]   [c49] level 0: 398 pivots (col 4388/10935, rows 10935)
[ 18481.4s]   [c49] level 0: 402 pivots (col 4395/10935, rows 10935)
[ 18483.5s]   [c49] level 0: 406 pivots (col 4411/10935, rows 10935)
[ 18485.6s]   [c49] level 0: 410 pivots (col 4457/10935, rows 10935)
[ 18487.7s]   [c49] level 0: 414 pivots (col 4461/10935, rows 10935)
[ 18489.8s]   [c49] level 0: 418 pivots (col 4468/10935, rows 10935)
[ 18491.9s]   [c49] level 0: 422 pivots (col 4476/10935, rows 10935)
[ 18494.1s]   [c49] level 0: 426 pivots (col 4537/10935, rows 10935)
[ 18496.2s]   [c49] level 0: 430 pivots (col 4541/10935, rows 10935)
[ 18498.3s]   [c49] level 0: 434 pivots (col 4549/10935, rows 10935)
[ 18500.3s]   [c49] level 0: 438 pivots (col 4699/10935, rows 10935)
[ 18502.4s]   [c49] level 0: 442 pivots (col 5106/10935, rows 10935)
[ 18504.5s]   [c49] level 0: 446 pivots (col 5110/10935, rows 10935)
[ 18506.6s]   [c49] level 0: 450 pivots (col 5116/10935, rows 10935)
[ 18508.7s]   [c49] level 0: 454 pivots (col 5123/10935, rows 10935)
[ 18510.8s]   [c49] level 0: 458 pivots (col 5131/10935, rows 10935)
[ 18512.9s]   [c49] level 0: 462 pivots (col 5185/10935, rows 10935)
[ 18515.0s]   [c49] level 0: 466 pivots (col 5189/10935, rows 10935)
[ 18517.1s]   [c49] level 0: 470 pivots (col 5196/10935, rows 10935)
[ 18519.1s]   [c49] level 0: 474 pivots (col 5204/10935, rows 10935)
[ 18521.2s]   [c49] level 0: 478 pivots (col 5221/10935, rows 10935)
[ 18523.3s]   [c49] level 0: 482 pivots (col 5268/10935, rows 10935)
[ 18525.4s]   [c49] level 0: 486 pivots (col 5276/10935, rows 10935)
[ 18527.5s]   [c49] level 0: 490 pivots (col 5833/10935, rows 10935)
[ 18529.5s]   [c49] level 0: 494 pivots (col 5837/10935, rows 10935)
[ 18531.6s]   [c49] level 0: 498 pivots (col 5843/10935, rows 10935)
[ 18533.7s]   [c49] level 0: 502 pivots (col 5851/10935, rows 10935)
[ 18535.7s]   [c49] level 0: 506 pivots (col 5860/10935, rows 10935)
[ 18537.8s]   [c49] level 0: 510 pivots (col 5915/10935, rows 10935)
[ 18539.9s]   [c49] level 0: 514 pivots (col 5919/10935, rows 10935)
[ 18541.9s]   [c49] level 0: 518 pivots (col 5926/10935, rows 10935)
[ 18544.0s]   [c49] level 0: 522 pivots (col 5934/10935, rows 10935)
[ 18546.1s]   [c49] level 0: 526 pivots (col 5959/10935, rows 10935)
[ 18548.1s]   [c49] level 0: 530 pivots (col 5998/10935, rows 10935)
[ 18550.2s]   [c49] level 0: 534 pivots (col 6076/10935, rows 10935)
[ 18552.3s]   [c49] level 0: 538 pivots (col 6565/10935, rows 10935)
[ 18554.3s]   [c49] level 0: 542 pivots (col 6571/10935, rows 10935)
[ 18556.4s]   [c49] level 0: 546 pivots (col 6575/10935, rows 10935)
[ 18558.4s]   [c49] level 0: 550 pivots (col 6583/10935, rows 10935)
[ 18560.5s]   [c49] level 0: 554 pivots (col 6643/10935, rows 10935)
[ 18562.6s]   [c49] level 0: 558 pivots (col 6647/10935, rows 10935)
[ 18564.6s]   [c49] level 0: 562 pivots (col 6655/10935, rows 10935)
[ 18566.7s]   [c49] level 0: 566 pivots (col 6670/10935, rows 10935)
[ 18568.7s]   [c49] level 0: 570 pivots (col 6726/10935, rows 10935)
[ 18570.7s]   [c49] level 0: 574 pivots (col 6735/10935, rows 10935)
[ 18572.8s]   [c49] level 0: 578 pivots (col 7291/10935, rows 10935)
[ 18574.9s]   [c49] level 0: 582 pivots (col 7295/10935, rows 10935)
[ 18576.9s]   [c49] level 0: 586 pivots (col 7302/10935, rows 10935)
[ 18579.0s]   [c49] level 0: 590 pivots (col 7310/10935, rows 10935)
[ 18581.0s]   [c49] level 0: 594 pivots (col 7327/10935, rows 10935)
[ 18583.0s]   [c49] level 0: 598 pivots (col 7374/10935, rows 10935)
[ 18585.1s]   [c49] level 0: 602 pivots (col 7382/10935, rows 10935)
[ 18587.1s]   [c49] level 0: 606 pivots (col 7391/10935, rows 10935)
[ 18589.2s]   [c49] level 0: 610 pivots (col 7453/10935, rows 10935)
[ 18591.2s]   [c49] level 0: 614 pivots (col 7462/10935, rows 10935)
[ 18593.2s]   [c49] level 0: 618 pivots (col 8020/10935, rows 10935)
[ 18595.3s]   [c49] level 0: 622 pivots (col 8024/10935, rows 10935)
[ 18597.3s]   [c49] level 0: 626 pivots (col 8031/10935, rows 10935)
[ 18599.3s]   [c49] level 0: 630 pivots (col 8039/10935, rows 10935)
[ 18601.4s]   [c49] level 0: 634 pivots (col 8056/10935, rows 10935)
[ 18603.4s]   [c49] level 0: 638 pivots (col 8103/10935, rows 10935)
[ 18605.4s]   [c49] level 0: 642 pivots (col 8111/10935, rows 10935)
[ 18607.4s]   [c49] level 0: 646 pivots (col 8120/10935, rows 10935)
[ 18609.5s]   [c49] level 0: 650 pivots (col 8182/10935, rows 10935)
[ 18611.5s]   [c49] level 0: 654 pivots (col 8191/10935, rows 10935)
[ 18613.5s]   [c49] level 0: 658 pivots (col 8750/10935, rows 10935)
[ 18615.5s]   [c49] level 0: 662 pivots (col 8754/10935, rows 10935)
[ 18617.6s]   [c49] level 0: 666 pivots (col 8761/10935, rows 10935)
[ 18619.6s]   [c49] level 0: 670 pivots (col 8769/10935, rows 10935)
[ 18621.6s]   [c49] level 0: 674 pivots (col 8794/10935, rows 10935)
[ 18623.6s]   [c49] level 0: 678 pivots (col 8833/10935, rows 10935)
[ 18625.6s]   [c49] level 0: 682 pivots (col 8841/10935, rows 10935)
[ 18627.6s]   [c49] level 0: 686 pivots (col 8850/10935, rows 10935)
[ 18629.7s]   [c49] level 0: 690 pivots (col 8913/10935, rows 10935)
[ 18631.7s]   [c49] level 0: 694 pivots (col 8922/10935, rows 10935)
[ 18633.7s]   [c49] level 0: 698 pivots (col 9478/10935, rows 10935)
[ 18635.7s]   [c49] level 0: 702 pivots (col 9482/10935, rows 10935)
[ 18637.7s]   [c49] level 0: 706 pivots (col 9489/10935, rows 10935)
[ 18639.7s]   [c49] level 0: 710 pivots (col 9497/10935, rows 10935)
[ 18641.7s]   [c49] level 0: 714 pivots (col 9559/10935, rows 10935)
[ 18643.7s]   [c49] level 0: 718 pivots (col 9563/10935, rows 10935)
[ 18645.7s]   [c49] level 0: 722 pivots (col 9571/10935, rows 10935)
[ 18648.2s]   [c49] level 0: 727 pivots (col 9640/10935, rows 10935)
[ 18650.7s]   [c49] level 0: 732 pivots (col 9650/10935, rows 10935)
[ 18652.7s]   [c49] level 0: 736 pivots (col 10209/10935, rows 10935)
[ 18655.2s]   [c49] level 0: 741 pivots (col 10218/10935, rows 10935)
[ 18657.7s]   [c49] level 0: 746 pivots (col 10234/10935, rows 10935)
[ 18660.2s]   [c49] level 0: 751 pivots (col 10291/10935, rows 10935)
[ 18662.7s]   [c49] level 0: 756 pivots (col 10306/10935, rows 10935)
[ 18665.2s]   [c49] level 0: 761 pivots (col 10378/10935, rows 10935)
[ 18666.3s]   [c49] level 0 done: 763 divisors; residual 10172x10172
[ 18668.4s]   [c49] level 1: 5 pivots (col 651/10172, rows 10172)
[ 18670.8s]   [c49] level 1: 10 pivots (col 768/10172, rows 10172)
[ 18673.2s]   [c49] level 1: 15 pivots (col 1315/10172, rows 10172)
[ 18675.6s]   [c49] level 1: 20 pivots (col 1377/10172, rows 10172)
[ 18678.1s]   [c49] level 1: 25 pivots (col 1981/10172, rows 10172)
[ 18680.5s]   [c49] level 1: 30 pivots (col 2095/10172, rows 10172)
[ 18682.9s]   [c49] level 1: 35 pivots (col 2645/10172, rows 10172)
[ 18685.3s]   [c49] level 1: 40 pivots (col 2762/10172, rows 10172)
[ 18687.7s]   [c49] level 1: 45 pivots (col 3317/10172, rows 10172)
[ 18690.1s]   [c49] level 1: 50 pivots (col 3379/10172, rows 10172)
[ 18692.5s]   [c49] level 1: 55 pivots (col 3440/10172, rows 10172)
[ 18694.9s]   [c49] level 1: 60 pivots (col 3995/10172, rows 10172)
[ 18697.3s]   [c49] level 1: 65 pivots (col 4056/10172, rows 10172)
[ 18699.7s]   [c49] level 1: 70 pivots (col 4113/10172, rows 10172)
[ 18702.0s]   [c49] level 1: 75 pivots (col 4146/10172, rows 10172)
[ 18704.4s]   [c49] level 1: 80 pivots (col 4671/10172, rows 10172)
[ 18706.8s]   [c49] level 1: 85 pivots (col 4732/10172, rows 10172)
[ 18709.2s]   [c49] level 1: 90 pivots (col 5347/10172, rows 10172)
[ 18711.6s]   [c49] level 1: 95 pivots (col 5409/10172, rows 10172)
[ 18714.0s]   [c49] level 1: 100 pivots (col 5470/10172, rows 10172)
[ 18716.4s]   [c49] level 1: 105 pivots (col 6031/10172, rows 10172)
[ 18718.8s]   [c49] level 1: 110 pivots (col 6090/10172, rows 10172)
[ 18721.2s]   [c49] level 1: 115 pivots (col 6099/10172, rows 10172)
[ 18723.5s]   [c49] level 1: 120 pivots (col 6130/10172, rows 10172)
[ 18725.9s]   [c49] level 1: 125 pivots (col 6163/10172, rows 10172)
[ 18728.3s]   [c49] level 1: 130 pivots (col 6721/10172, rows 10172)
[ 18730.7s]   [c49] level 1: 135 pivots (col 6781/10172, rows 10172)
[ 18733.0s]   [c49] level 1: 140 pivots (col 6788/10172, rows 10172)
[ 18735.4s]   [c49] level 1: 145 pivots (col 6850/10172, rows 10172)
[ 18737.8s]   [c49] level 1: 150 pivots (col 7410/10172, rows 10172)
[ 18740.2s]   [c49] level 1: 155 pivots (col 7470/10172, rows 10172)
[ 18742.5s]   [c49] level 1: 160 pivots (col 7477/10172, rows 10172)
[ 18744.9s]   [c49] level 1: 165 pivots (col 7539/10172, rows 10172)
[ 18747.3s]   [c49] level 1: 170 pivots (col 8097/10172, rows 10172)
[ 18749.6s]   [c49] level 1: 175 pivots (col 8156/10172, rows 10172)
[ 18752.0s]   [c49] level 1: 180 pivots (col 8165/10172, rows 10172)
[ 18754.3s]   [c49] level 1: 185 pivots (col 8188/10172, rows 10172)
[ 18756.7s]   [c49] level 1: 190 pivots (col 8229/10172, rows 10172)
[ 18759.1s]   [c49] level 1: 195 pivots (col 8785/10172, rows 10172)
[ 18761.4s]   [c49] level 1: 200 pivots (col 8810/10172, rows 10172)
[ 18763.8s]   [c49] level 1: 205 pivots (col 8852/10172, rows 10172)
[ 18766.1s]   [c49] level 1: 210 pivots (col 8878/10172, rows 10172)
[ 18768.5s]   [c49] level 1: 215 pivots (col 8921/10172, rows 10172)
[ 18770.8s]   [c49] level 1: 220 pivots (col 9479/10172, rows 10172)
[ 18773.2s]   [c49] level 1: 225 pivots (col 9486/10172, rows 10172)
[ 18775.5s]   [c49] level 1: 230 pivots (col 9546/10172, rows 10172)
[ 18777.8s]   [c49] level 1: 235 pivots (col 9553/10172, rows 10172)
[ 18780.2s]   [c49] level 1: 240 pivots (col 9612/10172, rows 10172)
[ 18782.5s]   [c49] level 1: 245 pivots (col 9620/10172, rows 10172)
[ 18783.1s]   [c49] level 1 done: 246 divisors; residual 9926x9926
[ 18785.1s]   [c49] level 2: 5 pivots (col 7/9926, rows 9926)
[ 18787.4s]   [c49] level 2: 10 pivots (col 13/9926, rows 9926)
[ 18789.7s]   [c49] level 2: 15 pivots (col 18/9926, rows 9926)
[ 18792.0s]   [c49] level 2: 20 pivots (col 24/9926, rows 9926)
[ 18794.3s]   [c49] level 2: 25 pivots (col 54/9926, rows 9926)
[ 18796.5s]   [c49] level 2: 30 pivots (col 61/9926, rows 9926)
[ 18798.8s]   [c49] level 2: 35 pivots (col 67/9926, rows 9926)
[ 18801.1s]   [c49] level 2: 40 pivots (col 72/9926, rows 9926)
[ 18803.3s]   [c49] level 2: 45 pivots (col 78/9926, rows 9926)
[ 18805.6s]   [c49] level 2: 50 pivots (col 109/9926, rows 9926)
[ 18807.9s]   [c49] level 2: 55 pivots (col 116/9926, rows 9926)
[ 18810.2s]   [c49] level 2: 60 pivots (col 122/9926, rows 9926)
[ 18812.4s]   [c49] level 2: 65 pivots (col 129/9926, rows 9926)
[ 18814.7s]   [c49] level 2: 70 pivots (col 137/9926, rows 9926)
[ 18816.9s]   [c49] level 2: 75 pivots (col 165/9926, rows 9926)
[ 18819.2s]   [c49] level 2: 80 pivots (col 171/9926, rows 9926)
[ 18821.5s]   [c49] level 2: 85 pivots (col 176/9926, rows 9926)
[ 18823.7s]   [c49] level 2: 90 pivots (col 182/9926, rows 9926)
[ 18826.0s]   [c49] level 2: 95 pivots (col 187/9926, rows 9926)
[ 18828.2s]   [c49] level 2: 100 pivots (col 193/9926, rows 9926)
[ 18830.5s]   [c49] level 2: 105 pivots (col 207/9926, rows 9926)
[ 18832.7s]   [c49] level 2: 110 pivots (col 226/9926, rows 9926)
[ 18835.0s]   [c49] level 2: 115 pivots (col 247/9926, rows 9926)
[ 18837.2s]   [c49] level 2: 120 pivots (col 253/9926, rows 9926)
[ 18839.4s]   [c49] level 2: 125 pivots (col 258/9926, rows 9926)
[ 18841.7s]   [c49] level 2: 130 pivots (col 264/9926, rows 9926)
[ 18843.9s]   [c49] level 2: 135 pivots (col 287/9926, rows 9926)
[ 18846.2s]   [c49] level 2: 140 pivots (col 325/9926, rows 9926)
[ 18848.4s]   [c49] level 2: 145 pivots (col 331/9926, rows 9926)
[ 18850.6s]   [c49] level 2: 150 pivots (col 336/9926, rows 9926)
[ 18852.8s]   [c49] level 2: 155 pivots (col 343/9926, rows 9926)
[ 18855.1s]   [c49] level 2: 160 pivots (col 367/9926, rows 9926)
[ 18857.3s]   [c49] level 2: 165 pivots (col 412/9926, rows 9926)
[ 18859.5s]   [c49] level 2: 170 pivots (col 649/9926, rows 9926)
[ 18861.8s]   [c49] level 2: 175 pivots (col 654/9926, rows 9926)
[ 18864.0s]   [c49] level 2: 180 pivots (col 660/9926, rows 9926)
[ 18866.2s]   [c49] level 2: 185 pivots (col 666/9926, rows 9926)
[ 18868.4s]   [c49] level 2: 190 pivots (col 671/9926, rows 9926)
[ 18870.6s]   [c49] level 2: 195 pivots (col 705/9926, rows 9926)
[ 18872.9s]   [c49] level 2: 200 pivots (col 710/9926, rows 9926)
[ 18875.1s]   [c49] level 2: 205 pivots (col 716/9926, rows 9926)
[ 18877.3s]   [c49] level 2: 210 pivots (col 722/9926, rows 9926)
[ 18879.5s]   [c49] level 2: 215 pivots (col 729/9926, rows 9926)
[ 18881.7s]   [c49] level 2: 220 pivots (col 762/9926, rows 9926)
[ 18883.9s]   [c49] level 2: 225 pivots (col 767/9926, rows 9926)
[ 18886.1s]   [c49] level 2: 230 pivots (col 773/9926, rows 9926)
[ 18888.3s]   [c49] level 2: 235 pivots (col 780/9926, rows 9926)
[ 18890.5s]   [c49] level 2: 240 pivots (col 813/9926, rows 9926)
[ 18892.7s]   [c49] level 2: 245 pivots (col 818/9926, rows 9926)
[ 18894.9s]   [c49] level 2: 250 pivots (col 824/9926, rows 9926)
[ 18897.1s]   [c49] level 2: 255 pivots (col 830/9926, rows 9926)
[ 18899.3s]   [c49] level 2: 260 pivots (col 835/9926, rows 9926)
[ 18901.5s]   [c49] level 2: 265 pivots (col 841/9926, rows 9926)
[ 18903.6s]   [c49] level 2: 270 pivots (col 848/9926, rows 9926)
[ 18905.8s]   [c49] level 2: 275 pivots (col 867/9926, rows 9926)
[ 18908.0s]   [c49] level 2: 280 pivots (col 897/9926, rows 9926)
[ 18910.2s]   [c49] level 2: 285 pivots (col 903/9926, rows 9926)
[ 18912.4s]   [c49] level 2: 290 pivots (col 910/9926, rows 9926)
[ 18914.5s]   [c49] level 2: 295 pivots (col 915/9926, rows 9926)
[ 18916.7s]   [c49] level 2: 300 pivots (col 946/9926, rows 9926)
[ 18918.9s]   [c49] level 2: 305 pivots (col 977/9926, rows 9926)
[ 18921.1s]   [c49] level 2: 310 pivots (col 983/9926, rows 9926)
[ 18923.2s]   [c49] level 2: 315 pivots (col 988/9926, rows 9926)
[ 18925.4s]   [c49] level 2: 320 pivots (col 995/9926, rows 9926)
[ 18927.6s]   [c49] level 2: 325 pivots (col 1054/9926, rows 9926)
[ 18929.7s]   [c49] level 2: 330 pivots (col 1297/9926, rows 9926)
[ 18931.9s]   [c49] level 2: 335 pivots (col 1305/9926, rows 9926)
[ 18934.0s]   [c49] level 2: 340 pivots (col 1311/9926, rows 9926)
[ 18936.2s]   [c49] level 2: 345 pivots (col 1316/9926, rows 9926)
[ 18938.4s]   [c49] level 2: 350 pivots (col 1322/9926, rows 9926)
[ 18940.5s]   [c49] level 2: 355 pivots (col 1356/9926, rows 9926)
[ 18942.7s]   [c49] level 2: 360 pivots (col 1363/9926, rows 9926)
[ 18944.8s]   [c49] level 2: 365 pivots (col 1369/9926, rows 9926)
[ 18947.0s]   [c49] level 2: 370 pivots (col 1374/9926, rows 9926)
[ 18949.1s]   [c49] level 2: 375 pivots (col 1380/9926, rows 9926)
[ 18951.2s]   [c49] level 2: 380 pivots (col 1416/9926, rows 9926)
[ 18953.4s]   [c49] level 2: 385 pivots (col 1422/9926, rows 9926)
[ 18955.5s]   [c49] level 2: 390 pivots (col 1428/9926, rows 9926)
[ 18957.7s]   [c49] level 2: 395 pivots (col 1435/9926, rows 9926)
[ 18959.8s]   [c49] level 2: 400 pivots (col 1470/9926, rows 9926)
[ 18961.9s]   [c49] level 2: 405 pivots (col 1475/9926, rows 9926)
[ 18964.1s]   [c49] level 2: 410 pivots (col 1481/9926, rows 9926)
[ 18966.2s]   [c49] level 2: 415 pivots (col 1487/9926, rows 9926)
[ 18968.3s]   [c49] level 2: 420 pivots (col 1492/9926, rows 9926)
[ 18970.5s]   [c49] level 2: 425 pivots (col 1498/9926, rows 9926)
[ 18972.6s]   [c49] level 2: 430 pivots (col 1505/9926, rows 9926)
[ 18974.7s]   [c49] level 2: 435 pivots (col 1551/9926, rows 9926)
[ 18976.8s]   [c49] level 2: 440 pivots (col 1558/9926, rows 9926)
[ 18979.0s]   [c49] level 2: 445 pivots (col 1563/9926, rows 9926)
[ 18981.1s]   [c49] level 2: 450 pivots (col 1570/9926, rows 9926)
[ 18983.2s]   [c49] level 2: 455 pivots (col 1585/9926, rows 9926)
[ 18985.3s]   [c49] level 2: 460 pivots (col 1633/9926, rows 9926)
[ 18987.4s]   [c49] level 2: 465 pivots (col 1640/9926, rows 9926)
[ 18989.5s]   [c49] level 2: 470 pivots (col 1649/9926, rows 9926)
[ 18991.6s]   [c49] level 2: 475 pivots (col 1675/9926, rows 9926)
[ 18993.7s]   [c49] level 2: 480 pivots (col 1955/9926, rows 9926)
[ 18995.8s]   [c49] level 2: 485 pivots (col 1962/9926, rows 9926)
[ 18998.0s]   [c49] level 2: 490 pivots (col 1968/9926, rows 9926)
[ 19000.1s]   [c49] level 2: 495 pivots (col 1973/9926, rows 9926)
[ 19002.2s]   [c49] level 2: 500 pivots (col 1979/9926, rows 9926)
[ 19004.2s]   [c49] level 2: 505 pivots (col 2008/9926, rows 9926)
[ 19006.3s]   [c49] level 2: 510 pivots (col 2016/9926, rows 9926)
[ 19008.4s]   [c49] level 2: 515 pivots (col 2022/9926, rows 9926)
[ 19010.5s]   [c49] level 2: 520 pivots (col 2027/9926, rows 9926)
[ 19012.6s]   [c49] level 2: 525 pivots (col 2033/9926, rows 9926)
[ 19014.7s]   [c49] level 2: 530 pivots (col 2047/9926, rows 9926)
[ 19016.8s]   [c49] level 2: 535 pivots (col 2070/9926, rows 9926)
[ 19018.9s]   [c49] level 2: 540 pivots (col 2076/9926, rows 9926)
[ 19020.9s]   [c49] level 2: 545 pivots (col 2081/9926, rows 9926)
[ 19023.0s]   [c49] level 2: 550 pivots (col 2087/9926, rows 9926)
[ 19025.1s]   [c49] level 2: 555 pivots (col 2094/9926, rows 9926)
[ 19027.2s]   [c49] level 2: 560 pivots (col 2109/9926, rows 9926)
[ 19029.2s]   [c49] level 2: 565 pivots (col 2130/9926, rows 9926)
[ 19031.3s]   [c49] level 2: 570 pivots (col 2136/9926, rows 9926)
[ 19033.4s]   [c49] level 2: 575 pivots (col 2141/9926, rows 9926)
[ 19035.4s]   [c49] level 2: 580 pivots (col 2147/9926, rows 9926)
[ 19037.5s]   [c49] level 2: 585 pivots (col 2161/9926, rows 9926)
[ 19039.6s]   [c49] level 2: 590 pivots (col 2180/9926, rows 9926)
[ 19041.6s]   [c49] level 2: 595 pivots (col 2208/9926, rows 9926)
[ 19043.7s]   [c49] level 2: 600 pivots (col 2214/9926, rows 9926)
[ 19045.7s]   [c49] level 2: 605 pivots (col 2219/9926, rows 9926)
[ 19047.8s]   [c49] level 2: 610 pivots (col 2225/9926, rows 9926)
[ 19049.9s]   [c49] level 2: 615 pivots (col 2233/9926, rows 9926)
[ 19051.9s]   [c49] level 2: 620 pivots (col 2286/9926, rows 9926)
[ 19054.0s]   [c49] level 2: 625 pivots (col 2291/9926, rows 9926)
[ 19056.0s]   [c49] level 2: 630 pivots (col 2297/9926, rows 9926)
[ 19058.1s]   [c49] level 2: 635 pivots (col 2312/9926, rows 9926)
[ 19060.1s]   [c49] level 2: 640 pivots (col 2366/9926, rows 9926)
[ 19062.1s]   [c49] level 2: 645 pivots (col 2613/9926, rows 9926)
[ 19064.2s]   [c49] level 2: 650 pivots (col 2618/9926, rows 9926)
[ 19066.2s]   [c49] level 2: 655 pivots (col 2624/9926, rows 9926)
[ 19068.3s]   [c49] level 2: 660 pivots (col 2630/9926, rows 9926)
[ 19070.3s]   [c49] level 2: 665 pivots (col 2635/9926, rows 9926)
[ 19072.3s]   [c49] level 2: 670 pivots (col 2668/9926, rows 9926)
[ 19074.4s]   [c49] level 2: 675 pivots (col 2674/9926, rows 9926)
[ 19076.4s]   [c49] level 2: 680 pivots (col 2680/9926, rows 9926)
[ 19078.4s]   [c49] level 2: 685 pivots (col 2686/9926, rows 9926)
[ 19080.4s]   [c49] level 2: 690 pivots (col 2691/9926, rows 9926)
[ 19082.4s]   [c49] level 2: 695 pivots (col 2725/9926, rows 9926)
[ 19084.5s]   [c49] level 2: 700 pivots (col 2730/9926, rows 9926)
[ 19086.5s]   [c49] level 2: 705 pivots (col 2736/9926, rows 9926)
[ 19088.5s]   [c49] level 2: 710 pivots (col 2742/9926, rows 9926)
[ 19090.5s]   [c49] level 2: 715 pivots (col 2750/9926, rows 9926)
[ 19092.5s]   [c49] level 2: 720 pivots (col 2758/9926, rows 9926)
[ 19094.6s]   [c49] level 2: 725 pivots (col 2788/9926, rows 9926)
[ 19096.6s]   [c49] level 2: 730 pivots (col 2794/9926, rows 9926)
[ 19098.6s]   [c49] level 2: 735 pivots (col 2799/9926, rows 9926)
[ 19100.6s]   [c49] level 2: 740 pivots (col 2805/9926, rows 9926)
[ 19103.0s]   [c49] level 2: 746 pivots (col 2820/9926, rows 9926)
[ 19105.4s]   [c49] level 2: 752 pivots (col 2865/9926, rows 9926)
[ 19107.8s]   [c49] level 2: 758 pivots (col 2871/9926, rows 9926)
[ 19110.2s]   [c49] level 2: 764 pivots (col 2878/9926, rows 9926)
[ 19112.6s]   [c49] level 2: 770 pivots (col 2886/9926, rows 9926)
[ 19115.0s]   [c49] level 2: 776 pivots (col 2945/9926, rows 9926)
[ 19117.3s]   [c49] level 2: 782 pivots (col 2951/9926, rows 9926)
[ 19119.7s]   [c49] level 2: 788 pivots (col 2958/9926, rows 9926)
[ 19122.1s]   [c49] level 2: 794 pivots (col 2999/9926, rows 9926)
[ 19124.5s]   [c49] level 2: 800 pivots (col 3273/9926, rows 9926)
[ 19126.9s]   [c49] level 2: 806 pivots (col 3280/9926, rows 9926)
[ 19129.2s]   [c49] level 2: 812 pivots (col 3287/9926, rows 9926)
[ 19131.6s]   [c49] level 2: 818 pivots (col 3294/9926, rows 9926)
[ 19134.0s]   [c49] level 2: 824 pivots (col 3330/9926, rows 9926)
[ 19136.3s]   [c49] level 2: 830 pivots (col 3337/9926, rows 9926)
[ 19138.7s]   [c49] level 2: 836 pivots (col 3344/9926, rows 9926)
[ 19141.1s]   [c49] level 2: 842 pivots (col 3351/9926, rows 9926)
[ 19143.4s]   [c49] level 2: 848 pivots (col 3388/9926, rows 9926)
[ 19145.8s]   [c49] level 2: 854 pivots (col 3394/9926, rows 9926)
[ 19148.1s]   [c49] level 2: 860 pivots (col 3401/9926, rows 9926)
[ 19150.5s]   [c49] level 2: 866 pivots (col 3408/9926, rows 9926)
[ 19152.8s]   [c49] level 2: 872 pivots (col 3448/9926, rows 9926)
[ 19155.1s]   [c49] level 2: 878 pivots (col 3455/9926, rows 9926)
[ 19157.5s]   [c49] level 2: 884 pivots (col 3461/9926, rows 9926)
[ 19159.8s]   [c49] level 2: 890 pivots (col 3468/9926, rows 9926)
[ 19162.2s]   [c49] level 2: 896 pivots (col 3483/9926, rows 9926)
[ 19164.5s]   [c49] level 2: 902 pivots (col 3530/9926, rows 9926)
[ 19166.8s]   [c49] level 2: 908 pivots (col 3538/9926, rows 9926)
[ 19169.1s]   [c49] level 2: 914 pivots (col 3548/9926, rows 9926)
[ 19171.5s]   [c49] level 2: 920 pivots (col 3608/9926, rows 9926)
[ 19173.8s]   [c49] level 2: 926 pivots (col 3617/9926, rows 9926)
[ 19176.1s]   [c49] level 2: 932 pivots (col 3635/9926, rows 9926)
[ 19178.4s]   [c49] level 2: 938 pivots (col 3932/9926, rows 9926)
[ 19180.7s]   [c49] level 2: 944 pivots (col 3941/9926, rows 9926)
[ 19183.1s]   [c49] level 2: 950 pivots (col 3948/9926, rows 9926)
[ 19185.4s]   [c49] level 2: 956 pivots (col 3955/9926, rows 9926)
[ 19187.7s]   [c49] level 2: 962 pivots (col 3962/9926, rows 9926)
[ 19190.0s]   [c49] level 2: 968 pivots (col 3994/9926, rows 9926)
[ 19192.3s]   [c49] level 2: 974 pivots (col 4000/9926, rows 9926)
[ 19194.6s]   [c49] level 2: 980 pivots (col 4007/9926, rows 9926)
[ 19196.9s]   [c49] level 2: 986 pivots (col 4015/9926, rows 9926)
[ 19199.1s]   [c49] level 2: 992 pivots (col 4048/9926, rows 9926)
[ 19201.4s]   [c49] level 2: 998 pivots (col 4056/9926, rows 9926)
[ 19203.7s]   [c49] level 2: 1004 pivots (col 4064/9926, rows 9926)
[ 19206.0s]   [c49] level 2: 1010 pivots (col 4080/9926, rows 9926)
[ 19208.3s]   [c49] level 2: 1016 pivots (col 4109/9926, rows 9926)
[ 19210.5s]   [c49] level 2: 1022 pivots (col 4116/9926, rows 9926)
[ 19212.8s]   [c49] level 2: 1028 pivots (col 4123/9926, rows 9926)
[ 19215.1s]   [c49] level 2: 1034 pivots (col 4129/9926, rows 9926)
[ 19217.3s]   [c49] level 2: 1040 pivots (col 4151/9926, rows 9926)
[ 19219.6s]   [c49] level 2: 1046 pivots (col 4188/9926, rows 9926)
[ 19221.9s]   [c49] level 2: 1052 pivots (col 4195/9926, rows 9926)
[ 19224.1s]   [c49] level 2: 1058 pivots (col 4203/9926, rows 9926)
[ 19226.4s]   [c49] level 2: 1064 pivots (col 4248/9926, rows 9926)
[ 19228.6s]   [c49] level 2: 1070 pivots (col 4271/9926, rows 9926)
[ 19230.9s]   [c49] level 2: 1076 pivots (col 4278/9926, rows 9926)
[ 19233.1s]   [c49] level 2: 1082 pivots (col 4310/9926, rows 9926)
[ 19235.4s]   [c49] level 2: 1088 pivots (col 4595/9926, rows 9926)
[ 19237.6s]   [c49] level 2: 1094 pivots (col 4602/9926, rows 9926)
[ 19239.9s]   [c49] level 2: 1100 pivots (col 4608/9926, rows 9926)
[ 19242.1s]   [c49] level 2: 1106 pivots (col 4615/9926, rows 9926)
[ 19244.4s]   [c49] level 2: 1112 pivots (col 4649/9926, rows 9926)
[ 19246.6s]   [c49] level 2: 1118 pivots (col 4656/9926, rows 9926)
[ 19248.8s]   [c49] level 2: 1124 pivots (col 4663/9926, rows 9926)
[ 19251.1s]   [c49] level 2: 1130 pivots (col 4670/9926, rows 9926)
[ 19253.3s]   [c49] level 2: 1136 pivots (col 4705/9926, rows 9926)
[ 19255.5s]   [c49] level 2: 1142 pivots (col 4712/9926, rows 9926)
[ 19257.7s]   [c49] level 2: 1148 pivots (col 4720/9926, rows 9926)
[ 19260.0s]   [c49] level 2: 1154 pivots (col 4728/9926, rows 9926)
[ 19262.2s]   [c49] level 2: 1160 pivots (col 4745/9926, rows 9926)
[ 19264.4s]   [c49] level 2: 1166 pivots (col 4776/9926, rows 9926)
[ 19266.6s]   [c49] level 2: 1172 pivots (col 4783/9926, rows 9926)
[ 19268.8s]   [c49] level 2: 1178 pivots (col 4791/9926, rows 9926)
[ 19271.0s]   [c49] level 2: 1184 pivots (col 4824/9926, rows 9926)
[ 19273.2s]   [c49] level 2: 1190 pivots (col 4856/9926, rows 9926)
[ 19275.4s]   [c49] level 2: 1196 pivots (col 4863/9926, rows 9926)
[ 19277.6s]   [c49] level 2: 1202 pivots (col 4872/9926, rows 9926)
[ 19279.8s]   [c49] level 2: 1208 pivots (col 4932/9926, rows 9926)
[ 19282.0s]   [c49] level 2: 1214 pivots (col 4938/9926, rows 9926)
[ 19284.1s]   [c49] level 2: 1220 pivots (col 5256/9926, rows 9926)
[ 19286.3s]   [c49] level 2: 1226 pivots (col 5265/9926, rows 9926)
[ 19288.5s]   [c49] level 2: 1232 pivots (col 5272/9926, rows 9926)
[ 19290.7s]   [c49] level 2: 1238 pivots (col 5279/9926, rows 9926)
[ 19292.9s]   [c49] level 2: 1244 pivots (col 5313/9926, rows 9926)
[ 19295.0s]   [c49] level 2: 1250 pivots (col 5322/9926, rows 9926)
[ 19297.2s]   [c49] level 2: 1256 pivots (col 5329/9926, rows 9926)
[ 19299.4s]   [c49] level 2: 1262 pivots (col 5336/9926, rows 9926)
[ 19301.5s]   [c49] level 2: 1268 pivots (col 5372/9926, rows 9926)
[ 19303.7s]   [c49] level 2: 1274 pivots (col 5380/9926, rows 9926)
[ 19305.8s]   [c49] level 2: 1280 pivots (col 5388/9926, rows 9926)
[ 19308.0s]   [c49] level 2: 1286 pivots (col 5397/9926, rows 9926)
[ 19310.1s]   [c49] level 2: 1292 pivots (col 5441/9926, rows 9926)
[ 19312.3s]   [c49] level 2: 1298 pivots (col 5449/9926, rows 9926)
[ 19314.4s]   [c49] level 2: 1304 pivots (col 5459/9926, rows 9926)
[ 19316.6s]   [c49] level 2: 1310 pivots (col 5484/9926, rows 9926)
[ 19318.7s]   [c49] level 2: 1316 pivots (col 5525/9926, rows 9926)
[ 19320.8s]   [c49] level 2: 1322 pivots (col 5533/9926, rows 9926)
[ 19323.0s]   [c49] level 2: 1328 pivots (col 5547/9926, rows 9926)
[ 19325.1s]   [c49] level 2: 1334 pivots (col 5604/9926, rows 9926)
[ 19327.2s]   [c49] level 2: 1340 pivots (col 5925/9926, rows 9926)
[ 19329.4s]   [c49] level 2: 1346 pivots (col 5934/9926, rows 9926)
[ 19331.5s]   [c49] level 2: 1352 pivots (col 5941/9926, rows 9926)
[ 19333.6s]   [c49] level 2: 1358 pivots (col 5948/9926, rows 9926)
[ 19335.7s]   [c49] level 2: 1364 pivots (col 5963/9926, rows 9926)
[ 19337.9s]   [c49] level 2: 1370 pivots (col 5988/9926, rows 9926)
[ 19340.0s]   [c49] level 2: 1376 pivots (col 5996/9926, rows 9926)
[ 19342.1s]   [c49] level 2: 1382 pivots (col 6004/9926, rows 9926)
[ 19344.2s]   [c49] level 2: 1388 pivots (col 6037/9926, rows 9926)
[ 19346.3s]   [c49] level 2: 1394 pivots (col 6045/9926, rows 9926)
[ 19348.4s]   [c49] level 2: 1400 pivots (col 6053/9926, rows 9926)
[ 19350.5s]   [c49] level 2: 1406 pivots (col 6079/9926, rows 9926)
[ 19352.6s]   [c49] level 2: 1412 pivots (col 6109/9926, rows 9926)
[ 19354.7s]   [c49] level 2: 1418 pivots (col 6116/9926, rows 9926)
[ 19356.8s]   [c49] level 2: 1424 pivots (col 6123/9926, rows 9926)
[ 19358.9s]   [c49] level 2: 1430 pivots (col 6131/9926, rows 9926)
[ 19360.9s]   [c49] level 2: 1436 pivots (col 6185/9926, rows 9926)
[ 19363.0s]   [c49] level 2: 1442 pivots (col 6191/9926, rows 9926)
[ 19365.1s]   [c49] level 2: 1448 pivots (col 6198/9926, rows 9926)
[ 19367.2s]   [c49] level 2: 1454 pivots (col 6229/9926, rows 9926)
[ 19369.2s]   [c49] level 2: 1460 pivots (col 6274/9926, rows 9926)
[ 19371.3s]   [c49] level 2: 1466 pivots (col 6596/9926, rows 9926)
[ 19373.4s]   [c49] level 2: 1472 pivots (col 6603/9926, rows 9926)
[ 19375.4s]   [c49] level 2: 1478 pivots (col 6610/9926, rows 9926)
[ 19377.5s]   [c49] level 2: 1484 pivots (col 6618/9926, rows 9926)
[ 19379.6s]   [c49] level 2: 1490 pivots (col 6653/9926, rows 9926)
[ 19381.6s]   [c49] level 2: 1496 pivots (col 6661/9926, rows 9926)
[ 19383.7s]   [c49] level 2: 1502 pivots (col 6669/9926, rows 9926)
[ 19385.7s]   [c49] level 2: 1508 pivots (col 6706/9926, rows 9926)
[ 19387.8s]   [c49] level 2: 1514 pivots (col 6714/9926, rows 9926)
[ 19389.8s]   [c49] level 2: 1520 pivots (col 6736/9926, rows 9926)
[ 19391.9s]   [c49] level 2: 1526 pivots (col 6775/9926, rows 9926)
[ 19393.9s]   [c49] level 2: 1532 pivots (col 6782/9926, rows 9926)
[ 19396.0s]   [c49] level 2: 1538 pivots (col 6790/9926, rows 9926)
[ 19398.0s]   [c49] level 2: 1544 pivots (col 6807/9926, rows 9926)
[ 19400.0s]   [c49] level 2: 1550 pivots (col 6855/9926, rows 9926)
[ 19402.1s]   [c49] level 2: 1556 pivots (col 6862/9926, rows 9926)
[ 19404.1s]   [c49] level 2: 1562 pivots (col 6879/9926, rows 9926)
[ 19406.1s]   [c49] level 2: 1568 pivots (col 7257/9926, rows 9926)
[ 19408.1s]   [c49] level 2: 1574 pivots (col 7266/9926, rows 9926)
[ 19410.1s]   [c49] level 2: 1580 pivots (col 7273/9926, rows 9926)
[ 19412.2s]   [c49] level 2: 1586 pivots (col 7280/9926, rows 9926)
[ 19414.2s]   [c49] level 2: 1592 pivots (col 7316/9926, rows 9926)
[ 19416.2s]   [c49] level 2: 1598 pivots (col 7325/9926, rows 9926)
[ 19418.2s]   [c49] level 2: 1604 pivots (col 7333/9926, rows 9926)
[ 19420.2s]   [c49] level 2: 1610 pivots (col 7379/9926, rows 9926)
[ 19422.2s]   [c49] level 2: 1616 pivots (col 7389/9926, rows 9926)
[ 19424.5s]   [c49] level 2: 1623 pivots (col 7442/9926, rows 9926)
[ 19426.8s]   [c49] level 2: 1630 pivots (col 7451/9926, rows 9926)
[ 19429.2s]   [c49] level 2: 1637 pivots (col 7462/9926, rows 9926)
[ 19431.5s]   [c49] level 2: 1644 pivots (col 7524/9926, rows 9926)
[ 19433.8s]   [c49] level 2: 1651 pivots (col 7534/9926, rows 9926)
[ 19436.1s]   [c49] level 2: 1658 pivots (col 7930/9926, rows 9926)
[ 19438.4s]   [c49] level 2: 1665 pivots (col 7938/9926, rows 9926)
[ 19440.7s]   [c49] level 2: 1672 pivots (col 7948/9926, rows 9926)
[ 19443.0s]   [c49] level 2: 1679 pivots (col 7982/9926, rows 9926)
[ 19445.3s]   [c49] level 2: 1686 pivots (col 7996/9926, rows 9926)
[ 19447.6s]   [c49] level 2: 1693 pivots (col 8043/9926, rows 9926)
[ 19449.9s]   [c49] level 2: 1700 pivots (col 8052/9926, rows 9926)
[ 19452.2s]   [c49] level 2: 1707 pivots (col 8107/9926, rows 9926)
[ 19454.5s]   [c49] level 2: 1714 pivots (col 8115/9926, rows 9926)
[ 19456.7s]   [c49] level 2: 1721 pivots (col 8123/9926, rows 9926)
[ 19459.0s]   [c49] level 2: 1728 pivots (col 8132/9926, rows 9926)
[ 19461.3s]   [c49] level 2: 1735 pivots (col 8194/9926, rows 9926)
[ 19463.6s]   [c49] level 2: 1742 pivots (col 8593/9926, rows 9926)
[ 19465.8s]   [c49] level 2: 1749 pivots (col 8603/9926, rows 9926)
[ 19468.1s]   [c49] level 2: 1756 pivots (col 8612/9926, rows 9926)
[ 19470.3s]   [c49] level 2: 1763 pivots (col 8653/9926, rows 9926)
[ 19472.6s]   [c49] level 2: 1770 pivots (col 8678/9926, rows 9926)
[ 19474.8s]   [c49] level 2: 1777 pivots (col 8713/9926, rows 9926)
[ 19477.1s]   [c49] level 2: 1784 pivots (col 8773/9926, rows 9926)
[ 19479.3s]   [c49] level 2: 1791 pivots (col 8781/9926, rows 9926)
[ 19481.5s]   [c49] level 2: 1798 pivots (col 8790/9926, rows 9926)
[ 19483.8s]   [c49] level 2: 1805 pivots (col 8817/9926, rows 9926)
[ 19486.0s]   [c49] level 2: 1812 pivots (col 9258/9926, rows 9926)
[ 19488.2s]   [c49] level 2: 1819 pivots (col 9268/9926, rows 9926)
[ 19490.4s]   [c49] level 2: 1826 pivots (col 9277/9926, rows 9926)
[ 19492.7s]   [c49] level 2: 1833 pivots (col 9323/9926, rows 9926)
[ 19494.9s]   [c49] level 2: 1840 pivots (col 9380/9926, rows 9926)
[ 19497.1s]   [c49] level 2: 1847 pivots (col 9406/9926, rows 9926)
[ 19499.3s]   [c49] level 2: 1854 pivots (col 9450/9926, rows 9926)
[ 19501.5s]   [c49] level 2: 1861 pivots (col 9461/9926, rows 9926)
[ 19503.1s]   [c49] level 2 done: 1866 divisors; residual 8060x8060
[ 19505.4s]   [c49] level 3: 8 pivots (col 37/8060, rows 8060)
[ 19507.5s]   [c49] level 3: 15 pivots (col 94/8060, rows 8060)
[ 19509.6s]   [c49] level 3: 22 pivots (col 138/8060, rows 8060)
[ 19511.7s]   [c49] level 3: 29 pivots (col 187/8060, rows 8060)
[ 19513.8s]   [c49] level 3: 36 pivots (col 255/8060, rows 8060)
[ 19515.9s]   [c49] level 3: 43 pivots (col 325/8060, rows 8060)
[ 19518.0s]   [c49] level 3: 50 pivots (col 513/8060, rows 8060)
[ 19520.1s]   [c49] level 3: 57 pivots (col 579/8060, rows 8060)
[ 19522.1s]   [c49] level 3: 64 pivots (col 626/8060, rows 8060)
[ 19524.2s]   [c49] level 3: 71 pivots (col 732/8060, rows 8060)
[ 19526.3s]   [c49] level 3: 78 pivots (col 754/8060, rows 8060)
[ 19528.4s]   [c49] level 3: 85 pivots (col 824/8060, rows 8060)
[ 19530.5s]   [c49] level 3: 92 pivots (col 1083/8060, rows 8060)
[ 19532.6s]   [c49] level 3: 99 pivots (col 1180/8060, rows 8060)
[ 19534.6s]   [c49] level 3: 106 pivots (col 1251/8060, rows 8060)
[ 19536.7s]   [c49] level 3: 113 pivots (col 1316/8060, rows 8060)
[ 19538.8s]   [c49] level 3: 120 pivots (col 1481/8060, rows 8060)
[ 19540.8s]   [c49] level 3: 127 pivots (col 1538/8060, rows 8060)
[ 19542.9s]   [c49] level 3: 134 pivots (col 1577/8060, rows 8060)
[ 19545.0s]   [c49] level 3: 141 pivots (col 1670/8060, rows 8060)
[ 19547.0s]   [c49] level 3: 148 pivots (col 1742/8060, rows 8060)
[ 19549.1s]   [c49] level 3: 155 pivots (col 2005/8060, rows 8060)
[ 19551.1s]   [c49] level 3: 162 pivots (col 2076/8060, rows 8060)
[ 19553.2s]   [c49] level 3: 169 pivots (col 2174/8060, rows 8060)
[ 19555.2s]   [c49] level 3: 176 pivots (col 2247/8060, rows 8060)
[ 19557.3s]   [c49] level 3: 183 pivots (col 2582/8060, rows 8060)
[ 19559.3s]   [c49] level 3: 190 pivots (col 2646/8060, rows 8060)
[ 19561.4s]   [c49] level 3: 197 pivots (col 2756/8060, rows 8060)
[ 19563.4s]   [c49] level 3: 204 pivots (col 3002/8060, rows 8060)
[ 19565.5s]   [c49] level 3: 211 pivots (col 3061/8060, rows 8060)
[ 19567.5s]   [c49] level 3: 218 pivots (col 3144/8060, rows 8060)
[ 19569.5s]   [c49] level 3: 225 pivots (col 3206/8060, rows 8060)
[ 19571.6s]   [c49] level 3: 232 pivots (col 3575/8060, rows 8060)
[ 19573.6s]   [c49] level 3: 239 pivots (col 3625/8060, rows 8060)
[ 19575.6s]   [c49] level 3: 246 pivots (col 3676/8060, rows 8060)
[ 19577.6s]   [c49] level 3: 253 pivots (col 3796/8060, rows 8060)
[ 19579.7s]   [c49] level 3: 260 pivots (col 4116/8060, rows 8060)
[ 19581.7s]   [c49] level 3: 267 pivots (col 4167/8060, rows 8060)
[ 19583.7s]   [c49] level 3: 274 pivots (col 4281/8060, rows 8060)
[ 19585.7s]   [c49] level 3: 281 pivots (col 4621/8060, rows 8060)
[ 19587.7s]   [c49] level 3: 288 pivots (col 4681/8060, rows 8060)
[ 19589.7s]   [c49] level 3: 295 pivots (col 4809/8060, rows 8060)
[ 19591.8s]   [c49] level 3: 302 pivots (col 5168/8060, rows 8060)
[ 19593.8s]   [c49] level 3: 309 pivots (col 5224/8060, rows 8060)
[ 19596.0s]   [c49] level 3: 317 pivots (col 5318/8060, rows 8060)
[ 19598.3s]   [c49] level 3: 325 pivots (col 5735/8060, rows 8060)
[ 19600.6s]   [c49] level 3: 333 pivots (col 5822/8060, rows 8060)
[ 19602.9s]   [c49] level 3: 341 pivots (col 5888/8060, rows 8060)
[ 19605.1s]   [c49] level 3: 349 pivots (col 6306/8060, rows 8060)
[ 19607.4s]   [c49] level 3: 357 pivots (col 6354/8060, rows 8060)
[ 19609.7s]   [c49] level 3: 365 pivots (col 6460/8060, rows 8060)
[ 19611.9s]   [c49] level 3: 373 pivots (col 6888/8060, rows 8060)
[ 19614.2s]   [c49] level 3: 381 pivots (col 6938/8060, rows 8060)
[ 19616.4s]   [c49] level 3: 389 pivots (col 7047/8060, rows 8060)
[ 19618.7s]   [c49] level 3: 397 pivots (col 7491/8060, rows 8060)
[ 19620.9s]   [c49] level 3: 405 pivots (col 7552/8060, rows 8060)
[ 19622.6s]   [c49] level 3 done: 411 divisors; residual 7649x7649
[ 19624.7s]   [c49] level 4: 8 pivots (col 30/7649, rows 7649)
[ 19626.8s]   [c49] level 4: 16 pivots (col 39/7649, rows 7649)
[ 19629.0s]   [c49] level 4: 24 pivots (col 64/7649, rows 7649)
[ 19631.2s]   [c49] level 4: 32 pivots (col 87/7649, rows 7649)
[ 19633.3s]   [c49] level 4: 40 pivots (col 97/7649, rows 7649)
[ 19635.5s]   [c49] level 4: 48 pivots (col 118/7649, rows 7649)
[ 19637.6s]   [c49] level 4: 56 pivots (col 128/7649, rows 7649)
[ 19639.8s]   [c49] level 4: 64 pivots (col 137/7649, rows 7649)
[ 19641.9s]   [c49] level 4: 72 pivots (col 162/7649, rows 7649)
[ 19644.0s]   [c49] level 4: 80 pivots (col 171/7649, rows 7649)
[ 19646.2s]   [c49] level 4: 88 pivots (col 180/7649, rows 7649)
[ 19648.3s]   [c49] level 4: 96 pivots (col 213/7649, rows 7649)
[ 19650.4s]   [c49] level 4: 104 pivots (col 223/7649, rows 7649)
[ 19652.6s]   [c49] level 4: 112 pivots (col 235/7649, rows 7649)
[ 19654.7s]   [c49] level 4: 120 pivots (col 278/7649, rows 7649)
[ 19656.8s]   [c49] level 4: 128 pivots (col 289/7649, rows 7649)
[ 19658.9s]   [c49] level 4: 136 pivots (col 299/7649, rows 7649)
[ 19661.0s]   [c49] level 4: 144 pivots (col 309/7649, rows 7649)
[ 19663.1s]   [c49] level 4: 152 pivots (col 465/7649, rows 7649)
[ 19665.2s]   [c49] level 4: 160 pivots (col 498/7649, rows 7649)
[ 19667.3s]   [c49] level 4: 168 pivots (col 530/7649, rows 7649)
[ 19669.4s]   [c49] level 4: 176 pivots (col 559/7649, rows 7649)
[ 19671.5s]   [c49] level 4: 184 pivots (col 570/7649, rows 7649)
[ 19673.6s]   [c49] level 4: 192 pivots (col 580/7649, rows 7649)
[ 19675.7s]   [c49] level 4: 200 pivots (col 612/7649, rows 7649)
[ 19677.7s]   [c49] level 4: 208 pivots (col 621/7649, rows 7649)
[ 19679.8s]   [c49] level 4: 216 pivots (col 630/7649, rows 7649)
[ 19681.9s]   [c49] level 4: 224 pivots (col 667/7649, rows 7649)
[ 19683.9s]   [c49] level 4: 232 pivots (col 679/7649, rows 7649)
[ 19686.0s]   [c49] level 4: 240 pivots (col 689/7649, rows 7649)
[ 19688.1s]   [c49] level 4: 248 pivots (col 735/7649, rows 7649)
[ 19690.1s]   [c49] level 4: 256 pivots (col 747/7649, rows 7649)
[ 19692.2s]   [c49] level 4: 264 pivots (col 757/7649, rows 7649)
[ 19694.2s]   [c49] level 4: 272 pivots (col 986/7649, rows 7649)
[ 19696.3s]   [c49] level 4: 280 pivots (col 996/7649, rows 7649)
[ 19698.3s]   [c49] level 4: 288 pivots (col 1035/7649, rows 7649)
[ 19700.4s]   [c49] level 4: 296 pivots (col 1045/7649, rows 7649)
[ 19702.4s]   [c49] level 4: 304 pivots (col 1083/7649, rows 7649)
[ 19704.4s]   [c49] level 4: 312 pivots (col 1093/7649, rows 7649)
[ 19706.4s]   [c49] level 4: 320 pivots (col 1103/7649, rows 7649)
[ 19708.4s]   [c49] level 4: 328 pivots (col 1143/7649, rows 7649)
[ 19710.5s]   [c49] level 4: 336 pivots (col 1155/7649, rows 7649)
[ 19712.5s]   [c49] level 4: 344 pivots (col 1168/7649, rows 7649)
[ 19714.5s]   [c49] level 4: 352 pivots (col 1215/7649, rows 7649)
[ 19716.7s]   [c49] level 4: 361 pivots (col 1226/7649, rows 7649)
[ 19719.0s]   [c49] level 4: 370 pivots (col 1364/7649, rows 7649)
[ 19721.2s]   [c49] level 4: 379 pivots (col 1390/7649, rows 7649)
[ 19723.5s]   [c49] level 4: 388 pivots (col 1416/7649, rows 7649)
[ 19725.7s]   [c49] level 4: 397 pivots (col 1426/7649, rows 7649)
[ 19727.9s]   [c49] level 4: 406 pivots (col 1450/7649, rows 7649)
[ 19730.1s]   [c49] level 4: 415 pivots (col 1460/7649, rows 7649)
[ 19732.4s]   [c49] level 4: 424 pivots (col 1485/7649, rows 7649)
[ 19734.6s]   [c49] level 4: 433 pivots (col 1496/7649, rows 7649)
[ 19736.8s]   [c49] level 4: 442 pivots (col 1532/7649, rows 7649)
[ 19739.0s]   [c49] level 4: 451 pivots (col 1543/7649, rows 7649)
[ 19741.2s]   [c49] level 4: 460 pivots (col 1584/7649, rows 7649)
[ 19743.4s]   [c49] level 4: 469 pivots (col 1595/7649, rows 7649)
[ 19745.5s]   [c49] level 4: 478 pivots (col 1606/7649, rows 7649)
[ 19747.7s]   [c49] level 4: 487 pivots (col 1636/7649, rows 7649)
[ 19749.9s]   [c49] level 4: 496 pivots (col 1878/7649, rows 7649)
[ 19752.1s]   [c49] level 4: 505 pivots (col 1911/7649, rows 7649)
[ 19754.2s]   [c49] level 4: 514 pivots (col 1922/7649, rows 7649)
[ 19756.4s]   [c49] level 4: 523 pivots (col 1954/7649, rows 7649)
[ 19758.5s]   [c49] level 4: 532 pivots (col 1965/7649, rows 7649)
[ 19760.7s]   [c49] level 4: 541 pivots (col 1977/7649, rows 7649)
[ 19762.8s]   [c49] level 4: 550 pivots (col 2014/7649, rows 7649)
[ 19765.0s]   [c49] level 4: 559 pivots (col 2024/7649, rows 7649)
[ 19767.1s]   [c49] level 4: 568 pivots (col 2068/7649, rows 7649)
[ 19769.2s]   [c49] level 4: 577 pivots (col 2081/7649, rows 7649)
[ 19771.3s]   [c49] level 4: 586 pivots (col 2092/7649, rows 7649)
[ 19773.5s]   [c49] level 4: 595 pivots (col 2402/7649, rows 7649)
[ 19775.6s]   [c49] level 4: 604 pivots (col 2413/7649, rows 7649)
[ 19777.7s]   [c49] level 4: 613 pivots (col 2453/7649, rows 7649)
[ 19779.8s]   [c49] level 4: 622 pivots (col 2464/7649, rows 7649)
[ 19781.9s]   [c49] level 4: 631 pivots (col 2504/7649, rows 7649)
[ 19784.0s]   [c49] level 4: 640 pivots (col 2514/7649, rows 7649)
[ 19786.1s]   [c49] level 4: 649 pivots (col 2560/7649, rows 7649)
[ 19788.2s]   [c49] level 4: 658 pivots (col 2573/7649, rows 7649)
[ 19790.2s]   [c49] level 4: 667 pivots (col 2586/7649, rows 7649)
[ 19792.3s]   [c49] level 4: 676 pivots (col 2801/7649, rows 7649)
[ 19794.4s]   [c49] level 4: 685 pivots (col 2827/7649, rows 7649)
[ 19796.4s]   [c49] level 4: 694 pivots (col 2851/7649, rows 7649)
[ 19798.5s]   [c49] level 4: 703 pivots (col 2862/7649, rows 7649)
[ 19800.5s]   [c49] level 4: 712 pivots (col 2886/7649, rows 7649)
[ 19802.6s]   [c49] level 4: 721 pivots (col 2897/7649, rows 7649)
[ 19804.6s]   [c49] level 4: 730 pivots (col 2933/7649, rows 7649)
[ 19806.7s]   [c49] level 4: 739 pivots (col 2943/7649, rows 7649)
[ 19808.7s]   [c49] level 4: 748 pivots (col 2986/7649, rows 7649)
[ 19810.7s]   [c49] level 4: 757 pivots (col 2998/7649, rows 7649)
[ 19812.7s]   [c49] level 4: 766 pivots (col 3288/7649, rows 7649)
[ 19814.7s]   [c49] level 4: 775 pivots (col 3346/7649, rows 7649)
[ 19816.7s]   [c49] level 4: 784 pivots (col 3356/7649, rows 7649)
[ 19819.0s]   [c49] level 4: 794 pivots (col 3389/7649, rows 7649)
[ 19821.2s]   [c49] level 4: 804 pivots (col 3401/7649, rows 7649)
[ 19823.4s]   [c49] level 4: 814 pivots (col 3435/7649, rows 7649)
[ 19825.6s]   [c49] level 4: 824 pivots (col 3448/7649, rows 7649)
[ 19827.8s]   [c49] level 4: 834 pivots (col 3489/7649, rows 7649)
[ 19830.0s]   [c49] level 4: 844 pivots (col 3503/7649, rows 7649)
[ 19832.1s]   [c49] level 4: 854 pivots (col 3822/7649, rows 7649)
[ 19834.3s]   [c49] level 4: 864 pivots (col 3896/7649, rows 7649)
[ 19836.5s]   [c49] level 4: 874 pivots (col 3908/7649, rows 7649)
[ 19838.6s]   [c49] level 4: 884 pivots (col 3948/7649, rows 7649)
[ 19840.8s]   [c49] level 4: 894 pivots (col 3960/7649, rows 7649)
[ 19842.9s]   [c49] level 4: 904 pivots (col 4004/7649, rows 7649)
[ 19845.1s]   [c49] level 4: 914 pivots (col 4018/7649, rows 7649)
[ 19847.2s]   [c49] level 4: 924 pivots (col 4317/7649, rows 7649)
[ 19849.4s]   [c49] level 4: 934 pivots (col 4344/7649, rows 7649)
[ 19851.5s]   [c49] level 4: 944 pivots (col 4369/7649, rows 7649)
[ 19853.6s]   [c49] level 4: 954 pivots (col 4381/7649, rows 7649)
[ 19855.7s]   [c49] level 4: 964 pivots (col 4394/7649, rows 7649)
[ 19857.8s]   [c49] level 4: 974 pivots (col 4420/7649, rows 7649)
[ 19859.9s]   [c49] level 4: 984 pivots (col 4431/7649, rows 7649)
[ 19862.0s]   [c49] level 4: 994 pivots (col 4468/7649, rows 7649)
[ 19864.1s]   [c49] level 4: 1004 pivots (col 4479/7649, rows 7649)
[ 19866.2s]   [c49] level 4: 1014 pivots (col 4522/7649, rows 7649)
[ 19868.3s]   [c49] level 4: 1024 pivots (col 4870/7649, rows 7649)
[ 19870.3s]   [c49] level 4: 1034 pivots (col 4903/7649, rows 7649)
[ 19872.4s]   [c49] level 4: 1044 pivots (col 4914/7649, rows 7649)
[ 19874.5s]   [c49] level 4: 1054 pivots (col 4948/7649, rows 7649)
[ 19876.5s]   [c49] level 4: 1064 pivots (col 4960/7649, rows 7649)
[ 19878.6s]   [c49] level 4: 1074 pivots (col 4998/7649, rows 7649)
[ 19880.6s]   [c49] level 4: 1084 pivots (col 5010/7649, rows 7649)
[ 19882.6s]   [c49] level 4: 1094 pivots (col 5054/7649, rows 7649)
[ 19884.6s]   [c49] level 4: 1104 pivots (col 5450/7649, rows 7649)
[ 19886.7s]   [c49] level 4: 1114 pivots (col 5490/7649, rows 7649)
[ 19888.7s]   [c49] level 4: 1124 pivots (col 5503/7649, rows 7649)
[ 19890.8s]   [c49] level 4: 1135 pivots (col 5545/7649, rows 7649)
[ 19893.0s]   [c49] level 4: 1146 pivots (col 5562/7649, rows 7649)
[ 19895.2s]   [c49] level 4: 1157 pivots (col 5935/7649, rows 7649)
[ 19897.4s]   [c49] level 4: 1168 pivots (col 5961/7649, rows 7649)
[ 19899.6s]   [c49] level 4: 1179 pivots (col 5974/7649, rows 7649)
[ 19901.7s]   [c49] level 4: 1190 pivots (col 6003/7649, rows 7649)
[ 19903.9s]   [c49] level 4: 1201 pivots (col 6015/7649, rows 7649)
[ 19906.0s]   [c49] level 4: 1212 pivots (col 6029/7649, rows 7649)
[ 19908.1s]   [c49] level 4: 1223 pivots (col 6056/7649, rows 7649)
[ 19910.3s]   [c49] level 4: 1234 pivots (col 6092/7649, rows 7649)
[ 19912.4s]   [c49] level 4: 1245 pivots (col 6168/7649, rows 7649)
[ 19914.5s]   [c49] level 4: 1256 pivots (col 6493/7649, rows 7649)
[ 19916.6s]   [c49] level 4: 1267 pivots (col 6528/7649, rows 7649)
[ 19918.7s]   [c49] level 4: 1278 pivots (col 6563/7649, rows 7649)
[ 19920.8s]   [c49] level 4: 1289 pivots (col 6576/7649, rows 7649)
[ 19922.9s]   [c49] level 4: 1300 pivots (col 6612/7649, rows 7649)
[ 19924.9s]   [c49] level 4: 1311 pivots (col 6625/7649, rows 7649)
[ 19927.0s]   [c49] level 4: 1322 pivots (col 6662/7649, rows 7649)
[ 19929.0s]   [c49] level 4: 1333 pivots (col 7099/7649, rows 7649)
[ 19931.1s]   [c49] level 4: 1344 pivots (col 7142/7649, rows 7649)
[ 19933.1s]   [c49] level 4: 1355 pivots (col 7155/7649, rows 7649)
[ 19935.1s]   [c49] level 4: 1366 pivots (col 7197/7649, rows 7649)
[ 19937.1s]   [c49] level 4: 1377 pivots (col 7210/7649, rows 7649)
[ 19938.3s]   [c49] level 4 done: 1383 divisors; residual 6266x6266
[ 19940.3s]   [c49] level 5: 12 pivots (col 128/6266, rows 6266)
[ 19942.4s]   [c49] level 5: 24 pivots (col 390/6266, rows 6266)
[ 19944.5s]   [c49] level 5: 36 pivots (col 488/6266, rows 6266)
[ 19946.6s]   [c49] level 5: 48 pivots (col 825/6266, rows 6266)
[ 19948.6s]   [c49] level 5: 60 pivots (col 1066/6266, rows 6266)
[ 19950.7s]   [c49] level 5: 72 pivots (col 1109/6266, rows 6266)
[ 19952.8s]   [c49] level 5: 84 pivots (col 1466/6266, rows 6266)
[ 19954.9s]   [c49] level 5: 96 pivots (col 1843/6266, rows 6266)
[ 19956.9s]   [c49] level 5: 108 pivots (col 2180/6266, rows 6266)
[ 19958.9s]   [c49] level 5: 120 pivots (col 2240/6266, rows 6266)
[ 19961.0s]   [c49] level 5: 132 pivots (col 2628/6266, rows 6266)
[ 19963.0s]   [c49] level 5: 144 pivots (col 3101/6266, rows 6266)
[ 19965.0s]   [c49] level 5: 156 pivots (col 3456/6266, rows 6266)
[ 19967.0s]   [c49] level 5: 168 pivots (col 3927/6266, rows 6266)
[ 19969.0s]   [c49] level 5: 180 pivots (col 4818/6266, rows 6266)
[ 19970.9s]   [c49] level 5 done: 191 divisors; residual 6075x6075
[ 19972.9s]   [c49] level 6: 13 pivots (col 119/6075, rows 6075)
[ 19975.0s]   [c49] level 6: 26 pivots (col 418/6075, rows 6075)
[ 19977.0s]   [c49] level 6: 39 pivots (col 464/6075, rows 6075)
[ 19979.1s]   [c49] level 6: 52 pivots (col 820/6075, rows 6075)
[ 19981.2s]   [c49] level 6: 65 pivots (col 1032/6075, rows 6075)
[ 19983.2s]   [c49] level 6: 78 pivots (col 1062/6075, rows 6075)
[ 19985.2s]   [c49] level 6: 91 pivots (col 1413/6075, rows 6075)
[ 19987.3s]   [c49] level 6: 104 pivots (col 1819/6075, rows 6075)
[ 19989.3s]   [c49] level 6: 117 pivots (col 2096/6075, rows 6075)
[ 19991.4s]   [c49] level 6: 131 pivots (col 2128/6075, rows 6075)
[ 19993.5s]   [c49] level 6: 145 pivots (col 2526/6075, rows 6075)
[ 19995.6s]   [c49] level 6: 159 pivots (col 3299/6075, rows 6075)
[ 19997.7s]   [c49] level 6: 173 pivots (col 3331/6075, rows 6075)
[ 19999.8s]   [c49] level 6: 187 pivots (col 3769/6075, rows 6075)
[ 20001.9s]   [c49] level 6: 201 pivots (col 5129/6075, rows 6075)
[ 20002.0s]   [c49] level 6 done: 202 divisors; residual 5873x5873
[ 20004.1s]   [c49] level 7: 15 pivots (col 139/5873, rows 5873)
[ 20006.2s]   [c49] level 7: 30 pivots (col 428/5873, rows 5873)
[ 20008.2s]   [c49] level 7: 45 pivots (col 997/5873, rows 5873)
[ 20009.7s]   [c49] level 7 done: 56 divisors; residual 5817x5817
[ 20010.1s]   [c49] level 8 done: 3 divisors; residual 5814x5814
[ 20010.2s]   [c49] level 9 done: 0 divisors; residual 5814x5814
[ 20010.3s]   [c49] level 10 done: 0 divisors; residual 5814x5814
[ 20010.4s]   [c49] level 11 done: 0 divisors; residual 5814x5814
CONFIRM (4,9): rank 5121, profile vs acta v78 s88 -> CONFIRMED
Night complete. PMC.
